date,log_ret,price_fd_L1,price_fd_L2,price_fd_L3,price_fd_L4,price_fd_L5,ret_L2,ret_L3,ret_L4,ret_L5,retx_L2,retx_L3,retx_L4,retx_L5,ltr_L2,ltr_L3,ltr_L4,ltr_L5,corpr_L2,corpr_L3,corpr_L4,corpr_L5,tbl_L2,tbl_L3,tbl_L4,tbl_L5,Rfree_L2,Rfree_L3,Rfree_L4,Rfree_L5,d_e_L2,d_e_L3,d_e_L4,d_e_L5,tms_L2,tms_L3,tms_L4,tms_L5,dfy_L2,dfy_L3,dfy_L4,dfy_L5,dfr_L2,dfr_L3,dfr_L4,dfr_L5,infl_L2,infl_L3,infl_L4,infl_L5,ntis_L2,ntis_L3,ntis_L4,ntis_L5,svar_L2,svar_L3,svar_L4,svar_L5,i_k_L2,i_k_L3,i_k_L4,i_k_L5,lzrt_L2,lzrt_L3,lzrt_L4,lzrt_L5,wtexas_L2,wtexas_L3,wtexas_L4,wtexas_L5,ndrbl_L2,ndrbl_L3,ndrbl_L4,ndrbl_L5,skvw_L2,skvw_L3,skvw_L4,skvw_L5,tail_L2,tail_L3,tail_L4,tail_L5,dtoy_L2,dtoy_L3,dtoy_L4,dtoy_L5,dtoat_L2,dtoat_L3,dtoat_L4,dtoat_L5,ygap_L2,ygap_L3,ygap_L4,ygap_L5,rdsp_L2,rdsp_L3,rdsp_L4,rdsp_L5,avgcor_L2,avgcor_L3,avgcor_L4,avgcor_L5,ogap_r_L2,ogap_r_L3,ogap_r_L4,ogap_r_L5,tchi_r_L2,tchi_r_L3,tchi_r_L4,tchi_r_L5,d12_fd_L2,d12_fd_L3,d12_fd_L4,d12_fd_L5,e12_fd_L2,e12_fd_L3,e12_fd_L4,e12_fd_L5,AAA_fd_L2,AAA_fd_L3,AAA_fd_L4,AAA_fd_L5,BAA_fd_L2,BAA_fd_L3,BAA_fd_L4,BAA_fd_L5,lty_fd_L2,lty_fd_L3,lty_fd_L4,lty_fd_L5,d_p_fd_L2,d_p_fd_L3,d_p_fd_L4,d_p_fd_L5,d_y_fd_L2,d_y_fd_L3,d_y_fd_L4,d_y_fd_L5,e_p_fd_L2,e_p_fd_L3,e_p_fd_L4,e_p_fd_L5,b_m_fd_L2,b_m_fd_L3,b_m_fd_L4,b_m_fd_L5,cay_fd_L2,cay_fd_L3,cay_fd_L4,cay_fd_L5,pce_fd_L2,pce_fd_L3,pce_fd_L4,pce_fd_L5,govik_fd_L2,govik_fd_L3,govik_fd_L4,govik_fd_L5,mean_prevailing_ret
1976-04-01,0.0145861074283193,-48.9001780701865,-59.4579473379842,-70.2403920155163,-52.6225101368234,-58.9042546976613,0.0853944735943342,-0.109806463248152,0.154134624698095,0.228211331856629,0.074248591453008,-0.119036415143961,0.142724700379632,0.214726239707173,0.0764894577499999,-0.0250895197680001,0.0318904934719999,0.00823636017499996,0.0922471505119999,-0.0327898614999999,0.035907364352,0.0475858419560002,0.0544,0.0642,0.0534,0.0549,0.01605,0.01335,0.013725,0.017875,0.462311557788945,0.478092783505155,0.46608040201005,0.434319526627219,0.0261,0.022,0.0279,0.0275,0.0177,0.0166,0.0185,0.0181,0.015757692762,-0.00770034173199974,0.00401687088000013,0.0393494817810003,0.0164835164835164,0.0186567164179106,0.0170777988614801,0.0154142581888248,0.0237109731591389,0.027918455986417,0.0229616960534099,0.0204669501763916,0.00429806693037243,0.00589216486881795,0.00547430525281792,0.00859885341642579,0.0329162188023167,0.0327811158817944,0.0326850154676419,0.0337844991725604,-1.44934363671233,-1.46736986053591,-1.59778746300893,-1.6457915141672,-0.00889547813194969,0.00639488409272593,8.01924619085792e-4,0.00727566693613602,-0.0255561390340378,-0.0224055487898776,-0.0630600793893952,-0.0785118845372778,-0.0297283139079809,-0.0161127112805843,0.0615235380828381,0.00294969184324145,0.465576708316803,0.428938418626785,0.40332356095314,0.401879757642746,0.966659484469444,0.900284641816264,1,0.883012231009748,0.810506798516687,0.75485404583056,0.83578016544642,0.730388894171342,-2.50445059745745,-2.46122026429719,-2.55710979832791,-2.36346004755398,0.019801603394801,0.0178941938193264,0.0265940139420961,0.0380132049076883,0.2998888194561,0.313484638929367,0.247059300541878,0.269812613725662,-0.00555414478181215,-0.0153451796776113,-0.0307579686751513,-0.0393233991253015,1.55377777777778,1.10606741573034,1.81647727272727,0.95735632183908,-0.966112663417556,-0.926864510896635,-0.89585859223136,-0.894095379562833,-2.36238689900344,-2.73628664345409,-2.81487248936551,-2.51736405332833,0.00350373816106423,0.00628365353251509,0.005066163592535,0.00337776387722984,0.00637071388527799,0.0075413491655062,0.00906242306047269,0.00841225552319493,0.00123567207139493,0.00968394551127948,0.00498655183353389,0.00891174590628915,-3.0267795273537e-4,0.00504449136897568,-0.00320732071894413,-0.00159769024004579,-6.88473261006126e-5,0.00284958794031877,-0.00140791484371962,7.36657770486607e-4,-1.72895972265361e-4,0.0057937245131443,-0.0139164043890968,-0.00831523013610413,0.0118540062728944,0.107734845342627,-0.049063644087591,0.0206774639797414,-2.76218575783744e-4,-1.61984618285225e-4,0.00382417034126477,0.0102519281544106,-0.00510429713391391,-0.00371416007490463,-0.00319051827284428,-0.0103992865638143,4.47259259272138e-4,-6.1317416047213e-4,-0.0025092650030125,-4.35223123409986e-4,0.007619726009862919
1976-07-01,0.00916386710679101,-53.7078811701141,-48.9001780701865,-59.4579473379842,-70.2403920155163,-52.6225101368234,0.150046476604955,0.0853944735943342,-0.109806463248152,0.154134624698095,0.139582892653581,0.074248591453008,-0.119036415143961,0.142724700379632,0.0321090462799998,0.0764894577499999,-0.0250895197680001,0.0318904934719999,0.0421324251559998,0.0922471505119999,-0.0327898614999999,0.035907364352,0.05,0.0544,0.0642,0.0534,0.0136,0.01605,0.01335,0.013725,0.426096997690531,0.462311557788945,0.478092783505155,0.46608040201005,0.0292,0.0261,0.022,0.0279,0.016,0.0177,0.0166,0.0185,0.010023378876,0.015757692762,-0.00770034173199974,0.00401687088000013,0.00720720720720713,0.0164835164835164,0.0186567164179106,0.0170777988614801,0.0150721418217244,0.0237109731591389,0.027918455986417,0.0229616960534099,0.00446543748333885,0.00429806693037243,0.00589216486881795,0.00547430525281792,0.0333573018940969,0.0329162188023167,0.0327811158817944,0.0326850154676419,-1.6325730757511,-1.44934363671233,-1.46736986053591,-1.59778746300893,0.00150943396226411,-0.00889547813194969,0.00639488409272593,8.01924619085792e-4,0.0244671026225737,-0.0255561390340378,-0.0224055487898776,-0.0630600793893952,0.0424111932516098,-0.0297283139079809,-0.0161127112805843,0.0615235380828381,0.418398976325989,0.465576708316803,0.428938418626785,0.40332356095314,0.990329069272005,0.966659484469444,0.900284641816264,1,0.950318531900732,0.810506798516687,0.75485404583056,0.83578016544642,-2.54823666998065,-2.50445059745745,-2.46122026429719,-2.55710979832791,0.027131945421444,0.019801603394801,0.0178941938193264,0.0265940139420961,0.264633923768997,0.2998888194561,0.313484638929367,0.247059300541878,0.00948397763693484,-0.00555414478181215,-0.0153451796776113,-0.0307579686751513,1.9367032967033,1.55377777777778,1.10606741573034,1.81647727272727,-0.944770742195945,-0.966112663417556,-0.926864510896635,-0.89585859223136,-1.69926863002411,-2.36238689900344,-2.73628664345409,-2.81487248936551,0.00115773669200374,0.00350373816106423,0.00628365353251509,0.005066163592535,0.0017181898623387,0.00637071388527799,0.0075413491655062,0.00906242306047269,0.00192189415496472,0.00123567207139493,0.00968394551127948,0.00498655183353389,-0.00384975318971978,-3.0267795273537e-4,0.00504449136897568,-0.00320732071894413,-0.00231277816847395,-6.88473261006126e-5,0.00284958794031877,-0.00140791484371962,-0.00193605322726863,-1.72895972265361e-4,0.0057937245131443,-0.0139164043890968,-0.0541537679291581,0.0118540062728944,0.107734845342627,-0.049063644087591,-0.00323807928783461,-2.76218575783744e-4,-1.61984618285225e-4,0.00382417034126477,-0.00137819547551033,-0.00510429713391391,-0.00371416007490463,-0.00319051827284428,5.9501590449995e-4,4.47259259272138e-4,-6.1317416047213e-4,-0.0025092650030125,0.00797076958087433
1976-10-01,0.0208752291285835,-54.825923712521,-53.7078811701141,-48.9001780701865,-59.4579473379842,-70.2403920155163,0.025535206097655,0.150046476604955,0.0853944735943342,-0.109806463248152,0.0155160260778895,0.139582892653581,0.074248591453008,-0.119036415143961,0.0064797684479998,0.0321090462799998,0.0764894577499999,-0.0250895197680001,0.00303868175000011,0.0421324251559998,0.0922471505119999,-0.0327898614999999,0.0541,0.05,0.0544,0.0642,0.0125,0.0136,0.01605,0.01335,0.406486486486486,0.426096997690531,0.462311557788945,0.478092783505155,0.0266,0.0292,0.0261,0.022,0.0127,0.016,0.0177,0.0166,-0.0034410866979997,0.010023378876,0.015757692762,-0.00770034173199974,0.0161001788908766,0.00720720720720713,0.0164835164835164,0.0186567164179106,0.0189250415492956,0.0150721418217244,0.0237109731591389,0.027918455986417,0.00291518405570986,0.00446543748333885,0.00429806693037243,0.00589216486881795,0.033520330767994,0.0333573018940969,0.0329162188023167,0.0327811158817944,-1.49750716218365,-1.6325730757511,-1.44934363671233,-1.46736986053591,0.0113464447806353,0.00150943396226411,-0.00889547813194969,0.00639488409272593,0.00942975167156649,0.0244671026225737,-0.0255561390340378,-0.0224055487898776,0.0792243108153343,0.0424111932516098,-0.0297283139079809,-0.0161127112805843,0.454036325216293,0.418398976325989,0.465576708316803,0.428938418626785,0.991849815038278,0.990329069272005,0.966659484469444,0.900284641816264,0.953484834078159,0.950318531900732,0.810506798516687,0.75485404583056,-2.49811994146196,-2.54823666998065,-2.50445059745745,-2.46122026429719,0.0261100530185017,0.027131945421444,0.019801603394801,0.0178941938193264,0.257171809673309,0.264633923768997,0.2998888194561,0.313484638929367,0.00935168723370377,0.00948397763693484,-0.00555414478181215,-0.0153451796776113,1.69565217391304,1.9367032967033,1.55377777777778,1.10606741573034,-0.876961457902058,-0.944770742195945,-0.966112663417556,-0.926864510896635,-1.44631914109221,-1.69926863002411,-2.36238689900344,-2.73628664345409,0.0034086836856829,0.00115773669200374,0.00350373816106423,0.00628365353251509,0.00128315141338703,0.0017181898623387,0.00637071388527799,0.0075413491655062,0.00427017036435908,0.00192189415496472,0.00123567207139493,0.00968394551127948,-0.00101020676309134,-0.00384975318971978,-3.0267795273537e-4,0.00504449136897568,9.33491200840754e-5,-0.00231277816847395,-6.88473261006126e-5,0.00284958794031877,0.00511038341687969,-0.00193605322726863,-1.72895972265361e-4,0.0057937245131443,-0.00592487964212165,-0.0541537679291581,0.0118540062728944,0.107734845342627,-2.95235307525415e-4,-0.00323807928783461,-2.76218575783744e-4,-1.61984618285225e-4,0.00698509011229592,-0.00137819547551033,-0.00510429713391391,-0.00371416007490463,-0.00180749149126386,5.9501590449995e-4,4.47259259272138e-4,-6.1317416047213e-4,0.007593147154276259
1977-01-01,-0.0878746498628432,-53.7192483175942,-54.825923712521,-53.7078811701141,-48.9001780701865,-59.4579473379842,0.0186693719068127,0.025535206097655,0.150046476604955,0.0853944735943342,0.00897149191304303,0.0155160260778895,0.139582892653581,0.074248591453008,0.0439860164099999,0.0064797684479998,0.0321090462799998,0.0764894577499999,0.0556845379729998,0.00303868175000011,0.0421324251559998,0.0922471505119999,0.0508,0.0541,0.05,0.0544,0.013525,0.0125,0.0136,0.01605,0.403141361256544,0.406486486486486,0.426096997690531,0.462311557788945,0.0273,0.0266,0.0292,0.0261,0.0102,0.0127,0.016,0.0177,0.0116985215629999,-0.0034410866979997,0.010023378876,0.015757692762,0.0140845070422535,0.0161001788908766,0.00720720720720713,0.0164835164835164,0.0237835042648946,0.0189250415492956,0.0150721418217244,0.0237109731591389,0.00212236283682834,0.00291518405570986,0.00446543748333885,0.00429806693037243,0.0339638513693212,0.033520330767994,0.0333573018940969,0.0329162188023167,-1.44253618709972,-1.49750716218365,-1.6325730757511,-1.44934363671233,-0.00522778192681106,0.0113464447806353,0.00150943396226411,-0.00889547813194969,0.0143417738557845,0.00942975167156649,0.0244671026225737,-0.0255561390340378,0.0222928840667009,0.0792243108153343,0.0424111932516098,-0.0297283139079809,0.46754863858223,0.454036325216293,0.418398976325989,0.465576708316803,0.975758531321751,0.991849815038278,0.990329069272005,0.966659484469444,0.941513739659599,0.953484834078159,0.950318531900732,0.810506798516687,-2.47285982229718,-2.49811994146196,-2.54823666998065,-2.50445059745745,0.0185997192469779,0.0261100530185017,0.027131945421444,0.019801603394801,0.223340108990669,0.257171809673309,0.264633923768997,0.2998888194561,0.00755965353997164,0.00935168723370377,0.00948397763693484,-0.00555414478181215,1.64741935483871,1.69565217391304,1.9367032967033,1.55377777777778,-0.820666174138303,-0.876961457902058,-0.944770742195945,-0.966112663417556,-1.51392244612916,-1.44631914109221,-1.69926863002411,-2.36238689900344,7.1666112465342e-4,0.0034086836856829,0.00115773669200374,0.00350373816106423,-0.00221048926183305,0.00128315141338703,0.0017181898623387,0.00637071388527799,0.00107134263346032,0.00427017036435908,0.00192189415496472,0.00123567207139493,1.3464228578103e-4,-0.00101020676309134,-0.00384975318971978,-3.0267795273537e-4,2.02918801973409e-4,9.33491200840754e-5,-0.00231277816847395,-6.88473261006126e-5,0.00572276586061255,0.00511038341687969,-0.00193605322726863,-1.72895972265361e-4,0.0183046997767331,-0.00592487964212165,-0.0541537679291581,0.0118540062728944,-2.29601296111363e-4,-2.95235307525415e-4,-0.00323807928783461,-2.76218575783744e-4,0.00421752535402246,0.00698509011229592,-0.00137819547551033,-0.00510429713391391,-0.00203826837005071,-0.00180749149126386,5.9501590449995e-4,4.47259259272138e-4,0.006778702988303573
1977-04-01,0.0207146672820565,-64.1944919209956,-53.7192483175942,-54.825923712521,-53.7078811701141,-48.9001780701865,0.0314023447582326,0.0186693719068127,0.025535206097655,0.150046476604955,0.0201490714001062,0.00897149191304303,0.0155160260778895,0.139582892653581,0.0766772816520001,0.0439860164099999,0.0064797684479998,0.0321090462799998,0.0751808785099999,0.0556845379729998,0.00303868175000011,0.0421324251559998,0.0435,0.0508,0.0541,0.05,0.0127,0.013525,0.0125,0.0136,0.408678102926337,0.403141361256544,0.406486486486486,0.426096997690531,0.0286,0.0273,0.0266,0.0292,0.0114,0.0102,0.0127,0.016,-0.00149640314200017,0.0116985215629999,-0.0034410866979997,0.010023378876,0.0104166666666667,0.0140845070422535,0.0161001788908766,0.00720720720720713,0.0285673578168012,0.0237835042648946,0.0189250415492956,0.0150721418217244,0.00296414555299611,0.00212236283682834,0.00291518405570986,0.00446543748333885,0.0343128871950321,0.0339638513693212,0.033520330767994,0.0333573018940969,-1.52355227625191,-1.44253618709972,-1.49750716218365,-1.6325730757511,0.00597907324364733,-0.00522778192681106,0.0113464447806353,0.00150943396226411,0.0346528862033944,0.0143417738557845,0.00942975167156649,0.0244671026225737,0.0455980598926544,0.0222928840667009,0.0792243108153343,0.0424111932516098,0.470850586891174,0.46754863858223,0.454036325216293,0.418398976325989,0.990007784861893,0.975758531321751,0.991849815038278,0.990329069272005,0.955262907673291,0.941513739659599,0.953484834078159,0.950318531900732,-2.45001729350749,-2.47285982229718,-2.49811994146196,-2.54823666998065,0.0247144875757439,0.0185997192469779,0.0261100530185017,0.027131945421444,0.274367392063141,0.223340108990669,0.257171809673309,0.264633923768997,0.00734979917352279,0.00755965353997164,0.00935168723370377,0.00948397763693484,1.56989361702128,1.64741935483871,1.69565217391304,1.9367032967033,-0.672152236009524,-0.820666174138303,-0.876961457902058,-0.944770742195945,-1.40729369610393,-1.51392244612916,-1.44631914109221,-1.69926863002411,-0.00216783797080348,7.1666112465342e-4,0.0034086836856829,0.00115773669200374,-0.002253685144831,-0.00221048926183305,0.00128315141338703,0.0017181898623387,-0.00380197042533035,0.00107134263346032,0.00427017036435908,0.00192189415496472,0.00129195894773875,1.3464228578103e-4,-0.00101020676309134,-0.00384975318971978,0.00268758457145827,2.02918801973409e-4,9.33491200840754e-5,-0.00231277816847395,0.00601862955427269,0.00572276586061255,0.00511038341687969,-0.00193605322726863,0.00837381782329505,0.0183046997767331,-0.00592487964212165,-0.0541537679291581,0.00409600339515037,-2.29601296111363e-4,-2.95235307525415e-4,-0.00323807928783461,0.00886281826293269,0.00421752535402246,0.00698509011229592,-0.00137819547551033,-0.00217713117146651,-0.00203826837005071,-0.00180749149126386,5.9501590449995e-4,0.005786635284472986
1977-07-01,-0.0401048618593648,-57.9607837026365,-64.1944919209956,-53.7192483175942,-54.825923712521,-53.7078811701141,-0.0762109378326286,0.0314023447582326,0.0186693719068127,0.025535206097655,-0.0859152805403584,0.0201490714001062,0.00897149191304303,0.0155160260778895,-0.0348058199079999,0.0766772816520001,0.0439860164099999,0.0064797684479998,-0.02314245036,0.0751808785099999,0.0556845379729998,0.00303868175000011,0.046,0.0435,0.0508,0.0541,0.010875,0.0127,0.013525,0.0125,0.415674603174603,0.408678102926337,0.403141361256544,0.406486486486486,0.0312,0.0286,0.0273,0.0266,0.0102,0.0114,0.0102,0.0127,0.011663369548,-0.00149640314200017,0.0116985215629999,-0.0034410866979997,0.0223367697594501,0.0104166666666667,0.0140845070422535,0.0161001788908766,0.0303383534535859,0.0285673578168012,0.0237835042648946,0.0189250415492956,0.00169603830901468,0.00296414555299611,0.00212236283682834,0.00291518405570986,0.0352346233525675,0.0343128871950321,0.0339638513693212,0.033520330767994,-1.41692239552026,-1.52355227625191,-1.44253618709972,-1.49750716218365,0,0.00597907324364733,-0.00522778192681106,0.0113464447806353,0.0124979430108683,0.0346528862033944,0.0143417738557845,0.00942975167156649,-0.0250698979943991,0.0455980598926544,0.0222928840667009,0.0792243108153343,0.463416785001755,0.470850586891174,0.46754863858223,0.454036325216293,0.905734191310517,0.990007784861893,0.975758531321751,0.991849815038278,0.873946943044594,0.955262907673291,0.941513739659599,0.953484834078159,-2.35063927210719,-2.45001729350749,-2.47285982229718,-2.49811994146196,0.0233970999439054,0.0247144875757439,0.0185997192469779,0.0261100530185017,0.176772847771645,0.274367392063141,0.223340108990669,0.257171809673309,0.0106891666434825,0.00734979917352279,0.00755965353997164,0.00935168723370377,1.75336842105263,1.56989361702128,1.64741935483871,1.69565217391304,-0.644895467700679,-0.672152236009524,-0.820666174138303,-0.876961457902058,-1.5055887408953,-1.40729369610393,-1.51392244612916,-1.44631914109221,0.00125509456045226,-0.00216783797080348,7.1666112465342e-4,0.0034086836856829,-1.47761479132019e-4,-0.002253685144831,-0.00221048926183305,0.00128315141338703,0.0044955784475767,-0.00380197042533035,0.00107134263346032,0.00427017036435908,0.005743526269965,0.00129195894773875,1.3464228578103e-4,-0.00101020676309134,0.0039848311562068,0.00268758457145827,2.02918801973409e-4,9.33491200840754e-5,0.0151729327111372,0.00601862955427269,0.00572276586061255,0.00511038341687969,0.104874702572091,0.00837381782329505,0.0183046997767331,-0.00592487964212165,0.00583838874800079,0.00409600339515037,-2.29601296111363e-4,-2.95235307525415e-4,0.00926930110679721,0.00886281826293269,0.00421752535402246,0.00698509011229592,-0.00101043516292446,-0.00217713117146651,-0.00203826837005071,-0.00180749149126386,0.01011968890038796
1977-10-01,-0.0149248713091792,-61.8830576049767,-57.9607837026365,-64.1944919209956,-53.7192483175942,-54.825923712521,0.0326538094017972,-0.0762109378326286,0.0314023447582326,0.0186693719068127,0.0205744513015267,-0.0859152805403584,0.0201490714001062,0.00897149191304303,0.0364116455000001,-0.0348058199079999,0.0766772816520001,0.0439860164099999,0.038568355,-0.02314245036,0.0751808785099999,0.0556845379729998,0.0502,0.046,0.0435,0.0508,0.0115,0.010875,0.0127,0.013525,0.418426103646833,0.415674603174603,0.408678102926337,0.403141361256544,0.0252,0.0312,0.0286,0.0273,0.0096,0.0102,0.0114,0.0102,0.00215670949999991,0.011663369548,-0.00149640314200017,0.0116985215629999,0.0201680672268909,0.0223367697594501,0.0104166666666667,0.0140845070422535,0.0319410960479368,0.0303383534535859,0.0285673578168012,0.0237835042648946,0.00218301755585796,0.00169603830901468,0.00296414555299611,0.00212236283682834,0.0358417678115968,0.0352346233525675,0.0343128871950321,0.0339638513693212,-1.43124516203218,-1.41692239552026,-1.52355227625191,-1.44253618709972,0,0,0.00597907324364733,-0.00522778192681106,0.0445020012785867,0.0124979430108683,0.0346528862033944,0.0143417738557845,0.0418715327978134,-0.0250698979943991,0.0455980598926544,0.0222928840667009,0.457790344953537,0.463416785001755,0.470850586891174,0.46754863858223,0.902945436986963,0.905734191310517,0.990007784861893,0.975758531321751,0.871256061614529,0.873946943044594,0.955262907673291,0.941513739659599,-2.33650371938,-2.35063927210719,-2.45001729350749,-2.47285982229718,0.0210067927272942,0.0233970999439054,0.0247144875757439,0.0185997192469779,0.248232617974281,0.176772847771645,0.274367392063141,0.223340108990669,0.0190681806200228,0.0106891666434825,0.00734979917352279,0.00755965353997164,1.54510416666667,1.75336842105263,1.56989361702128,1.64741935483871,-0.574955257554215,-0.644895467700679,-0.672152236009524,-0.820666174138303,-1.34368982194415,-1.5055887408953,-1.40729369610393,-1.51392244612916,-2.67564746294418e-4,0.00125509456045226,-0.00216783797080348,7.1666112465342e-4,-0.00157578936947592,-1.47761479132019e-4,-0.002253685144831,-0.00221048926183305,9.54229106771425e-4,0.0044955784475767,-0.00380197042533035,0.00107134263346032,0.0040714170654735,0.005743526269965,0.00129195894773875,1.3464228578103e-4,0.00600370930293479,0.0039848311562068,0.00268758457145827,2.02918801973409e-4,0.0110172904798635,0.0151729327111372,0.00601862955427269,0.00572276586061255,0.0663734374737132,0.104874702572091,0.00837381782329505,0.0183046997767331,-0.00613040944676588,0.00583838874800079,0.00409600339515037,-2.29601296111363e-4,0.00108718792025862,0.00926930110679721,0.00886281826293269,0.00421752535402246,-5.74328370927925e-4,-0.00101043516292446,-0.00217713117146651,-0.00203826837005071,0.00899487179025559
1978-01-01,-0.0639358286256525,-60.974902523253,-61.8830576049767,-57.9607837026365,-64.1944919209956,-53.7192483175942,-0.0283750260318049,0.0326538094017972,-0.0762109378326286,0.0314023447582326,-0.0394460663069851,0.0205744513015267,-0.0859152805403584,0.0201490714001062,0.00972468194000009,0.0364116455000001,-0.0348058199079999,0.0766772816520001,0.0108643949600002,0.038568355,-0.02314245036,0.0751808785099999,0.0581,0.0502,0.046,0.0435,0.01255,0.0115,0.010875,0.0127,0.420168067226891,0.418426103646833,0.415674603174603,0.408678102926337,0.0183,0.0252,0.0312,0.0286,0.00880000000000002,0.0096,0.0102,0.0114,0.00113971302000015,0.00215670949999991,0.011663369548,-0.00149640314200017,0.0115321252059308,0.0201680672268909,0.0223367697594501,0.0104166666666667,0.0323675698741482,0.0319410960479368,0.0303383534535859,0.0285673578168012,0.00164035046489344,0.00218301755585796,0.00169603830901468,0.00296414555299611,0.0361647837160604,0.0358417678115968,0.0352346233525675,0.0343128871950321,-1.382218799322,-1.43124516203218,-1.41692239552026,-1.52355227625191,0.0520028109627548,0,0,0.00597907324364733,0.0448441961410646,0.0445020012785867,0.0124979430108683,0.0346528862033944,0.0380536876618862,0.0418715327978134,-0.0250698979943991,0.0455980598926544,0.45201849937439,0.457790344953537,0.463416785001755,0.470850586891174,0.843189170357836,0.902945436986963,0.905734191310517,0.990007784861893,0.805467338594656,0.871256061614529,0.873946943044594,0.955262907673291,-2.26950713716146,-2.33650371938,-2.35063927210719,-2.45001729350749,0.0190467499606592,0.0210067927272942,0.0233970999439054,0.0247144875757439,0.192443534731865,0.248232617974281,0.176772847771645,0.274367392063141,0.0242515955080117,0.0190681806200228,0.0106891666434825,0.00734979917352279,0.859175257731959,1.54510416666667,1.75336842105263,1.56989361702128,-0.551769454879137,-0.574955257554215,-0.644895467700679,-0.672152236009524,-1.29712632783583,-1.34368982194415,-1.5055887408953,-1.40729369610393,3.04368648622204e-4,-2.67564746294418e-4,0.00125509456045226,-0.00216783797080348,-0.0012805024321787,-0.00157578936947592,-1.47761479132019e-4,-0.002253685144831,0.00259586464871128,9.54229106771425e-4,0.0044955784475767,-0.00380197042533035,0.00626930819118619,0.0040714170654735,0.005743526269965,0.00129195894773875,0.00506970803110408,0.00600370930293479,0.0039848311562068,0.00268758457145827,0.0161379099684181,0.0110172904798635,0.0151729327111372,0.00601862955427269,0.126869478973858,0.0663734374737132,0.104874702572091,0.00837381782329505,-0.00610498558179109,-0.00613040944676588,0.00583838874800079,0.00409600339515037,0.0059331804981864,0.00108718792025862,0.00926930110679721,0.00886281826293269,-0.00126102323615544,-5.74328370927925e-4,-0.00101043516292446,-0.00217713117146651,0.006836803333402936
1978-04-01,0.0684471933562249,-65.3008294650481,-60.974902523253,-61.8830576049767,-57.9607837026365,-64.1944919209956,-0.00124273269554187,-0.0283750260318049,0.0326538094017972,-0.0762109378326286,-0.0145272250420081,-0.0394460663069851,0.0205744513015267,-0.0859152805403584,-0.0168850369679999,0.00972468194000009,0.0364116455000001,-0.0348058199079999,-0.00824708660999984,0.0108643949600002,0.038568355,-0.02314245036,0.0607,0.0581,0.0502,0.046,0.014525,0.01255,0.0115,0.010875,0.428833792470156,0.420168067226891,0.418426103646833,0.415674603174603,0.0196,0.0183,0.0252,0.0312,0.00800000000000001,0.00880000000000002,0.0096,0.0102,0.00863795035800008,0.00113971302000015,0.00215670949999991,0.011663369548,0.0114006514657981,0.0115321252059308,0.0201680672268909,0.0223367697594501,0.0304743964127623,0.0323675698741482,0.0319410960479368,0.0303383534535859,0.0027403467617127,0.00164035046489344,0.00218301755585796,0.00169603830901468,0.0368539049890768,0.0361647837160604,0.0358417678115968,0.0352346233525675,-1.45642822624901,-1.382218799322,-1.43124516203218,-1.41692239552026,0,0.0520028109627548,0,0,0.0578176096449662,0.0448441961410646,0.0445020012785867,0.0124979430108683,0.0169927142560482,0.0380536876618862,0.0418715327978134,-0.0250698979943991,0.472115010023117,0.45201849937439,0.457790344953537,0.463416785001755,0.831377844461115,0.843189170357836,0.902945436986963,0.905734191310517,0.790310925168774,0.805467338594656,0.871256061614529,0.873946943044594,-2.24117057595917,-2.26950713716146,-2.33650371938,-2.35063927210719,0.0180665837349696,0.0190467499606592,0.0210067927272942,0.0233970999439054,0.296779811382294,0.192443534731865,0.248232617974281,0.176772847771645,0.0135824156551431,0.0242515955080117,0.0190681806200228,0.0106891666434825,0.480408163265305,0.859175257731959,1.54510416666667,1.75336842105263,-0.489635592248396,-0.551769454879137,-0.574955257554215,-0.644895467700679,-1.34865029524975,-1.29712632783583,-1.34368982194415,-1.5055887408953,0.00342054192966322,3.04368648622204e-4,-2.67564746294418e-4,0.00125509456045226,0.00163729810466049,-0.0012805024321787,-0.00157578936947592,-1.47761479132019e-4,0.00611968082008518,0.00259586464871128,9.54229106771425e-4,0.0044955784475767,0.00673881183555908,0.00626930819118619,0.0040714170654735,0.005743526269965,0.00661617539370153,0.00506970803110408,0.00600370930293479,0.0039848311562068,0.0151269898567699,0.0161379099684181,0.0110172904798635,0.0151729327111372,0.104635540420859,0.126869478973858,0.0663734374737132,0.104874702572091,-0.00548967162936371,-0.00610498558179109,-0.00613040944676588,0.00583838874800079,6.32829913632709e-4,0.0059331804981864,0.00108718792025862,0.00926930110679721,-0.00142466517751931,-0.00126102323615544,-5.74328370927925e-4,-0.00101043516292446,0.0048789852552179845
1978-07-01,0.0708126320736375,-55.2666830596502,-65.3008294650481,-60.974902523253,-61.8830576049767,-57.9607837026365,-0.0510360085592784,-0.00124273269554187,-0.0283750260318049,0.0326538094017972,-0.063725921035218,-0.0145272250420081,-0.0394460663069851,0.0205744513015267,-0.00968723327999998,-0.0168850369679999,0.00972468194000009,0.0364116455000001,3.38459361999943e-4,-0.00824708660999984,0.0108643949600002,0.038568355,0.0629,0.0607,0.0581,0.0502,0.015175,0.014525,0.01255,0.0115,0.43956043956044,0.428833792470156,0.420168067226891,0.418426103646833,0.0202,0.0196,0.0183,0.0252,0.00749999999999999,0.00800000000000001,0.00880000000000002,0.0096,0.0100256926419999,0.00863795035800008,0.00113971302000015,0.00215670949999991,0.0209339774557165,0.0114006514657981,0.0115321252059308,0.0201680672268909,0.0275685450692827,0.0304743964127623,0.0323675698741482,0.0319410960479368,0.00220080168421606,0.0027403467617127,0.00164035046489344,0.00218301755585796,0.0367407620273041,0.0368539049890768,0.0361647837160604,0.0358417678115968,-1.42371318734341,-1.45642822624901,-1.382218799322,-1.43124516203218,0,0,0.0520028109627548,0,0.074677718631958,0.0578176096449662,0.0448441961410646,0.0445020012785867,0.0119043253362179,0.0169927142560482,0.0380536876618862,0.0418715327978134,0.447136253118515,0.472115010023117,0.45201849937439,0.457790344953537,0.799105258715287,0.831377844461115,0.843189170357836,0.902945436986963,0.720129314443282,0.790310925168774,0.805467338594656,0.871256061614529,-2.17772851354526,-2.24117057595917,-2.26950713716146,-2.33650371938,0.0219175221995372,0.0180665837349696,0.0190467499606592,0.0210067927272942,0.243979394435883,0.296779811382294,0.192443534731865,0.248232617974281,0.007286346391546,0.0135824156551431,0.0242515955080117,0.0190681806200228,0.605555555555556,0.480408163265305,0.859175257731959,1.54510416666667,-0.48265253368371003,-0.489635592248396,-0.551769454879137,-0.574955257554215,-1.49544087716701,-1.34865029524975,-1.29712632783583,-1.34368982194415,0.00505029704917239,0.00342054192966322,3.04368648622204e-4,-2.67564746294418e-4,0.00338803361340266,0.00163729810466049,-0.0012805024321787,-0.00157578936947592,0.00689591222911933,0.00611968082008518,0.00259586464871128,9.54229106771425e-4,0.0095506275653848,0.00673881183555908,0.00626930819118619,0.0040714170654735,0.0106586266543412,0.00661617539370153,0.00506970803110408,0.00600370930293479,0.0197333901893149,0.0151269898567699,0.0161379099684181,0.0110172904798635,0.234973267930072,0.104635540420859,0.126869478973858,0.0663734374737132,0.00196054357262199,-0.00548967162936371,-0.00610498558179109,-0.00613040944676588,-0.00174426802909841,6.32829913632709e-4,0.0059331804981864,0.00108718792025862,-0.00152767459679941,-0.00142466517751931,-0.00126102323615544,-5.74328370927925e-4,0.005333097281411767
1978-10-01,-0.0647595975203616,-50.0965312140882,-55.2666830596502,-65.3008294650481,-60.974902523253,-61.8830576049767,0.0856029849408109,-0.0510360085592784,-0.00124273269554187,-0.0283750260318049,0.0717129724850278,-0.063725921035218,-0.0145272250420081,-0.0394460663069851,-0.0124580579799999,-0.00968723327999998,-0.0168850369679999,0.00972468194000009,-0.0108052328680001,3.38459361999943e-4,-0.00824708660999984,0.0108643949600002,0.0673,0.0629,0.0607,0.0581,0.015725,0.015175,0.014525,0.01255,0.437221727515583,0.43956043956044,0.428833792470156,0.420168067226891,0.0192,0.0202,0.0196,0.0183,0.0084,0.00749999999999999,0.00800000000000001,0.00880000000000002,0.00165282511199982,0.0100256926419999,0.00863795035800008,0.00113971302000015,0.0283911671924291,0.0209339774557165,0.0114006514657981,0.0115321252059308,0.0165224881199962,0.0275685450692827,0.0304743964127623,0.0323675698741482,0.00385365030109525,0.00220080168421606,0.0027403467617127,0.00164035046489344,0.0391283044337061,0.0367407620273041,0.0368539049890768,0.0361647837160604,-1.61668506845956,-1.42371318734341,-1.45642822624901,-1.382218799322,0,0,0,0.0520028109627548,0.0630216872917492,0.074677718631958,0.0578176096449662,0.0448441961410646,0.0454387068748474,0.0119043253362179,0.0169927142560482,0.0380536876618862,0.431573390960693,0.447136253118515,0.472115010023117,0.45201849937439,0.886866214723528,0.799105258715287,0.831377844461115,0.843189170357836,0.778691642103261,0.720129314443282,0.790310925168774,0.805467338594656,-2.22206282095639,-2.17772851354526,-2.24117057595917,-2.26950713716146,0.0222355283616578,0.0219175221995372,0.0180665837349696,0.0190467499606592,0.291618853807449,0.243979394435883,0.296779811382294,0.192443534731865,0.0298518362871472,0.007286346391546,0.0135824156551431,0.0242515955080117,0.8195,0.605555555555556,0.480408163265305,0.859175257731959,-0.480448377059241,-0.48265253368371003,-0.489635592248396,-0.551769454879137,-1.27475497802249,-1.49544087716701,-1.34865029524975,-1.29712632783583,0.00631823497910411,0.00505029704917239,0.00342054192966322,3.04368648622204e-4,0.00603876115275233,0.00338803361340266,0.00163729810466049,-0.0012805024321787,0.00836745104179587,0.00689591222911933,0.00611968082008518,0.00259586464871128,0.00411655674804667,0.0095506275653848,0.00673881183555908,0.00626930819118619,0.00241299746471737,0.0106586266543412,0.00661617539370153,0.00506970803110408,0.00960060979308165,0.0197333901893149,0.0151269898567699,0.0161379099684181,0.0671075327120431,0.234973267930072,0.104635540420859,0.126869478973858,1.24672888813877e-4,0.00196054357262199,-0.00548967162936371,-0.00610498558179109,-0.0066435385760191,-0.00174426802909841,6.32829913632709e-4,0.0059331804981864,0.00184942123833254,-0.00152767459679941,-0.00142466517751931,-0.00126102323615544,0.005962703645832982
1979-01-01,0.0554517362682606,-59.9535879667038,-50.0965312140882,-55.2666830596502,-65.3008294650481,-60.974902523253,0.0868909213613696,0.0856029849408109,-0.0510360085592784,-0.00124273269554187,0.0739957557690656,0.0717129724850278,-0.063725921035218,-0.0145272250420081,0.0254257755559999,-0.0124580579799999,-0.00968723327999998,-0.0168850369679999,0.0310864840640002,-0.0108052328680001,3.38459361999943e-4,-0.00824708660999984,0.0785,0.0673,0.0629,0.0607,0.016825,0.015725,0.015175,0.014525,0.433880726015557,0.437221727515583,0.43956043956044,0.428833792470156,0.00749999999999999,0.0192,0.0202,0.0196,0.00730000000000001,0.0084,0.00749999999999999,0.00800000000000001,0.00566070850800027,0.00165282511199982,0.0100256926419999,0.00863795035800008,0.0199386503067485,0.0283911671924291,0.0209339774557165,0.0114006514657981,0.012703001749813,0.0165224881199962,0.0275685450692827,0.0304743964127623,0.00280014454460474,0.00385365030109525,0.00220080168421606,0.0027403467617127,0.039892461177829,0.0391283044337061,0.0367407620273041,0.0368539049890768,-1.67622239759119,-1.61668506845956,-1.42371318734341,-1.45642822624901,0,0,0,0,0.0804311270591166,0.0630216872917492,0.074677718631958,0.0578176096449662,0.0422121360898018,0.0454387068748474,0.0119043253362179,0.0169927142560482,0.431530743837357,0.431573390960693,0.447136253118515,0.472115010023117,0.95381937559213,0.886866214723528,0.799105258715287,0.831377844461115,0.82325758296092,0.778691642103261,0.720129314443282,0.790310925168774,-2.26267981299407,-2.22206282095639,-2.17772851354526,-2.24117057595917,0.0192040450656079,0.0222355283616578,0.0219175221995372,0.0180665837349696,0.228138819336891,0.291618853807449,0.243979394435883,0.296779811382294,0.0249100414977258,0.0298518362871472,0.007286346391546,0.0135824156551431,0.151386138613862,0.8195,0.605555555555556,0.480408163265305,-0.466245139931532,-0.480448377059241,-0.48265253368371003,-0.489635592248396,-1.13974266319292,-1.27475497802249,-1.49544087716701,-1.34865029524975,0.00371694200439891,0.00631823497910411,0.00505029704917239,0.00342054192966322,0.00209244718792146,0.00603876115275233,0.00338803361340266,0.00163729810466049,0.00554114865573314,0.00836745104179587,0.00689591222911933,0.00611968082008518,0.00188488707357062,0.00411655674804667,0.0095506275653848,0.00673881183555908,0.00172142865882584,0.00241299746471737,0.0106586266543412,0.00661617539370153,0.00546534737052502,0.00960060979308165,0.0197333901893149,0.0151269898567699,0.0288341781784616,0.0671075327120431,0.234973267930072,0.104635540420859,-0.00510551391917866,1.24672888813877e-4,0.00196054357262199,-0.00548967162936371,-0.00896630405876787,-0.0066435385760191,-0.00174426802909841,6.32829913632709e-4,0.00123902559355675,0.00184942123833254,-0.00152767459679941,-0.00142466517751931,0.0041289770696908475
1979-04-01,0.0129097147445466,-51.8511040041787,-59.9535879667038,-50.0965312140882,-55.2666830596502,-65.3008294650481,-0.0496548417714422,0.0868909213613696,0.0856029849408109,-0.0510360085592784,-0.0633013125912782,0.0739957557690656,0.0717129724850278,-0.063725921035218,-0.0144587860000001,0.0254257755559999,-0.0124580579799999,-0.00968723327999998,-0.0205766164899999,0.0310864840640002,-0.0108052328680001,3.38459361999943e-4,0.0908,0.0785,0.0673,0.0629,0.019625,0.016825,0.015725,0.015175,0.411192214111922,0.433880726015557,0.437221727515583,0.43956043956044,-0.001,0.00749999999999999,0.0192,0.0202,0.00779999999999999,0.00730000000000001,0.0084,0.00749999999999999,-0.00611783048999981,0.00566070850800027,0.00165282511199982,0.0100256926419999,0.018045112781955,0.0199386503067485,0.0283911671924291,0.0209339774557165,0.0148505522020631,0.012703001749813,0.0165224881199962,0.0275685450692827,0.00694654239933655,0.00280014454460474,0.00385365030109525,0.00220080168421606,0.0405765919898821,0.039892461177829,0.0391283044337061,0.0367407620273041,-1.61936729281111,-1.67622239759119,-1.61668506845956,-1.42371318734341,0.0195286195286195,0,0,0,0.0468946919299807,0.0804311270591166,0.0630216872917492,0.074677718631958,0.020913252606988,0.0422121360898018,0.0454387068748474,0.0119043253362179,0.435192495584488,0.431530743837357,0.431573390960693,0.447136253118515,0.88682882763787,0.95381937559213,0.886866214723528,0.799105258715287,0.765436911666825,0.82325758296092,0.778691642103261,0.720129314443282,-2.13972748681112,-2.26267981299407,-2.22206282095639,-2.17772851354526,0.0225621062478196,0.0192040450656079,0.0222355283616578,0.0219175221995372,0.399826884269714,0.228138819336891,0.291618853807449,0.243979394435883,0.0230762618062028,0.0249100414977258,0.0298518362871472,0.007286346391546,-0.780098039215686,0.151386138613862,0.8195,0.605555555555556,-0.509283249794006,-0.466245139931532,-0.480448377059241,-0.48265253368371003,-0.622423975912611,-1.13974266319292,-1.27475497802249,-1.49544087716701,0.00816665859669635,0.00371694200439891,0.00631823497910411,0.00505029704917239,0.00760973858890092,0.00209244718792146,0.00603876115275233,0.00338803361340266,0.00880650208192743,0.00554114865573314,0.00836745104179587,0.00689591222911933,0.00662274893428445,0.00188488707357062,0.00411655674804667,0.0095506275653848,0.00754470317192211,0.00172142865882584,0.00241299746471737,0.0106586266543412,0.0227719277094486,0.00546534737052502,0.00960060979308165,0.0197333901893149,0.127123947734893,0.0288341781784616,0.0671075327120431,0.234973267930072,-0.00587776144475821,-0.00510551391917866,1.24672888813877e-4,0.00196054357262199,-0.0170609632339362,-0.00896630405876787,-0.0066435385760191,-0.00174426802909841,7.00339424219186e-4,0.00123902559355675,0.00184942123833254,-0.00152767459679941,0.0041958408207491546
1979-07-01,0.060424541211867,-52.5701928779109,-51.8511040041787,-59.9535879667038,-50.0965312140882,-55.2666830596502,0.0709214154881654,-0.0496548417714422,0.0868909213613696,0.0856029849408109,0.0566379591212014,-0.0633013125912782,0.0739957557690656,0.0717129724850278,0.0183110637349999,-0.0144587860000001,0.0254257755559999,-0.0124580579799999,0.0160213434879999,-0.0205766164899999,0.0310864840640002,-0.0108052328680001,0.0948,0.0908,0.0785,0.0673,0.0227,0.019625,0.016825,0.015725,0.390977443609023,0.411192214111922,0.433880726015557,0.437221727515583,-0.00460000000000001,-0.001,0.00749999999999999,0.0192,0.00890000000000001,0.00779999999999999,0.00730000000000001,0.0084,-0.00228972024700003,-0.00611783048999981,0.00566070850800027,0.00165282511199982,0.0310192023633677,0.018045112781955,0.0199386503067485,0.0283911671924291,0.0116703077206649,0.0148505522020631,0.012703001749813,0.0165224881199962,0.00261592723352188,0.00694654239933655,0.00280014454460474,0.00385365030109525,0.0408734938077949,0.0405765919898821,0.039892461177829,0.0391283044337061,-1.53988440056628,-1.61936729281111,-1.67622239759119,-1.61668506845956,0.0454258675078865,0.0195286195286195,0,0,0.0920187556844473,0.0468946919299807,0.0804311270591166,0.0630216872917492,0.0482151843607426,0.020913252606988,0.0422121360898018,0.0454387068748474,0.423754185438156,0.435192495584488,0.431530743837357,0.431573390960693,0.949809416793355,0.88682882763787,0.95381937559213,0.886866214723528,0.819796519920129,0.765436911666825,0.82325758296092,0.778691642103261,-2.12045907798281,-2.13972748681112,-2.26267981299407,-2.22206282095639,0.0284971750301868,0.0225621062478196,0.0192040450656079,0.0222355283616578,0.254237622022629,0.399826884269714,0.228138819336891,0.291618853807449,0.0118549492993066,0.0230762618062028,0.0249100414977258,0.0298518362871472,-1.29252427184466,-0.780098039215686,0.151386138613862,0.8195,-0.441321468817326,-0.509283249794006,-0.466245139931532,-0.480448377059241,-0.118678850583376,-0.622423975912611,-1.13974266319292,-1.27475497802249,0.00767054965010917,0.00816665859669635,0.00371694200439891,0.00631823497910411,0.00813931335847766,0.00760973858890092,0.00209244718792146,0.00603876115275233,0.00691177832625321,0.00880650208192743,0.00554114865573314,0.00836745104179587,0.00321775777937093,0.00662274893428445,0.00188488707357062,0.00411655674804667,0.00564051262502868,0.00754470317192211,0.00172142865882584,0.00241299746471737,0.0177867096490089,0.0227719277094486,0.00546534737052502,0.00960060979308165,0.0810217708633191,0.127123947734893,0.0288341781784616,0.0671075327120431,-0.00395732868999959,-0.00587776144475821,-0.00510551391917866,1.24672888813877e-4,-0.00912885197763337,-0.0170609632339362,-0.00896630405876787,-0.0066435385760191,-0.00178501267598951,7.00339424219186e-4,0.00123902559355675,0.00184942123833254,0.0038487204082370227
1979-10-01,-0.0127038438693705,-47.0308581544875,-52.5701928779109,-51.8511040041787,-59.9535879667038,-50.0965312140882,0.0271063197849393,0.0709214154881654,-0.0496548417714422,0.0868909213613696,0.0127362348386795,0.0566379591212014,-0.0633013125912782,0.0739957557690656,0.0461619788480001,0.0183110637349999,-0.0144587860000001,0.0254257755559999,0.0448516907359997,0.0160213434879999,-0.0205766164899999,0.0310864840640002,0.0906,0.0948,0.0908,0.0785,0.0237,0.0227,0.019625,0.016825,0.381974248927039,0.390977443609023,0.411192214111922,0.433880726015557,-0.0029,-0.00460000000000001,-0.001,0.00749999999999999,0.0109,0.00890000000000001,0.00779999999999999,0.00730000000000001,-0.0013102881120004,-0.00228972024700003,-0.00611783048999981,0.00566070850800027,0.0358166189111748,0.0310192023633677,0.018045112781955,0.0199386503067485,0.0120693565282995,0.0116703077206649,0.0148505522020631,0.012703001749813,0.00214254320866279,0.00261592723352188,0.00694654239933655,0.00280014454460474,0.0401961322714524,0.0408734938077949,0.0405765919898821,0.039892461177829,-1.56771311727104,-1.53988440056628,-1.61936729281111,-1.67622239759119,0.219790675547098,0.0454258675078865,0.0195286195286195,0,0.0564455537634505,0.0920187556844473,0.0468946919299807,0.0804311270591166,0.042532917112112,0.0482151843607426,0.020913252606988,0.0422121360898018,0.443515360355377,0.423754185438156,0.435192495584488,0.431530743837357,0.927556348734219,0.949809416793355,0.88682882763787,0.95381937559213,0.800589521726728,0.819796519920129,0.765436911666825,0.82325758296092,-2.08157875014184,-2.12045907798281,-2.13972748681112,-2.26267981299407,0.0277560727606392,0.0284971750301868,0.0225621062478196,0.0192040450656079,0.222478330135345,0.254237622022629,0.399826884269714,0.228138819336891,0.00203759778736035,0.0118549492993066,0.0230762618062028,0.0249100414977258,-1.28009615384616,-1.29252427184466,-0.780098039215686,0.151386138613862,-0.395486364685814,-0.441321468817326,-0.509283249794006,-0.466245139931532,-0.0700756113669404,-0.118678850583376,-0.622423975912611,-1.13974266319292,0.00505092205619555,0.00767054965010917,0.00816665859669635,0.00371694200439891,0.00701356834675502,0.00813931335847766,0.00760973858890092,0.00209244718792146,0.00344867906850581,0.00691177832625321,0.00880650208192743,0.00554114865573314,0.00417558739298723,0.00321775777937093,0.00662274893428445,0.00188488707357062,0.00464734702477627,0.00564051262502868,0.00754470317192211,0.00172142865882584,0.0193446447591615,0.0177867096490089,0.0227719277094486,0.00546534737052502,0.103052375270094,0.0810217708633191,0.127123947734893,0.0288341781784616,0.00572953441517763,-0.00395732868999959,-0.00587776144475821,-0.00510551391917866,4.07033599017214e-4,-0.00912885197763337,-0.0170609632339362,-0.00896630405876787,4.8294381864494e-4,-0.00178501267598951,7.00339424219186e-4,0.00123902559355675,0.004355366628624027
1980-01-01,-0.0557207400095726,-51.7155322128836,-47.0308581544875,-52.5701928779109,-51.8511040041787,-59.9535879667038,0.0761832558487232,0.0271063197849393,0.0709214154881654,-0.0496548417714422,0.0625498704758807,0.0127362348386795,0.0566379591212014,-0.0633013125912782,-0.0240242129499998,0.0461619788480001,0.0183110637349999,-0.0144587860000001,-0.0203570767060001,0.0448516907359997,0.0160213434879999,-0.0205766164899999,0.1026,0.0906,0.0948,0.0908,0.02265,0.0237,0.0227,0.019625,0.376623376623377,0.381974248927039,0.390977443609023,0.411192214111922,-0.00989999999999999,-0.0029,-0.00460000000000001,-0.001,0.011,0.0109,0.00890000000000001,0.00779999999999999,0.00366713624399972,-0.0013102881120004,-0.00228972024700003,-0.00611783048999981,0.0318118948824342,0.0358166189111748,0.0310192023633677,0.018045112781955,0.00940389387941799,0.0120693565282995,0.0116703077206649,0.0148505522020631,0.00244723091196932,0.00214254320866279,0.00261592723352188,0.00694654239933655,0.0407644838147112,0.0401961322714524,0.0408734938077949,0.0405765919898821,-1.63956215324898,-1.56771311727104,-1.53988440056628,-1.61936729281111,0.054945054945055,0.219790675547098,0.0454258675078865,0.0195286195286195,0.0476436192999696,0.0564455537634505,0.0920187556844473,0.0468946919299807,0.0482104644179344,0.042532917112112,0.0482151843607426,0.020913252606988,0.429043769836426,0.443515360355377,0.423754185438156,0.435192495584488,0.974662199640567,0.927556348734219,0.949809416793355,0.88682882763787,0.835390320433584,0.800589521726728,0.819796519920129,0.765436911666825,-2.10040579148614,-2.08157875014184,-2.12045907798281,-2.13972748681112,0.0205192595879481,0.0277560727606392,0.0284971750301868,0.0225621062478196,0.213902562856674,0.222478330135345,0.254237622022629,0.399826884269714,-7.9292300410911e-4,0.00203759778736035,0.0118549492993066,0.0230762618062028,-1.56790476190476,-1.28009615384616,-1.29252427184466,-0.780098039215686,-0.33083470047447,-0.395486364685814,-0.441321468817326,-0.509283249794006,0.0357714997925996,-0.0700756113669404,-0.118678850583376,-0.622423975912611,0.00625228017569613,0.00505092205619555,0.00767054965010917,0.00816665859669635,0.00722313531695231,0.00701356834675502,0.00813931335847766,0.00760973858890092,0.00918631286697894,0.00344867906850581,0.00691177832625321,0.00880650208192743,0.0022178904491723,0.00417558739298723,0.00321775777937093,0.00662274893428445,7.85483204668761e-4,0.00464734702477627,0.00564051262502868,0.00754470317192211,0.0133918463312037,0.0193446447591615,0.0177867096490089,0.0227719277094486,0.0428549566152608,0.103052375270094,0.0810217708633191,0.127123947734893,-0.00227939226985646,0.00572953441517763,-0.00395732868999959,-0.00587776144475821,0.00110428316534362,4.07033599017214e-4,-0.00912885197763337,-0.0170609632339362,8.8507274032381e-4,4.8294381864494e-4,-0.00178501267598951,7.00339424219186e-4,0.00403116284883227
1980-04-01,0.11244672141035,-57.5984230851181,-51.7155322128836,-47.0308581544875,-52.5701928779109,-51.8511040041787,0.00179904215739946,0.0761832558487232,0.0271063197849393,0.0709214154881654,-0.0124841855741855,0.0625498704758807,0.0127362348386795,0.0566379591212014,-0.050232518407,-0.0240242129499998,0.0461619788480001,0.0183110637349999,-0.0788330213599999,-0.0203570767060001,0.0448516907359997,0.0160213434879999,0.1204,0.1026,0.0906,0.0948,0.02565,0.02265,0.0237,0.0227,0.38021534320323,0.376623376623377,0.381974248927039,0.390977443609023,-0.0192,-0.00989999999999999,-0.0029,-0.00460000000000001,0.0132,0.011,0.0109,0.00890000000000001,-0.0286005029529999,0.00366713624399972,-0.0013102881120004,-0.00228972024700003,0.0281501340482575,0.0318118948824342,0.0358166189111748,0.0310192023633677,0.0105144350160643,0.00940389387941799,0.0120693565282995,0.0116703077206649,0.00461732209413129,0.00244723091196932,0.00214254320866279,0.00261592723352188,0.0402414199075919,0.0407644838147112,0.0401961322714524,0.0408734938077949,-1.5816338595825301,-1.63956215324898,-1.56771311727104,-1.53988440056628,0.0448048378229795,0.054945054945055,0.219790675547098,0.0454258675078865,0.0281126676313578,0.0476436192999696,0.0564455537634505,0.0920187556844473,0.0486977212131023,0.0482104644179344,0.042532917112112,0.0482151843607426,0.43187603354454,0.429043769836426,0.443515360355377,0.423754185438156,0.934414723543633,0.974662199640567,0.927556348734219,0.949809416793355,0.797508795283826,0.835390320433584,0.800589521726728,0.819796519920129,-2.08175184194305,-2.10040579148614,-2.08157875014184,-2.12045907798281,0.0304028431661827,0.0205192595879481,0.0277560727606392,0.0284971750301868,0.315769761800766,0.213902562856674,0.222478330135345,0.254237622022629,-0.00695792506774977,-7.9292300410911e-4,0.00203759778736035,0.0118549492993066,-2.37311320754717,-1.56790476190476,-1.28009615384616,-1.29252427184466,-0.315172787248764,-0.33083470047447,-0.395486364685814,-0.441321468817326,-0.260497680974677,0.0357714997925996,-0.0700756113669404,-0.118678850583376,0.0181731637253528,0.00625228017569613,0.00505092205619555,0.00767054965010917,0.0210144548144975,0.00722313531695231,0.00701356834675502,0.00813931335847766,0.0151470738950843,0.00918631286697894,0.00344867906850581,0.00691177832625321,0.00468398330549966,0.0022178904491723,0.00417558739298723,0.00321775777937093,0.00507621506378615,7.85483204668761e-4,0.00464734702477627,0.00564051262502868,0.016670468569407,0.0133918463312037,0.0193446447591615,0.0177867096490089,0.10684477225891,0.0428549566152608,0.103052375270094,0.0810217708633191,0.00474934809744318,-0.00227939226985646,0.00572953441517763,-0.00395732868999959,0.00765991184017765,0.00110428316534362,4.07033599017214e-4,-0.00912885197763337,3.68855508027967e-4,8.8507274032381e-4,4.8294381864494e-4,-0.00178501267598951,0.0028274790722131703
1980-07-01,0.093685484077323,-42.5974169305987,-57.5984230851181,-51.7155322128836,-47.0308581544875,-52.5701928779109,-0.0396877880661836,0.00179904215739946,0.0761832558487232,0.0271063197849393,-0.0523718444406458,-0.0124841855741855,0.0625498704758807,0.0127362348386795,-0.145143334805,-0.050232518407,-0.0240242129499998,0.0461619788480001,-0.13212514335,-0.0788330213599999,-0.0203570767060001,0.0448516907359997,0.152,0.1204,0.1026,0.0906,0.0301,0.02565,0.02265,0.0237,0.379332897318509,0.38021534320323,0.376623376623377,0.381974248927039,-0.0281,-0.0192,-0.00989999999999999,-0.0029,0.0149,0.0132,0.011,0.0109,0.013018191455,-0.0286005029529999,0.00366713624399972,-0.0013102881120004,0.044328552803129,0.0281501340482575,0.0318118948824342,0.0358166189111748,0.0118774132103287,0.0105144350160643,0.00940389387941799,0.0120693565282995,0.00842591778769946,0.00461732209413129,0.00244723091196932,0.00214254320866279,0.0400686072930007,0.0402414199075919,0.0407644838147112,0.0401961322714524,-1.87457672651834,-1.5816338595825301,-1.63956215324898,-1.56771311727104,0.0509503695881732,0.0448048378229795,0.054945054945055,0.219790675547098,0.0345230712078814,0.0281126676313578,0.0476436192999696,0.0564455537634505,0.123653322458267,0.0486977212131023,0.0482104644179344,0.042532917112112,0.416010200977325,0.43187603354454,0.429043769836426,0.443515360355377,0.86934634448575,0.934414723543633,0.974662199640567,0.927556348734219,0.747123704478463,0.797508795283826,0.835390320433584,0.800589521726728,-2.01865854963465,-2.08175184194305,-2.10040579148614,-2.08157875014184,0.0403079060116052,0.0304028431661827,0.0205192595879481,0.0277560727606392,0.270942598581314,0.315769761800766,0.213902562856674,0.222478330135345,-0.0112165709984484,-0.00695792506774977,-7.9292300410911e-4,0.00203759778736035,-2.32093457943925,-2.37311320754717,-1.56790476190476,-1.28009615384616,-0.280544784986048,-0.315172787248764,-0.33083470047447,-0.395486364685814,-0.147725470722583,-0.260497680974677,0.0357714997925996,-0.0700756113669404,0.033435699979257,0.0181731637253528,0.00625228017569613,0.00505092205619555,0.0367313789547256,0.0210144548144975,0.00722313531695231,0.00701356834675502,0.032861825379233,0.0151470738950843,0.00918631286697894,0.00344867906850581,0.00820580274542883,0.00468398330549966,0.0022178904491723,0.00417558739298723,0.001701163830777,0.00507621506378615,7.85483204668761e-4,0.00464734702477627,0.02609139206535,0.016670468569407,0.0133918463312037,0.0193446447591615,0.115939181662753,0.10684477225891,0.0428549566152608,0.103052375270094,0.00617311254928187,0.00474934809744318,-0.00227939226985646,0.00572953441517763,0.0142499114229791,0.00765991184017765,0.00110428316534362,4.07033599017214e-4,9.17170370308079e-4,3.68855508027967e-4,8.8507274032381e-4,4.8294381864494e-4,0.0051009524626129035
1980-10-01,0.0789016382573737,-36.686065647892804,-42.5974169305987,-57.5984230851181,-51.7155322128836,-47.0308581544875,0.133012806943042,-0.0396877880661836,0.00179904215739946,0.0761832558487232,0.117660505307327,-0.0523718444406458,-0.0124841855741855,0.0625498704758807,0.243682241183,-0.145143334805,-0.050232518407,-0.0240242129499998,0.24227012096,-0.13212514335,-0.0788330213599999,-0.0203570767060001,0.0707,0.152,0.1204,0.1026,0.038,0.0301,0.02565,0.02265,0.397590361445783,0.379332897318509,0.38021534320323,0.376623376623377,0.0299,-0.0281,-0.0192,-0.00989999999999999,0.0213,0.0149,0.0132,0.011,-0.00141212022299997,0.013018191455,-0.0286005029529999,0.00366713624399972,0.0324594257178528,0.044328552803129,0.0281501340482575,0.0318118948824342,0.0153043748912362,0.0118774132103287,0.0105144350160643,0.00940389387941799,0.00562635074027621,0.00842591778769946,0.00461732209413129,0.00244723091196932,0.0376493865181679,0.0400686072930007,0.0402414199075919,0.0407644838147112,-1.6152975885475,-1.87457672651834,-1.5816338595825301,-1.63956215324898,0,0.0509503695881732,0.0448048378229795,0.054945054945055,-0.0101124926785508,0.0345230712078814,0.0281126676313578,0.0476436192999696,0.00283801788464189,0.123653322458267,0.0486977212131023,0.0482104644179344,0.430239915847778,0.416010200977325,0.43187603354454,0.429043769836426,0.960258452823509,0.86934634448575,0.934414723543633,0.974662199640567,0.825254350099838,0.747123704478463,0.797508795283826,0.835390320433584,-2.12756749602025,-2.01865854963465,-2.08175184194305,-2.10040579148614,0.019642433903819,0.0403079060116052,0.0304028431661827,0.0205192595879481,0.267047703266144,0.270942598581314,0.315769761800766,0.213902562856674,-0.0335253520956493,-0.0112165709984484,-0.00695792506774977,-7.9292300410911e-4,-0.0794444444444432,-2.32093457943925,-2.37311320754717,-1.56790476190476,-0.260604085826646,-0.280544784986048,-0.315172787248764,-0.33083470047447,-0.866027745027299,-0.147725470722583,-0.260497680974677,0.0357714997925996,-0.00337662314887341,0.033435699979257,0.0181731637253528,0.00625228017569613,0.00510955719089483,0.0367313789547256,0.0210144548144975,0.00722313531695231,-0.00327174980253016,0.032861825379233,0.0151470738950843,0.00918631286697894,8.73287603685672e-4,0.00820580274542883,0.00468398330549966,0.0022178904491723,0.00485874076814879,0.001701163830777,0.00507621506378615,7.85483204668761e-4,-4.73473009803921e-5,0.02609139206535,0.016670468569407,0.0133918463312037,-0.00994940175351491,0.115939181662753,0.10684477225891,0.0428549566152608,9.00840536687756e-4,0.00617311254928187,0.00474934809744318,-0.00227939226985646,-0.00877383642634338,0.0142499114229791,0.00765991184017765,0.00110428316534362,-9.28009132705387e-4,9.17170370308079e-4,3.68855508027967e-4,8.8507274032381e-4,0.005543697592958025
1981-01-01,0.00176626481008129,-33.0482737086878,-36.686065647892804,-42.5974169305987,-57.5984230851181,-51.7155322128836,0.112813199406818,0.133012806943042,-0.0396877880661836,0.00179904215739946,0.0990233112635794,0.117660505307327,-0.0523718444406458,-0.0124841855741855,-0.112618595584,0.243682241183,-0.145143334805,-0.050232518407,-0.107164814485,0.24227012096,-0.13212514335,-0.0788330213599999,0.1027,0.0707,0.152,0.1204,0.017675,0.038,0.0301,0.02565,0.414617486338798,0.397590361445783,0.379332897318509,0.38021534320323,0.0158,0.0299,-0.0281,-0.0192,0.0168,0.0213,0.0149,0.0132,0.00545378109899985,-0.00141212022299997,0.013018191455,-0.0286005029529999,0.0157194679564692,0.0324594257178528,0.044328552803129,0.0281501340482575,0.0237968186829607,0.0153043748912362,0.0118774132103287,0.0105144350160643,0.00572839511706153,0.00562635074027621,0.00842591778769946,0.00461732209413129,0.03742276344795,0.0376493865181679,0.0400686072930007,0.0402414199075919,-1.84759974699155,-1.6152975885475,-1.87457672651834,-1.5816338595825301,-0.0394948952176249,0,0.0509503695881732,0.0448048378229795,0.0487377925003259,-0.0101124926785508,0.0345230712078814,0.0281126676313578,0.0156424008309841,0.00283801788464189,0.123653322458267,0.0486977212131023,0.40240541100502,0.430239915847778,0.416010200977325,0.43187603354454,0.956750156479268,0.960258452823509,0.86934634448575,0.934414723543633,0.886583626509461,0.825254350099838,0.747123704478463,0.797508795283826,-2.25717356112461,-2.12756749602025,-2.01865854963465,-2.08175184194305,0.0253364910413814,0.019642433903819,0.0403079060116052,0.0304028431661827,0.288264960050583,0.267047703266144,0.270942598581314,0.315769761800766,-0.0349172377984882,-0.0335253520956493,-0.0112165709984484,-0.00695792506774977,0.861284403669724,-0.0794444444444432,-2.32093457943925,-2.37311320754717,-0.247399456272138,-0.260604085826646,-0.280544784986048,-0.315172787248764,-1.14740387971711,-0.866027745027299,-0.147725470722583,-0.260497680974677,0.0190936806994651,-0.00337662314887341,0.033435699979257,0.0181731637253528,0.0194773955382241,0.00510955719089483,0.0367313789547256,0.0210144548144975,0.0225844304694347,-0.00327174980253016,0.032861825379233,0.0151470738950843,-0.00107131939003108,8.73287603685672e-4,0.00820580274542883,0.00468398330549966,-3.35352102587639e-5,0.00485874076814879,0.001701163830777,0.00507621506378615,-0.00692774848743815,-4.73473009803921e-5,0.02609139206535,0.016670468569407,-0.0346090414075638,-0.00994940175351491,0.115939181662753,0.10684477225891,-0.00234375732102948,9.00840536687756e-4,0.00617311254928187,0.00474934809744318,-0.00329570956070203,-0.00877383642634338,0.0142499114229791,0.00765991184017765,-0.00152741949711628,-9.28009132705387e-4,9.17170370308079e-4,3.68855508027967e-4,0.006407283660821397
1981-04-01,-0.0358557926184276,-39.7493978053595,-33.0482737086878,-36.686065647892804,-42.5974169305987,-57.5984230851181,0.0950698807448214,0.112813199406818,0.133012806943042,-0.0396877880661836,0.0823328351208272,0.0990233112635794,0.117660505307327,-0.0523718444406458,0.0180539823999999,-0.112618595584,0.243682241183,-0.145143334805,0.010220139656,-0.107164814485,0.24227012096,-0.13212514335,0.1549,0.1027,0.0707,0.152,0.025675,0.017675,0.038,0.0301,0.415654520917679,0.414617486338798,0.397590361445783,0.379332897318509,-0.035,0.0158,0.0299,-0.0281,0.0193,0.0168,0.0213,0.0149,-0.0078338427439999,0.00545378109899985,-0.00141212022299997,0.013018191455,0.0273809523809523,0.0157194679564692,0.0324594257178528,0.044328552803129,0.0268170935046463,0.0237968186829607,0.0153043748912362,0.0118774132103287,0.00756124405627883,0.00572839511706153,0.00562635074027621,0.00842591778769946,0.0377361996156959,0.03742276344795,0.0376493865181679,0.0400686072930007,-1.8050876352969,-1.84759974699155,-1.6152975885475,-1.87457672651834,0.0327914025902452,-0.0394948952176249,0,0.0509503695881732,0.0461803988353415,0.0487377925003259,-0.0101124926785508,0.0345230712078814,0.060887273401022,0.0156424008309841,0.00283801788464189,0.123653322458267,0.407545506954193,0.40240541100502,0.430239915847778,0.416010200977325,0.963826149554576,0.956750156479268,0.960258452823509,0.86934634448575,0.916601692497861,0.886583626509461,0.825254350099838,0.747123704478463,-2.33571170120373,-2.25717356112461,-2.12756749602025,-2.01865854963465,0.0281158514244474,0.0253364910413814,0.019642433903819,0.0403079060116052,0.283717483282089,0.288264960050583,0.267047703266144,0.270942598581314,-0.0195270311352867,-0.0349172377984882,-0.0335253520956493,-0.0112165709984484,-2.13654545454545,0.861284403669724,-0.0794444444444432,-2.32093457943925,-0.26918120608594,-0.247399456272138,-0.260604085826646,-0.280544784986048,-0.876310251568685,-1.14740387971711,-0.866027745027299,-0.147725470722583,0.0246951116414167,0.0190936806994651,-0.00337662314887341,0.033435699979257,0.0287946478008982,0.0194773955382241,0.00510955719089483,0.0367313789547256,0.0159623815444821,0.0225844304694347,-0.00327174980253016,0.032861825379233,-0.00208694759778769,-0.00107131939003108,8.73287603685672e-4,0.00820580274542883,-0.00419729287093516,-3.35352102587639e-5,0.00485874076814879,0.001701163830777,-0.00639837806325958,-0.00692774848743815,-4.73473009803921e-5,0.02609139206535,-0.022544646847171,-0.0346090414075638,-0.00994940175351491,0.115939181662753,0.00423744770688728,-0.00234375732102948,9.00840536687756e-4,0.00617311254928187,0.00774478433265518,-0.00329570956070203,-0.00877383642634338,0.0142499114229791,-0.00118147709883202,-0.00152741949711628,-9.28009132705387e-4,9.17170370308079e-4,0.007023959663733189
1981-07-01,-0.121658380553238,-46.7960165037977,-39.7493978053595,-33.0482737086878,-36.686065647892804,-42.5974169305987,0.0143781246932897,0.0950698807448214,0.112813199406818,0.133012806943042,0.00213537079552673,0.0823328351208272,0.0990233112635794,0.117660505307327,-0.0181925404,0.0180539823999999,-0.112618595584,0.243682241183,-0.00968031433000016,0.010220139656,-0.107164814485,0.24227012096,0.1336,0.1549,0.1027,0.0707,0.038725,0.025675,0.017675,0.038,0.430727023319616,0.415654520917679,0.414617486338798,0.397590361445783,-0.0088,-0.035,0.0158,0.0299,0.0201,0.0193,0.0168,0.0213,0.0085122260699998,-0.0078338427439999,0.00545378109899985,-0.00141212022299997,0.0254924681344149,0.0273809523809523,0.0157194679564692,0.0324594257178528,0.0279400147510024,0.0268170935046463,0.0237968186829607,0.0153043748912362,0.00520428819437765,0.00756124405627883,0.00572839511706153,0.00562635074027621,0.0380186494729139,0.0377361996156959,0.03742276344795,0.0376493865181679,-1.75778358721466,-1.8050876352969,-1.84759974699155,-1.6152975885475,0,0.0327914025902452,-0.0394948952176249,0,0.0112869753161235,0.0461803988353415,0.0487377925003259,-0.0101124926785508,0.0955470874905586,0.060887273401022,0.0156424008309841,0.00283801788464189,0.394054859876633,0.407545506954193,0.40240541100502,0.430239915847778,0.988820157207305,0.963826149554576,0.956750156479268,0.960258452823509,0.954521251307407,0.916601692497861,0.886583626509461,0.825254350099838,-2.35628317531571,-2.33571170120373,-2.25717356112461,-2.12756749602025,0.0296136592301998,0.0281158514244474,0.0253364910413814,0.019642433903819,0.24559397995472,0.283717483282089,0.288264960050583,0.267047703266144,-0.0060456494221984,-0.0195270311352867,-0.0349172377984882,-0.0335253520956493,-2.3572972972973,-2.13654545454545,0.861284403669724,-0.0794444444444432,-0.24009074668768,-0.26918120608594,-0.247399456272138,-0.260604085826646,-1.22255692601055,-0.876310251568685,-1.14740387971711,-0.866027745027299,0.0182604927143814,0.0246951116414167,0.0190936806994651,-0.00337662314887341,0.0219178867379562,0.0287946478008982,0.0194773955382241,0.00510955719089483,0.0180619444543017,0.0159623815444821,0.0225844304694347,-0.00327174980253016,6.84057784514473e-4,-0.00208694759778769,-0.00107131939003108,8.73287603685672e-4,0.00298139782370878,-0.00419729287093516,-3.35352102587639e-5,0.00485874076814879,-0.00261010512401258,-0.00639837806325958,-0.00692774848743815,-4.73473009803921e-5,0.0373634991537109,-0.022544646847171,-0.0346090414075638,-0.00994940175351491,2.12303385543159e-5,0.00423744770688728,-0.00234375732102948,9.00840536687756e-4,-0.00764327740242339,0.00774478433265518,-0.00329570956070203,-0.00877383642634338,1.46146036805333e-4,-0.00118147709883202,-0.00152741949711628,-9.28009132705387e-4,0.0072868557986535114
1981-10-01,0.0533783974097351,-60.5714632893629,-46.7960165037977,-39.7493978053595,-33.0482737086878,-36.686065647892804,-0.0219452063904371,0.0143781246932897,0.0950698807448214,0.112813199406818,-0.0339884277563515,0.00213537079552673,0.0823328351208272,0.0990233112635794,-0.0108504469159999,-0.0181925404,0.0180539823999999,-0.112618595584,-0.0197260937650001,-0.00968031433000016,0.010220139656,-0.107164814485,0.1473,0.1336,0.1549,0.1027,0.0334,0.038725,0.025675,0.017675,0.425716189207195,0.430727023319616,0.415654520917679,0.414617486338798,-0.0169,-0.0088,-0.035,0.0158,0.0205,0.0201,0.0193,0.0168,-0.00887564684900022,0.0085122260699998,-0.0078338427439999,0.00545378109899985,0.0237288135593219,0.0254924681344149,0.0273809523809523,0.0157194679564692,0.0278934321222624,0.0279400147510024,0.0268170935046463,0.0237968186829607,0.00274923340769188,0.00520428819437765,0.00756124405627883,0.00572839511706153,0.0382944050437046,0.0380186494729139,0.0377361996156959,0.03742276344795,-1.79016239044176,-1.75778358721466,-1.8050876352969,-1.84759974699155,-0.00307692307692309,0,0.0327914025902452,-0.0394948952176249,0.00435605334490229,0.0112869753161235,0.0461803988353415,0.0487377925003259,0.0279719661921263,0.0955470874905586,0.060887273401022,0.0156424008309841,0.416350364685059,0.394054859876633,0.407545506954193,0.40240541100502,0.953937796006054,0.988820157207305,0.963826149554576,0.956750156479268,0.928858039364838,0.954521251307407,0.916601692497861,0.886583626509461,-2.29445074628706,-2.35628317531571,-2.33571170120373,-2.25717356112461,0.0358761132335639,0.0296136592301998,0.0281158514244474,0.0253364910413814,0.149944305419922,0.24559397995472,0.283717483282089,0.288264960050583,-0.0165924380894158,-0.0060456494221984,-0.0195270311352867,-0.0349172377984882,-2.06625,-2.3572972972973,-2.13654545454545,0.861284403669724,-0.230827320963229,-0.24009074668768,-0.26918120608594,-0.247399456272138,-0.721806459544785,-1.22255692601055,-0.876310251568685,-1.14740387971711,0.0193950000868513,0.0182604927143814,0.0246951116414167,0.0190936806994651,0.0226573379153366,0.0219178867379562,0.0287946478008982,0.0194773955382241,0.0198649046203249,0.0180619444543017,0.0159623815444821,0.0225844304694347,0.00337936901582976,6.84057784514473e-4,-0.00208694759778769,-0.00107131939003108,0.00216115999795898,0.00298139782370878,-0.00419729287093516,-3.35352102587639e-5,0.00737663257179262,-0.00261010512401258,-0.00639837806325958,-0.00692774848743815,0.0554251571230924,0.0373634991537109,-0.022544646847171,-0.0346090414075638,0.00546411688670825,2.12303385543159e-5,0.00423744770688728,-0.00234375732102948,-0.017938304687265,-0.00764327740242339,0.00774478433265518,-0.00329570956070203,-0.002173503742798,1.46146036805333e-4,-0.00118147709883202,-0.00152741949711628,0.006951099423661445
1982-01-01,-0.0903774453268688,-46.7728781996346,-60.5714632893629,-46.7960165037977,-39.7493978053595,-33.0482737086878,-0.102562805386509,-0.0219452063904371,0.0143781246932897,0.0950698807448214,-0.114591632931649,-0.0339884277563515,0.00213537079552673,0.0823328351208272,-0.0859856274099999,-0.0108504469159999,-0.0181925404,0.0180539823999999,-0.0889153096599999,-0.0197260937650001,-0.00968031433000016,0.010220139656,0.147,0.1473,0.1336,0.1549,0.036825,0.0334,0.038725,0.025675,0.426981008513425,0.425716189207195,0.430727023319616,0.415654520917679,0.00120000000000001,-0.0169,-0.0088,-0.035,0.0143,0.0205,0.0201,0.0193,-0.00292968225000001,-0.00887564684900022,0.0085122260699998,-0.0078338427439999,0.0286975717439295,0.0237288135593219,0.0254924681344149,0.0273809523809523,0.0214833712153458,0.0278934321222624,0.0279400147510024,0.0268170935046463,0.00568910071564795,0.00274923340769188,0.00520428819437765,0.00756124405627883,0.0386690897849154,0.0382944050437046,0.0380186494729139,0.0377361996156959,-1.74876109737498,-1.79016239044176,-1.75778358721466,-1.8050876352969,0,-0.00307692307692309,0,0.0327914025902452,0.0042199185262177,0.00435605334490229,0.0112869753161235,0.0461803988353415,0.0632154569029808,0.0279719661921263,0.0955470874905586,0.060887273401022,0.438426047563553,0.416350364685059,0.394054859876633,0.407545506954193,0.830018065524144,0.953937796006054,0.988820157207305,0.963826149554576,0.808196253684511,0.928858039364838,0.954521251307407,0.916601692497861,-2.17179128011596,-2.29445074628706,-2.35628317531571,-2.33571170120373,0.0304823561334487,0.0358761132335639,0.0296136592301998,0.0281158514244474,0.285651683807373,0.149944305419922,0.24559397995472,0.283717483282089,-0.00919007948114217,-0.0165924380894158,-0.0060456494221984,-0.0195270311352867,-1.08796460176991,-2.06625,-2.3572972972973,-2.13654545454545,-0.197891206621248,-0.230827320963229,-0.24009074668768,-0.26918120608594,-0.684388460150752,-0.721806459544785,-1.22255692601055,-0.876310251568685,0.0331085806844163,0.0193950000868513,0.0182604927143814,0.0246951116414167,0.0296273050557741,0.0226573379153366,0.0219178867379562,0.0287946478008982,0.0333544046828397,0.0198649046203249,0.0180619444543017,0.0159623815444821,0.00972257338894489,0.00337936901582976,6.84057784514473e-4,-0.00208694759778769,0.00679074671572887,0.00216115999795898,0.00298139782370878,-0.00419729287093516,0.0220020556457216,0.00737663257179262,-0.00261010512401258,-0.00639837806325958,0.185351365374145,0.0554251571230924,0.0373634991537109,-0.022544646847171,-0.00854062314572831,0.00546411688670825,2.12303385543159e-5,0.00423744770688728,-0.0136163757678655,-0.017938304687265,-0.00764327740242339,0.00774478433265518,-0.00227092776451777,-0.002173503742798,1.46146036805333e-4,-0.00118147709883202,0.00703959932980666
1982-04-01,-0.0212130534196207,-58.8014899895919,-46.7728781996346,-60.5714632893629,-46.7960165037977,-39.7493978053595,0.0685091455775628,-0.102562805386509,-0.0219452063904371,0.0143781246932897,0.0540471834119682,-0.114591632931649,-0.0339884277563515,0.00213537079552673,0.14749141143,-0.0859856274099999,-0.0108504469159999,-0.0181925404,0.11664780794,-0.0889153096599999,-0.0197260937650001,-0.00968031433000016,0.1085,0.147,0.1473,0.1336,0.03675,0.036825,0.0334,0.038725,0.431640625,0.426981008513425,0.425716189207195,0.430727023319616,0.0249,0.00120000000000001,-0.0169,-0.0088,0.0232,0.0143,0.0205,0.0201,-0.0308436034899997,-0.00292968225000001,-0.00887564684900022,0.0085122260699998,0.00858369098712441,0.0286975717439295,0.0237288135593219,0.0254924681344149,0.0119096484824429,0.0214833712153458,0.0278934321222624,0.0279400147510024,0.00448805248173859,0.00568910071564795,0.00274923340769188,0.00520428819437765,0.0390353734103631,0.0386690897849154,0.0382944050437046,0.0380186494729139,-1.56006490848033,-1.74876109737498,-1.79016239044176,-1.75778358721466,0,0,-0.00307692307692309,0,-0.0420763406990136,0.0042199185262177,0.00435605334490229,0.0112869753161235,0.0382922366261482,0.0632154569029808,0.0279719661921263,0.0955470874905586,0.46028146147728,0.438426047563553,0.416350364685059,0.394054859876633,0.854450466285826,0.830018065524144,0.953937796006054,0.988820157207305,0.831986307882476,0.808196253684511,0.928858039364838,0.954521251307407,-2.2053214830493,-2.17179128011596,-2.29445074628706,-2.35628317531571,0.0194305817738198,0.0304823561334487,0.0358761132335639,0.0296136592301998,0.226509422063828,0.285651683807373,0.149944305419922,0.24559397995472,-0.0213418905185233,-0.00919007948114217,-0.0165924380894158,-0.0060456494221984,1.46157894736842,-1.08796460176991,-2.06625,-2.3572972972973,-0.194195781189878,-0.197891206621248,-0.230827320963229,-0.24009074668768,-0.794190151628559,-0.684388460150752,-0.721806459544785,-1.22255692601055,0.0102142155558011,0.0331085806844163,0.0193950000868513,0.0182604927143814,0.0184527177382908,0.0296273050557741,0.0226573379153366,0.0219178867379562,0.00798314653799015,0.0333544046828397,0.0198649046203249,0.0180619444543017,0.00379952699617689,0.00972257338894489,0.00337936901582976,6.84057784514473e-4,0.00365807053316812,0.00679074671572887,0.00216115999795898,0.00298139782370878,0.00718091170590506,0.0220020556457216,0.00737663257179262,-0.00261010512401258,0.0810180190143048,0.185351365374145,0.0554251571230924,0.0373634991537109,0.00220182026295063,-0.00854062314572831,0.00546411688670825,2.12303385543159e-5,-0.0148898788757221,-0.0136163757678655,-0.017938304687265,-0.00764327740242339,-9.90196653511355e-4,-0.00227092776451777,-0.002173503742798,1.46146036805333e-4,0.0036018706263112304
1982-07-01,0.0940570208086697,-55.8097225813033,-58.8014899895919,-46.7728781996346,-60.5714632893629,-46.7960165037977,-0.0713953244511938,0.0685091455775628,-0.102562805386509,-0.0219452063904371,-0.0851300106020232,0.0540471834119682,-0.114591632931649,-0.0339884277563515,0.0465123339319997,0.14749141143,-0.0859856274099999,-0.0108504469159999,0.0490451841119997,0.11664780794,-0.0889153096599999,-0.0197260937650001,0.1268,0.1085,0.147,0.1473,0.027125,0.03675,0.036825,0.0334,0.453747467927076,0.431640625,0.426981008513425,0.425716189207195,0.0119,0.0249,0.00120000000000001,-0.0169,0.0224,0.0232,0.0143,0.0205,0.00253285017999993,-0.0308436034899997,-0.00292968225000001,-0.00887564684900022,0.00531914893617014,0.00858369098712441,0.0286975717439295,0.0237288135593219,0.00554842901892964,0.0119096484824429,0.0214833712153458,0.0278934321222624,0.00623539051517463,0.00448805248173859,0.00568910071564795,0.00274923340769188,0.0376916944271133,0.0390353734103631,0.0386690897849154,0.0382944050437046,-1.58230387482231,-1.56006490848033,-1.74876109737498,-1.79016239044176,-0.0318642048838594,0,0,-0.00307692307692309,0.0137403286145783,-0.0420763406990136,0.0042199185262177,0.00435605334490229,0.00697884289547801,0.0382922366261482,0.0632154569029808,0.0279719661921263,0.462078511714935,0.46028146147728,0.438426047563553,0.416350364685059,0.803447097309702,0.854450466285826,0.830018065524144,0.953937796006054,0.782323856613103,0.831986307882476,0.808196253684511,0.928858039364838,-2.15263847390239,-2.2053214830493,-2.17179128011596,-2.29445074628706,0.0239951508151043,0.0194305817738198,0.0304823561334487,0.0358761132335639,0.248799264431,0.226509422063828,0.285651683807373,0.149944305419922,-0.0343390223352047,-0.0213418905185233,-0.00919007948114217,-0.0165924380894158,0.58886956521739,1.46157894736842,-1.08796460176991,-2.06625,-0.202685969735462,-0.194195781189878,-0.197891206621248,-0.230827320963229,-1.46548524378954,-0.794190151628559,-0.684388460150752,-0.721806459544785,0.0167580834460011,0.0102142155558011,0.0331085806844163,0.0193950000868513,0.0203325083399696,0.0184527177382908,0.0296273050557741,0.0226573379153366,0.0173694370452209,0.00798314653799015,0.0333544046828397,0.0198649046203249,0.00971972034339435,0.00379952699617689,0.00972257338894489,0.00337936901582976,0.010271673660662,0.00365807053316812,0.00679074671572887,0.00216115999795898,0.015021269711829901,0.00718091170590506,0.0220020556457216,0.00737663257179262,0.202639164056288,0.0810180190143048,0.185351365374145,0.0554251571230924,0.00520183366884334,0.00220182026295063,-0.00854062314572831,0.00546411688670825,-0.0227653896388869,-0.0148898788757221,-0.0136163757678655,-0.017938304687265,-0.0020075849807948,-9.90196653511355e-4,-0.00227092776451777,-0.002173503742798,0.0031672165751313367
1982-10-01,0.155217801900565,-42.3604165743591,-55.8097225813033,-58.8014899895919,-46.7728781996346,-60.5714632893629,-0.00513064681213782,-0.0713953244511938,0.0685091455775628,-0.102562805386509,-0.0202749892340919,-0.0851300106020232,0.0540471834119682,-0.114591632931649,0.0176163819140001,0.0465123339319997,0.14749141143,-0.0859856274099999,0.00956090492000028,0.0490451841119997,0.11664780794,-0.0889153096599999,0.1247,0.1268,0.1085,0.147,0.0317,0.027125,0.03675,0.036825,0.480592801693719,0.453747467927076,0.431640625,0.426981008513425,0.0165,0.0119,0.0249,0.00120000000000001,0.0211,0.0224,0.0232,0.0143,-0.00805547699399978,0.00253285017999993,-0.0308436034899997,-0.00292968225000001,0.0264550264550265,0.00531914893617014,0.00858369098712441,0.0286975717439295,0.00121303587345724,0.00554842901892964,0.0119096484824429,0.0214833712153458,0.00359192867930098,0.00623539051517463,0.00448805248173859,0.00568910071564795,0.0360587407554738,0.0376916944271133,0.0390353734103631,0.0386690897849154,-1.52295863270792,-1.58230387482231,-1.56006490848033,-1.74876109737498,0,-0.0318642048838594,0,0,-0.0443837385150279,0.0137403286145783,-0.0420763406990136,0.0042199185262177,0.0300930682569742,0.00697884289547801,0.0382922366261482,0.0632154569029808,0.47812631726265,0.462078511714935,0.46028146147728,0.438426047563553,0.846474629635421,0.803447097309702,0.854450466285826,0.830018065524144,0.772016734810307,0.782323856613103,0.831986307882476,0.808196253684511,-2.17945794233772,-2.15263847390239,-2.2053214830493,-2.17179128011596,0.0225877515660036,0.0239951508151043,0.0194305817738198,0.0304823561334487,0.234307304024696,0.248799264431,0.226509422063828,0.285651683807373,-0.0278053228740391,-0.0343390223352047,-0.0213418905185233,-0.00919007948114217,0.613793103448276,0.58886956521739,1.46157894736842,-1.08796460176991,-0.199790650436824,-0.202685969735462,-0.194195781189878,-0.197891206621248,-1.89091905808317,-1.46548524378954,-0.794190151628559,-0.684388460150752,0.0169865791259664,0.0167580834460011,0.0102142155558011,0.0331085806844163,0.0187862981801558,0.0203325083399696,0.0184527177382908,0.0296273050557741,0.0171608360833545,0.0173694370452209,0.00798314653799015,0.0333544046828397,0.00861005940938613,0.00971972034339435,0.00379952699617689,0.00972257338894489,0.00801919253801465,0.010271673660662,0.00365807053316812,0.00679074671572887,0.00826254775296297,0.015021269711829901,0.00718091170590506,0.0220020556457216,0.150760480632452,0.202639164056288,0.0810180190143048,0.185351365374145,0.00359963045132225,0.00520183366884334,0.00220182026295063,-0.00854062314572831,-0.0202487894304579,-0.0227653896388869,-0.0148898788757221,-0.0136163757678655,-0.00148213840172014,-0.0020075849807948,-9.90196653511355e-4,-0.00227092776451777,0.003654480371790482
1983-01-01,0.0839730153662245,-26.433321361049,-42.3604165743591,-55.8097225813033,-58.8014899895919,-46.7728781996346,0.116223799357093,-0.00513064681213782,-0.0713953244511938,0.0685091455775628,0.100443087949658,-0.0202749892340919,-0.0851300106020232,0.0540471834119682,0.202077381658,0.0176163819140001,0.0465123339319997,0.14749141143,0.21338009354,0.00956090492000028,0.0490451841119997,0.11664780794,0.0792,0.1247,0.1268,0.1085,0.031175,0.0317,0.027125,0.03675,0.505162241887906,0.480592801693719,0.453747467927076,0.431640625,0.0391,0.0165,0.0119,0.0249,0.0269,0.0211,0.0224,0.0232,0.0113027118819995,-0.00805547699399978,0.00253285017999993,-0.0308436034899997,0.00927835051546388,0.0264550264550265,0.00531914893617014,0.00858369098712441,5.50707790587581e-4,0.00121303587345724,0.00554842901892964,0.0119096484824429,0.00950581052799845,0.00359192867930098,0.00623539051517463,0.00448805248173859,0.0346386936246085,0.0360587407554738,0.0376916944271133,0.0390353734103631,-1.67861127024074,-1.52295863270792,-1.58230387482231,-1.56006490848033,0.0109375,0,-0.0318642048838594,0,-0.0193996120852387,-0.0443837385150279,0.0137403286145783,-0.0420763406990136,0.0174089167267084,0.0300930682569742,0.00697884289547801,0.0382922366261482,0.446216851472855,0.47812631726265,0.462078511714935,0.46028146147728,0.958771488783577,0.846474629635421,0.803447097309702,0.854450466285826,0.852191689645336,0.772016734810307,0.782323856613103,0.831986307882476,-2.30022115064025,-2.17945794233772,-2.15263847390239,-2.2053214830493,0.0256028773101365,0.0225877515660036,0.0239951508151043,0.0194305817738198,0.349553465843201,0.234307304024696,0.248799264431,0.226509422063828,-0.0286609189412646,-0.0278053228740391,-0.0343390223352047,-0.0213418905185233,2.89854700854701,0.613793103448276,0.58886956521739,1.46157894736842,-0.243885134048209,-0.199790650436824,-0.202685969735462,-0.194195781189878,-2.15441546097647,-1.89091905808317,-1.46548524378954,-0.794190151628559,-0.00384111544657857,0.0169865791259664,0.0167580834460011,0.0102142155558011,0.00407288552068957,0.0187862981801558,0.0203325083399696,0.0184527177382908,-0.00805363228075459,0.0171608360833545,0.0173694370452209,0.00798314653799015,0.00137208201815902,0.00861005940938613,0.00971972034339435,0.00379952699617689,0.00270518230730674,0.00801919253801465,0.010271673660662,0.00365807053316812,-0.00805342517618495,0.00826254775296297,0.015021269711829901,0.00718091170590506,0.0102650582136284,0.150760480632452,0.202639164056288,0.0810180190143048,0.00801411559195469,0.00359963045132225,0.00520183366884334,0.00220182026295063,-0.0176368991184144,-0.0202487894304579,-0.0227653896388869,-0.0148898788757221,-0.00144291178142745,-0.00148213840172014,-0.0020075849807948,-9.90196653511355e-4,0.0062828559125733905
1983-04-01,0.0944420777418761,-24.8514573970329,-26.433321361049,-42.3604165743591,-55.8097225813033,-58.8014899895919,0.184436544989463,0.116223799357093,-0.00513064681213782,-0.0713953244511938,0.169887252890432,0.100443087949658,-0.0202749892340919,-0.0851300106020232,0.0963587643839998,0.202077381658,0.0176163819140001,0.0465123339319997,0.109378866372,0.21338009354,0.00956090492000028,0.0490451841119997,0.0794,0.0792,0.1247,0.1268,0.0198,0.031175,0.0317,0.027125,0.543512658227848,0.505162241887906,0.480592801693719,0.453747467927076,0.0301,0.0391,0.0165,0.0119,0.0231,0.0269,0.0211,0.0224,0.0130201019880001,0.0113027118819995,-0.00805547699399978,0.00253285017999993,-0.00306435137895822,0.00927835051546388,0.0264550264550265,0.00531914893617014,0.0029900513149315,5.50707790587581e-4,0.00121303587345724,0.00554842901892964,0.0141077957693348,0.00950581052799845,0.00359192867930098,0.00623539051517463,0.0337165306988758,0.0346386936246085,0.0360587407554738,0.0376916944271133,-1.78501147321215,-1.67861127024074,-1.52295863270792,-1.58230387482231,-0.0235906862745098,0.0109375,0,-0.0318642048838594,0.0461620417631624,-0.0193996120852387,-0.0443837385150279,0.0137403286145783,0.0434483215212822,0.0174089167267084,0.0300930682569742,0.00697884289547801,0.444628834724426,0.446216851472855,0.47812631726265,0.462078511714935,0.97757227593293206,0.958771488783577,0.846474629635421,0.803447097309702,0.97757227593293206,0.852191689645336,0.772016734810307,0.782323856613103,-2.50954430563518,-2.30022115064025,-2.17945794233772,-2.15263847390239,0.0227672169906008,0.0256028773101365,0.0225877515660036,0.0239951508151043,0.377595514059067,0.349553465843201,0.234307304024696,0.248799264431,-0.0253226168604149,-0.0286609189412646,-0.0278053228740391,-0.0343390223352047,1.83398305084746,2.89854700854701,0.613793103448276,0.58886956521739,-0.281519843950856,-0.243885134048209,-0.199790650436824,-0.202685969735462,-2.68764969274938,-2.15441546097647,-1.89091905808317,-1.46548524378954,-0.00663088680947107,-0.00384111544657857,0.0169865791259664,0.0167580834460011,-0.00548028141842483,0.00407288552068957,0.0187862981801558,0.0203325083399696,-0.00649269616499018,-0.00805363228075459,0.0171608360833545,0.0173694370452209,-0.00483250828047181,0.00137208201815902,0.00861005940938613,0.00971972034339435,-0.00399030311363001,0.00270518230730674,0.00801919253801465,0.010271673660662,-0.0227521143302047,-0.00805342517618495,0.00826254775296297,0.015021269711829901,-0.102342035756538,0.0102650582136284,0.150760480632452,0.202639164056288,0.0168890115287294,0.00801411559195469,0.00359963045132225,0.00520183366884334,-0.0131698388434381,-0.0176368991184144,-0.0202487894304579,-0.0227653896388869,-7.64037615263758e-4,-0.00144291178142745,-0.00148213840172014,-0.0020075849807948,0.008802450370575202
1983-07-01,-0.0122091408263057,-18.5200726564611,-24.8514573970329,-26.433321361049,-42.3604165743591,-55.8097225813033,0.0996010006574566,0.184436544989463,0.116223799357093,-0.00513064681213782,0.0866359065183293,0.169887252890432,0.100443087949658,-0.0202749892340919,0.00722199063199991,0.0963587643839998,0.202077381658,0.0176163819140001,0.0404352632960001,0.109378866372,0.21338009354,0.00956090492000028,0.0835,0.0794,0.0792,0.1247,0.01985,0.0198,0.031175,0.0317,0.556360708534622,0.543512658227848,0.505162241887906,0.480592801693719,0.0248,0.0301,0.0391,0.0165,0.0188,0.0231,0.0269,0.0211,0.0332132726640002,0.0130201019880001,0.0113027118819995,-0.00805547699399978,0.00307377049180335,-0.00306435137895822,0.00927835051546388,0.0264550264550265,0.00599353910516826,0.0029900513149315,5.50707790587581e-4,0.00121303587345724,0.00676432005277256,0.0141077957693348,0.00950581052799845,0.00359192867930098,0.0329252583631595,0.0337165306988758,0.0346386936246085,0.0360587407554738,-1.76151601811554,-1.78501147321215,-1.67861127024074,-1.52295863270792,-0.00504201680672267,-0.0235906862745098,0.0109375,0,0.00855684042975381,0.0461620417631624,-0.0193996120852387,-0.0443837385150279,0.0634581968188286,0.0434483215212822,0.0174089167267084,0.0300930682569742,0.450532168149948,0.444628834724426,0.446216851472855,0.47812631726265,0.986150623963697,0.97757227593293206,0.958771488783577,0.846474629635421,0.986150623963697,0.97757227593293206,0.852191689645336,0.772016734810307,-2.61080420141036,-2.50954430563518,-2.30022115064025,-2.17945794233772,0.0252059500946324,0.0227672169906008,0.0256028773101365,0.0225877515660036,0.262067317962646,0.377595514059067,0.349553465843201,0.234307304024696,-0.0119413989607676,-0.0253226168604149,-0.0286609189412646,-0.0278053228740391,1.50857142857143,1.83398305084746,2.89854700854701,0.613793103448276,-0.282045295577513,-0.281519843950856,-0.243885134048209,-0.199790650436824,-2.33643910902352,-2.68764969274938,-2.15441546097647,-1.89091905808317,-5.02326699726849e-4,-0.00663088680947107,-0.00384111544657857,0.0169865791259664,-0.00256870375768633,-0.00548028141842483,0.00407288552068957,0.0187862981801558,-0.00120357839742623,-0.00649269616499018,-0.00805363228075459,0.0171608360833545,-0.00432364858223567,-0.00483250828047181,0.00137208201815902,0.00861005940938613,-0.00306535257133804,-0.00399030311363001,0.00270518230730674,0.00801919253801465,-0.0182774870941006,-0.0227521143302047,-0.00805342517618495,0.00826254775296297,-0.17049854656114,-0.102342035756538,0.0102650582136284,0.150760480632452,0.0175141647357595,0.0168890115287294,0.00801411559195469,0.00359963045132225,-0.00825606635922169,-0.0131698388434381,-0.0176368991184144,-0.0202487894304579,-0.00102266153257718,-7.64037615263758e-4,-0.00144291178142745,-0.00148213840172014,0.008727619763848825
1983-10-01,-0.00688824475860083,-30.9131164675031,-18.5200726564611,-24.8514573970329,-26.433321361049,-42.3604165743591,0.109144549289158,0.0996010006574566,0.184436544989463,0.116223799357093,0.0974495073124655,0.0866359065183293,0.169887252890432,0.100443087949658,-0.00107030890000004,0.00722199063199991,0.0963587643839998,0.202077381658,0.0159296073919999,0.0404352632960001,0.109378866372,0.21338009354,0.0879,0.0835,0.0794,0.0792,0.020875,0.01985,0.0198,0.031175,0.551231135822081,0.556360708534622,0.543512658227848,0.505162241887906,0.024,0.0248,0.0301,0.0391,0.0163,0.0188,0.0231,0.0269,0.0169999162919999,0.0332132726640002,0.0130201019880001,0.0113027118819995,0.0163432073544432,0.00307377049180335,-0.00306435137895822,0.00927835051546388,0.0158265546950099,0.00599353910516826,0.0029900513149315,5.50707790587581e-4,0.00390751307631852,0.00676432005277256,0.0141077957693348,0.00950581052799845,0.0331207005878049,0.0329252583631595,0.0337165306988758,0.0346386936246085,-1.85599661964075,-1.76151601811554,-1.78501147321215,-1.67861127024074,0.0346534653465347,-0.00504201680672267,-0.0235906862745098,0.0109375,0.0412719313330275,0.00855684042975381,0.0461620417631624,-0.0193996120852387,0.0635006502270699,0.0634581968188286,0.0434483215212822,0.0174089167267084,0.422535628080368,0.450532168149948,0.444628834724426,0.446216851472855,0.978899303052151,0.986150623963697,0.97757227593293206,0.958771488783577,0.978899303052151,0.986150623963697,0.97757227593293206,0.852191689645336,-2.69472342906294,-2.61080420141036,-2.50954430563518,-2.30022115064025,0.031340031085618,0.0252059500946324,0.0227672169906008,0.0256028773101365,0.202722877264023,0.262067317962646,0.377595514059067,0.349553465843201,0.00654449132349368,-0.0119413989607676,-0.0253226168604149,-0.0286609189412646,1.186,1.50857142857143,1.83398305084746,2.89854700854701,-0.296389431442858,-0.282045295577513,-0.281519843950856,-0.243885134048209,-1.8851821936251,-2.33643910902352,-2.68764969274938,-2.15441546097647,0.00204666755850891,-5.02326699726849e-4,-0.00663088680947107,-0.00384111544657857,-3.44493686649906e-4,-0.00256870375768633,-0.00548028141842483,0.00407288552068957,0.00491621561523226,-0.00120357839742623,-0.00649269616499018,-0.00805363228075459,-0.00539743131105302,-0.00432364858223567,-0.00483250828047181,0.00137208201815902,-0.00468211192847017,-0.00306535257133804,-0.00399030311363001,0.00270518230730674,-0.0166092334205287,-0.0182774870941006,-0.0227521143302047,-0.00805342517618495,-0.132557897558047,-0.17049854656114,-0.102342035756538,0.0102650582136284,0.0150719801178645,0.0175141647357595,0.0168890115287294,0.00801411559195469,0.007442508206884,-0.00825606635922169,-0.0131698388434381,-0.0176368991184144,-0.00105499995805854,-0.00102266153257718,-7.64037615263758e-4,-0.00144291178142745,0.008014823748463117
1984-01-01,-0.0354855040823576,-34.398877491222,-30.9131164675031,-18.5200726564611,-24.8514573970329,-26.433321361049,-0.00198839977060916,0.109144549289158,0.0996010006574566,0.184436544989463,-0.0125563619677611,0.0974495073124655,0.0866359065183293,0.169887252890432,0.00144459140000008,-0.00107030890000004,0.00722199063199991,0.0963587643839998,-0.00302482636000001,0.0159296073919999,0.0404352632960001,0.109378866372,0.09,0.0879,0.0835,0.0794,0.021975,0.020875,0.01985,0.0198,0.526315789473684,0.551231135822081,0.556360708534622,0.543512658227848,0.0257,0.024,0.0248,0.0301,0.0118,0.0163,0.0188,0.0231,-0.00446941776000009,0.0169999162919999,0.0332132726640002,0.0130201019880001,0.0120603015075378,0.0163432073544432,0.00307377049180335,-0.00306435137895822,0.0231783954045958,0.0158265546950099,0.00599353910516826,0.0029900513149315,0.0047191629782426,0.00390751307631852,0.00676432005277256,0.0141077957693348,0.0342370561701407,0.0331207005878049,0.0329252583631595,0.0337165306988758,-1.74503485931427,-1.85599661964075,-1.76151601811554,-1.78501147321215,-0.0379146919431279,0.0346534653465347,-0.00504201680672267,-0.0235906862745098,0.0399471820928371,0.0412719313330275,0.00855684042975381,0.0461620417631624,0.0301275197416544,0.0635006502270699,0.0634581968188286,0.0434483215212822,0.455384820699692,0.422535628080368,0.450532168149948,0.444628834724426,0.978076889519897,0.978899303052151,0.986150623963697,0.97757227593293206,0.978076889519897,0.978899303052151,0.986150623963697,0.97757227593293206,-2.63484414328903,-2.69472342906294,-2.61080420141036,-2.50954430563518,0.029593127926963,0.031340031085618,0.0252059500946324,0.0227672169906008,0.250039666891098,0.202722877264023,0.262067317962646,0.377595514059067,0.0190119101226245,0.00654449132349368,-0.0119413989607676,-0.0253226168604149,1.52619834710744,1.186,1.50857142857143,1.83398305084746,-0.274659824796707,-0.296389431442858,-0.282045295577513,-0.281519843950856,-1.14102364284571,-1.8851821936251,-2.33643910902352,-2.68764969274938,0.00933496608944646,0.00204666755850891,-5.02326699726849e-4,-0.00663088680947107,0.00416470172884712,-3.44493686649906e-4,-0.00256870375768633,-0.00548028141842483,0.0080026544990073,0.00491621561523226,-0.00120357839742623,-0.00649269616499018,-0.00168611120790294,-0.00539743131105302,-0.00432364858223567,-0.00483250828047181,-0.00214066430100778,-0.00468211192847017,-0.00306535257133804,-0.00399030311363001,-0.00531752157447926,-0.0166092334205287,-0.0182774870941006,-0.0227521143302047,-0.081227555821663,-0.132557897558047,-0.17049854656114,-0.102342035756538,0.0236235928609917,0.0150719801178645,0.0175141647357595,0.0168890115287294,0.00614432751780921,0.007442508206884,-0.00825606635922169,-0.0131698388434381,-1.77893883418185e-5,-0.00105499995805854,-0.00102266153257718,-7.64037615263758e-4,0.007707955050731443
1984-04-01,-0.0384219368962559,-41.1828631688667,-34.398877491222,-30.9131164675031,-18.5200726564611,-24.8514573970329,0.00461649085429272,-0.00198839977060916,0.109144549289158,0.0996010006574566,-0.00630713867336974,-0.0125563619677611,0.0974495073124655,0.0866359065183293,-0.00107022479600005,0.00144459140000008,-0.00107030890000004,0.00722199063199991,0.00832600714999998,-0.00302482636000001,0.0159296073919999,0.0404352632960001,0.09,0.09,0.0879,0.0835,0.0225,0.021975,0.020875,0.01985,0.505345687811832,0.526315789473684,0.551231135822081,0.556360708534622,0.0297,0.0257,0.024,0.0248,0.0118,0.0118,0.0163,0.0188,0.00939623194600003,-0.00446941776000009,0.0169999162919999,0.0332132726640002,0.00595829195630571,0.0120603015075378,0.0163432073544432,0.00307377049180335,0.0270568953543173,0.0231783954045958,0.0158265546950099,0.00599353910516826,0.00247977297667143,0.0047191629782426,0.00390751307631852,0.00676432005277256,0.035974365455084,0.0342370561701407,0.0331207005878049,0.0329252583631595,-1.68754142264211,-1.74503485931427,-1.85599661964075,-1.76151601811554,0.00101282916947998,-0.0379146919431279,0.0346534653465347,-0.00504201680672267,0.0220404848993959,0.0399471820928371,0.0412719313330275,0.00855684042975381,0.0360062755644321,0.0301275197416544,0.0635006502270699,0.0634581968188286,0.475947856903076,0.455384820699692,0.422535628080368,0.450532168149948,0.977812305779988,0.978076889519897,0.978899303052151,0.986150623963697,0.977812305779988,0.978076889519897,0.978899303052151,0.986150623963697,-2.5761329223977,-2.63484414328903,-2.69472342906294,-2.61080420141036,0.0194841579855918,0.029593127926963,0.031340031085618,0.0252059500946324,0.155245840549469,0.250039666891098,0.202722877264023,0.262067317962646,0.0292373196623359,0.0190119101226245,0.00654449132349368,-0.0119413989607676,1.91368852459016,1.52619834710744,1.186,1.50857142857143,-0.235522290629417,-0.274659824796707,-0.296389431442858,-0.282045295577513,-0.714571398185067,-1.14102364284571,-1.8851821936251,-2.33643910902352,0.00874150121352659,0.00933496608944646,0.00204666755850891,-5.02326699726849e-4,0.00632202918775334,0.00416470172884712,-3.44493686649906e-4,-0.00256870375768633,0.0102609281499238,0.0080026544990073,0.00491621561523226,-0.00120357839742623,-3.25215318633215e-4,-0.00168611120790294,-0.00539743131105302,-0.00432364858223567,-0.00116303778914146,-0.00214066430100778,-0.00468211192847017,-0.00306535257133804,-4.39179043591134e-4,-0.00531752157447926,-0.0166092334205287,-0.0182774870941006,-0.0701939985849038,-0.081227555821663,-0.132557897558047,-0.17049854656114,0.00833120992540807,0.0236235928609917,0.0150719801178645,0.0175141647357595,-0.004110717943986,0.00614432751780921,0.007442508206884,-0.00825606635922169,-4.80443328796854e-4,-1.77893883418185e-5,-0.00105499995805854,-0.00102266153257718,0.007497972026356035
1984-07-01,0.0809763161378016,-45.2408765131897,-41.1828631688667,-34.398877491222,-30.9131164675031,-18.5200726564611,-0.021158074974919,0.00461649085429272,-0.00198839977060916,0.109144549289158,-0.0318408070812285,-0.00630713867336974,-0.0125563619677611,0.0974495073124655,-0.00953050460800009,-0.00107022479600005,0.00144459140000008,-0.00107030890000004,-0.0143837865999999,0.00832600714999998,-0.00302482636000001,0.0159296073919999,0.0952,0.09,0.09,0.0879,0.0225,0.0225,0.021975,0.020875,0.470511140235911,0.505345687811832,0.526315789473684,0.551231135822081,0.0301,0.0297,0.0257,0.024,0.0142,0.0118,0.0118,0.0163,-0.00485328199199986,0.00939623194600003,-0.00446941776000009,0.0169999162919999,0.0128331688055281,0.00595829195630571,0.0120603015075378,0.0163432073544432,0.0241049386389593,0.0270568953543173,0.0231783954045958,0.0158265546950099,0.00416867014922203,0.00247977297667143,0.0047191629782426,0.00390751307631852,0.0367156433785591,0.035974365455084,0.0342370561701407,0.0331207005878049,-1.64771674270265,-1.68754142264211,-1.74503485931427,-1.85599661964075,0.00587851077726964,0.00101282916947998,-0.0379146919431279,0.0346534653465347,0.0960531071422086,0.0220404848993959,0.0399471820928371,0.0412719313330275,0.019228832796216,0.0360062755644321,0.0301275197416544,0.0635006502270699,0.463612347841263,0.475947856903076,0.455384820699692,0.422535628080368,0.904979801118707,0.977812305779988,0.978076889519897,0.978899303052151,0.904979801118707,0.977812305779988,0.978076889519897,0.978899303052151,-2.4609823658108,-2.5761329223977,-2.63484414328903,-2.69472342906294,0.0215855193006793,0.0194841579855918,0.029593127926963,0.031340031085618,0.230255216360092,0.155245840549469,0.250039666891098,0.202722877264023,0.0357288161335645,0.0292373196623359,0.0190119101226245,0.00654449132349368,1.77813008130081,1.91368852459016,1.52619834710744,1.186,-0.213538637677356,-0.235522290629417,-0.274659824796707,-0.296389431442858,0.101313014932873,-0.714571398185067,-1.14102364284571,-1.8851821936251,0.00728595592273324,0.00874150121352659,0.00933496608944646,0.00204666755850891,0.00807754687920343,0.00632202918775334,0.00416470172884712,-3.44493686649906e-4,0.0135353381559389,0.0102609281499238,0.0080026544990073,0.00491621561523226,0.00180043756022432,-3.25215318633215e-4,-0.00168611120790294,-0.00539743131105302,0.00242374750180974,-0.00116303778914146,-0.00214066430100778,-0.00468211192847017,0.0087589012397364,-4.39179043591134e-4,-0.00531752157447926,-0.0166092334205287,0.0130075283047562,-0.0701939985849038,-0.081227555821663,-0.132557897558047,0.00144765486508808,0.00833120992540807,0.0236235928609917,0.0150719801178645,-0.0137552930131797,-0.004110717943986,0.00614432751780921,0.007442508206884,3.48204128856175e-4,-4.80443328796854e-4,-1.77893883418185e-5,-0.00105499995805854,0.00749349654208657
1984-10-01,0.00683988986911514,-29.2916036380893,-45.2408765131897,-41.1828631688667,-34.398877491222,-30.9131164675031,-0.0248446750334305,-0.021158074974919,0.00461649085429272,-0.00198839977060916,-0.0369393600624714,-0.0318408070812285,-0.00630713867336974,-0.0125563619677611,-0.047481573,-0.00953050460800009,-0.00107022479600005,0.00144459140000008,-0.036446833459,-0.0143837865999999,0.00832600714999998,-0.00302482636000001,0.0987,0.0952,0.09,0.09,0.0238,0.0225,0.0225,0.021975,0.451234567901235,0.470511140235911,0.505345687811832,0.526315789473684,0.0387,0.0301,0.0297,0.0257,0.015,0.0142,0.0118,0.0118,0.011034739541,-0.00485328199199986,0.00939623194600003,-0.00446941776000009,0.0107212475633529,0.0128331688055281,0.00595829195630571,0.0120603015075378,0.00130405924835773,0.0241049386389593,0.0270568953543173,0.0231783954045958,0.00364434109856465,0.00416867014922203,0.00247977297667143,0.0047191629782426,0.0379818719103137,0.0367156433785591,0.035974365455084,0.0342370561701407,-1.60638544595613,-1.64771674270265,-1.68754142264211,-1.74503485931427,-0.0356564019448947,0.00587851077726964,0.00101282916947998,-0.0379146919431279,-0.00370837471806353,0.0960531071422086,0.0220404848993959,0.0399471820928371,0.0768652409315109,0.019228832796216,0.0360062755644321,0.0301275197416544,0.47880819439888,0.463612347841263,0.475947856903076,0.455384820699692,0.879738968303294,0.904979801118707,0.977812305779988,0.978076889519897,0.879738968303294,0.904979801118707,0.977812305779988,0.978076889519897,-2.37376360385979,-2.4609823658108,-2.5761329223977,-2.63484414328903,0.0275687532053301,0.0215855193006793,0.0194841579855918,0.029593127926963,0.228597775101662,0.230255216360092,0.155245840549469,0.250039666891098,0.0383376061386468,0.0357288161335645,0.0292373196623359,0.0190119101226245,2.39379032258064,1.77813008130081,1.91368852459016,1.52619834710744,-0.156001130633238,-0.213538637677356,-0.235522290629417,-0.274659824796707,0.321546949882994,0.101313014932873,-0.714571398185067,-1.14102364284571,0.0166475125407416,0.00728595592273324,0.00874150121352659,0.00933496608944646,0.0174669305933748,0.00807754687920343,0.00632202918775334,0.00416470172884712,0.022200060589412,0.0135353381559389,0.0102609281499238,0.0080026544990073,0.00354691600520219,0.00180043756022432,-3.25215318633215e-4,-0.00168611120790294,0.00402307643176017,0.00242374750180974,-0.00116303778914146,-0.00214066430100778,0.0133828908283783,0.0087589012397364,-4.39179043591134e-4,-0.00531752157447926,0.014825935282343,0.0130075283047562,-0.0701939985849038,-0.081227555821663,0.00471775089219949,0.00144765486508808,0.00833120992540807,0.0236235928609917,-0.00992969841685573,-0.0137552930131797,-0.004110717943986,0.00614432751780921,5.79885668595793e-4,3.48204128856175e-4,-4.80443328796854e-4,-1.77893883418185e-5,0.009645017210601996
1985-01-01,0.0771869052333331,-34.0106148701747,-29.2916036380893,-45.2408765131897,-41.1828631688667,-34.398877491222,0.0970550749113805,-0.0248446750334305,-0.021158074974919,0.00461649085429272,0.0848747138631596,-0.0369393600624714,-0.0318408070812285,-0.00630713867336974,0.135286203596,-0.047481573,-0.00953050460800009,-0.00107022479600005,0.125359529228,-0.036446833459,-0.0143837865999999,0.00832600714999998,0.1037,0.0987,0.0952,0.09,0.024675,0.0238,0.0225,0.0225,0.445652173913044,0.451234567901235,0.470511140235911,0.505345687811832,0.0198,0.0387,0.0301,0.0297,0.0169,0.015,0.0142,0.0118,-0.00992667436799977,0.011034739541,-0.00485328199199986,0.00939623194600003,0.012536162005786,0.0107212475633529,0.0128331688055281,0.00595829195630571,-0.00949254695205639,0.00130405924835773,0.0241049386389593,0.0270568953543173,0.00493571701025439,0.00364434109856465,0.00416867014922203,0.00247977297667143,0.0386457864589566,0.0379818719103137,0.0367156433785591,0.035974365455084,-1.58377708160185,-1.60638544595613,-1.64771674270265,-1.68754142264211,0.0119453924914674,-0.0356564019448947,0.00587851077726964,0.00101282916947998,-3.50158089654896e-4,-0.00370837471806353,0.0960531071422086,0.0220404848993959,0.0204377546906471,0.0768652409315109,0.019228832796216,0.0360062755644321,0.482288300991058,0.47880819439888,0.463612347841263,0.475947856903076,0.937468924798011,0.879738968303294,0.904979801118707,0.977812305779988,0.937468924798011,0.879738968303294,0.904979801118707,0.977812305779988,-2.4235606652957,-2.37376360385979,-2.4609823658108,-2.5761329223977,0.0275917187483926,0.0275687532053301,0.0215855193006793,0.0194841579855918,0.258025944232941,0.228597775101662,0.230255216360092,0.155245840549469,0.0335415228021134,0.0383376061386468,0.0357288161335645,0.0292373196623359,1.52464,2.39379032258064,1.77813008130081,1.91368852459016,-0.180587032165514,-0.156001130633238,-0.213538637677356,-0.235522290629417,0.00900369044136411,0.321546949882994,0.101313014932873,-0.714571398185067,0.00261044943137049,0.0166475125407416,0.00728595592273324,0.00874150121352659,0.00489861000205213,0.0174669305933748,0.00807754687920343,0.00632202918775334,0.00121812371565335,0.022200060589412,0.0135353381559389,0.0102609281499238,-0.00115515154923898,0.00354691600520219,0.00180043756022432,-3.25215318633215e-4,-0.00184577965697615,0.00402307643176017,0.00242374750180974,-0.00116303778914146,0.00132125434840273,0.0133828908283783,0.0087589012397364,-4.39179043591134e-4,-0.0446663080985838,0.014825935282343,0.0130075283047562,-0.0701939985849038,0.00557127645413136,0.00471775089219949,0.00144765486508808,0.00833120992540807,-0.00142221271260881,-0.00992969841685573,-0.0137552930131797,-0.004110717943986,7.26605192513872e-4,5.79885668595793e-4,3.48204128856175e-4,-4.80443328796854e-4,0.009949822801654455
1985-04-01,0.0600970049712639,-22.5616699378388,-34.0106148701747,-29.2916036380893,-45.2408765131897,-41.1828631688667,0.0188460123338388,0.0970550749113805,-0.0248446750334305,-0.021158074974919,0.00678386550258447,0.0848747138631596,-0.0369393600624714,-0.0318408070812285,0.0782858940180002,0.135286203596,-0.047481573,-0.00953050460800009,0.093431681792,0.125359529228,-0.036446833459,-0.0143837865999999,0.0806,0.1037,0.0987,0.0952,0.025925,0.024675,0.0238,0.0225,0.452524038461538,0.445652173913044,0.451234567901235,0.470511140235911,0.0364,0.0198,0.0387,0.0301,0.0127,0.0169,0.015,0.0142,0.0151457877739998,-0.00992667436799977,0.011034739541,-0.00485328199199986,0.00285714285714289,0.012536162005786,0.0107212475633529,0.0128331688055281,-0.0271967882191245,-0.00949254695205639,0.00130405924835773,0.0241049386389593,0.00350224322947353,0.00493571701025439,0.00364434109856465,0.00416867014922203,0.03902253942463,0.0386457864589566,0.0379818719103137,0.0367156433785591,-1.50739170672102,-1.58377708160185,-1.60638544595613,-1.64771674270265,-0.0329670329670331,0.0119453924914674,-0.0356564019448947,0.00587851077726964,-0.0143687385182291,-3.50158089654896e-4,-0.00370837471806353,0.0960531071422086,0.0983981713652611,0.0204377546906471,0.0768652409315109,0.019228832796216,0.504386901855469,0.482288300991058,0.47880819439888,0.463612347841263,0.941654231175776,0.937468924798011,0.879738968303294,0.904979801118707,0.941244561839652,0.937468924798011,0.879738968303294,0.904979801118707,-2.41647487600738,-2.4235606652957,-2.37376360385979,-2.4609823658108,0.0170859841199124,0.0275917187483926,0.0275687532053301,0.0215855193006793,0.254675298929214,0.258025944232941,0.228597775101662,0.230255216360092,0.0278226014121215,0.0335415228021134,0.0383376061386468,0.0357288161335645,1.90253968253968,1.52464,2.39379032258064,1.77813008130081,-0.101436715143253,-0.180587032165514,-0.156001130633238,-0.213538637677356,-0.31330226537244,0.00900369044136411,0.321546949882994,0.101313014932873,3.59275840996194e-4,0.00261044943137049,0.0166475125407416,0.00728595592273324,-0.00256644330214839,0.00489861000205213,0.0174669305933748,0.00807754687920343,-4.32317329724091e-4,0.00121812371565335,0.022200060589412,0.0135353381559389,7.49437673139966e-4,-0.00115515154923898,0.00354691600520219,0.00180043756022432,0.00165806348789354,-0.00184577965697615,0.00402307643176017,0.00242374750180974,0.00251764733645186,0.00132125434840273,0.0133828908283783,0.0087589012397364,-0.0245393464049916,-0.0446663080985838,0.014825935282343,0.0130075283047562,0.0037824436505803,0.00557127645413136,0.00471775089219949,0.00144765486508808,0.00310867525138295,-0.00142221271260881,-0.00992969841685573,-0.0137552930131797,0.00111842736140281,7.26605192513872e-4,5.79885668595793e-4,3.48204128856175e-4,0.011682112105873759
1985-07-01,-0.0522676657549952,-18.9301156100777,-22.5616699378388,-34.0106148701747,-29.2916036380893,-45.2408765131897,0.091428321915912,0.0188460123338388,0.0970550749113805,-0.0248446750334305,0.079971650272331593,0.00678386550258447,0.0848747138631596,-0.0369393600624714,0.0155543582359998,0.0782858940180002,0.135286203596,-0.047481573,0.0117801307250001,0.093431681792,0.125359529228,-0.036446833459,0.0852,0.0806,0.1037,0.0987,0.02015,0.025925,0.024675,0.0238,0.467358145210494,0.452524038461538,0.445652173913044,0.451234567901235,0.0329,0.0364,0.0198,0.0387,0.0113,0.0127,0.0169,0.015,-0.00377422751099976,0.0151457877739998,-0.00992667436799977,0.011034739541,0.0104463437796771,0.00285714285714289,0.012536162005786,0.0107212475633529,-0.0248157711893807,-0.0271967882191245,-0.00949254695205639,0.00130405924835773,0.0031834025157959,0.00350224322947353,0.00493571701025439,0.00364434109856465,0.0389141195126273,0.03902253942463,0.0386457864589566,0.0379818719103137,-1.57784052195956,-1.50739170672102,-1.58377708160185,-1.60638544595613,0.0659133709981168,-0.0329670329670331,0.0119453924914674,-0.0356564019448947,-0.014700999795295,-0.0143687385182291,-3.50158089654896e-4,-0.00370837471806353,0.0516162626445293,0.0983981713652611,0.0204377546906471,0.0768652409315109,0.478670597076416,0.504386901855469,0.482288300991058,0.47880819439888,0.974926117473218,0.941654231175776,0.937468924798011,0.879738968303294,0.974926117473218,0.941244561839652,0.937468924798011,0.879738968303294,-2.51202332237131,-2.41647487600738,-2.4235606652957,-2.37376360385979,0.0328534674915693,0.0170859841199124,0.0275917187483926,0.0275687532053301,0.21320515871048001,0.254675298929214,0.258025944232941,0.228597775101662,0.02380304673258,0.0278226014121215,0.0335415228021134,0.0383376061386468,2.34755905511811,1.90253968253968,1.52464,2.39379032258064,-0.0781068963030813,-0.101436715143253,-0.180587032165514,-0.156001130633238,-0.772888209724468,-0.31330226537244,0.00900369044136411,0.321546949882994,0.00766812644852314,3.59275840996194e-4,0.00261044943137049,0.0166475125407416,0.00519410799772664,-0.00256644330214839,0.00489861000205213,0.0174669305933748,0.0044987053553518,-4.32317329724091e-4,0.00121812371565335,0.022200060589412,-0.00190691155170749,7.49437673139966e-4,-0.00115515154923898,0.00354691600520219,-0.00261769774267083,0.00165806348789354,-0.00184577965697615,0.00402307643176017,-0.00618287557030739,0.00251764733645186,0.00132125434840273,0.0133828908283783,-0.0259488601221118,-0.0245393464049916,-0.0446663080985838,0.014825935282343,0.0163314962921443,0.0037824436505803,0.00557127645413136,0.00471775089219949,0.00654128887667715,0.00310867525138295,-0.00142221271260881,-0.00992969841685573,9.15455801191422e-4,0.00111842736140281,7.26605192513872e-4,5.79885668595793e-4,0.016168289447062275
1985-10-01,0.148738117050911,-36.4872935344993,-18.9301156100777,-22.5616699378388,-34.0106148701747,-29.2916036380893,0.0758132910513574,0.091428321915912,0.0188460123338388,0.0970550749113805,0.0647120944509181,0.079971650272331593,0.00678386550258447,0.0848747138631596,0.131815070144,0.0155543582359998,0.0782858940180002,0.135286203596,0.12327362576,0.0117801307250001,0.093431681792,0.125359529228,0.0695,0.0852,0.0806,0.1037,0.0213,0.02015,0.025925,0.024675,0.49583600256246,0.467358145210494,0.452524038461538,0.445652173913044,0.036,0.0329,0.0364,0.0198,0.0146,0.0113,0.0127,0.0169,-0.00854144438399973,-0.00377422751099976,0.0151457877739998,-0.00992667436799977,0.0112781954887218,0.0104463437796771,0.00285714285714289,0.012536162005786,-0.0266075126157986,-0.0248157711893807,-0.0271967882191245,-0.00949254695205639,0.00203526075605991,0.0031834025157959,0.00350224322947353,0.00493571701025439,0.0389298175532582,0.0389141195126273,0.03902253942463,0.0386457864589566,-1.56888902159016,-1.57784052195956,-1.50739170672102,-1.58377708160185,-0.0412926391382407,0.0659133709981168,-0.0329670329670331,0.0119453924914674,0.0413619700157846,-0.014700999795295,-0.0143687385182291,-3.50158089654896e-4,0.0501745827496052,0.0516162626445293,0.0983981713652611,0.0204377546906471,0.477089673280716,0.478670597076416,0.504386901855469,0.482288300991058,1,0.974926117473218,0.941654231175776,0.937468924798011,1,0.974926117473218,0.941244561839652,0.937468924798011,-2.60556575059793,-2.51202332237131,-2.41647487600738,-2.4235606652957,0.0160318658592941,0.0328534674915693,0.0170859841199124,0.0275917187483926,0.16104282438755,0.21320515871048001,0.254675298929214,0.258025944232941,0.0193565014682148,0.02380304673258,0.0278226014121215,0.0335415228021134,2.27921875,2.34755905511811,1.90253968253968,1.52464,-0.103187760399654,-0.0781068963030813,-0.101436715143253,-0.180587032165514,-1.54287750290217,-0.772888209724468,-0.31330226537244,0.00900369044136411,-0.0099632120682663,0.00766812644852314,3.59275840996194e-4,0.00261044943137049,-0.00802573510529636,0.00519410799772664,-0.00256644330214839,0.00489861000205213,-0.00774299268015815,0.0044987053553518,-4.32317329724091e-4,0.00121812371565335,-0.00260003189529823,-0.00190691155170749,7.49437673139966e-4,-0.00115515154923898,-0.00223611141036862,-0.00261769774267083,0.00165806348789354,-0.00184577965697615,-0.011213644441407,-0.00618287557030739,0.00251764733645186,0.00132125434840273,-0.0541399103922952,-0.0259488601221118,-0.0245393464049916,-0.0446663080985838,0.0131368257864833,0.0163314962921443,0.0037824436505803,0.00557127645413136,0.0095681816388499,0.00654128887667715,0.00310867525138295,-0.00142221271260881,0.00159183237237558,9.15455801191422e-4,0.00111842736140281,7.26605192513872e-4,0.012852207864934405
1986-01-01,0.122860786342887,-4.99416567281995,-36.4872935344993,-18.9301156100777,-22.5616699378388,-34.0106148701747,-0.0426955869817035,0.0758132910513574,0.091428321915912,0.0188460123338388,-0.052623918884163,0.0647120944509181,0.079971650272331593,0.00678386550258447,0.00531818902000003,0.131815070144,0.0155543582359998,0.0782858940180002,0.0207818563400002,0.12327362576,0.0117801307250001,0.093431681792,0.071,0.0695,0.0852,0.0806,0.017375,0.0213,0.02015,0.025925,0.514773473407748,0.49583600256246,0.467358145210494,0.452524038461538,0.0372,0.036,0.0329,0.0364,0.0141,0.0146,0.0113,0.0127,0.0154636673200002,-0.00854144438399973,-0.00377422751099976,0.0151457877739998,0.00650557620817849,0.0112781954887218,0.0104463437796771,0.00285714285714289,-0.0312943547748932,-0.0266075126157986,-0.0248157711893807,-0.0271967882191245,0.00221416825251535,0.00203526075605991,0.0031834025157959,0.00350224322947353,0.0379585115556049,0.0389298175532582,0.0389141195126273,0.03902253942463,-1.53069748273464,-1.56888902159016,-1.57784052195956,-1.50739170672102,0.0412186379928317,-0.0412926391382407,0.0659133709981168,-0.0329670329670331,0.0288133433606772,0.0413619700157846,-0.014700999795295,-0.0143687385182291,0.0467459335923195,0.0501745827496052,0.0516162626445293,0.0983981713652611,0.485016047954559,0.477089673280716,0.478670597076416,0.504386901855469,0.977264368830634,1,0.974926117473218,0.941654231175776,0.977264368830634,1,0.974926117473218,0.941244561839652,-2.5798471558276,-2.60556575059793,-2.51202332237131,-2.41647487600738,0.0205478333375054,0.0160318658592941,0.0328534674915693,0.0170859841199124,0.196122959256172,0.16104282438755,0.21320515871048001,0.254675298929214,0.0204783578846121,0.0193565014682148,0.02380304673258,0.0278226014121215,2.1415503875969,2.27921875,2.34755905511811,1.90253968253968,-0.084977864209072,-0.103187760399654,-0.0781068963030813,-0.101436715143253,-1.58035291573481,-1.54287750290217,-0.772888209724468,-0.31330226537244,-8.06653097674398e-4,-0.0099632120682663,0.00766812644852314,3.59275840996194e-4,-6.44409749345865e-4,-0.00802573510529636,0.00519410799772664,-0.00256644330214839,0.00148654799669285,-0.00774299268015815,0.0044987053553518,-4.32317329724091e-4,0.00151092220607885,-0.00260003189529823,-0.00190691155170749,7.49437673139966e-4,-3.24045664473575e-4,-0.00223611141036862,-0.00261769774267083,0.00165806348789354,-0.00321471891186675,-0.011213644441407,-0.00618287557030739,0.00251764733645186,-0.0277929448581485,-0.0541399103922952,-0.0259488601221118,-0.0245393464049916,0.01374923978876,0.0131368257864833,0.0163314962921443,0.0037824436505803,0.0127659435859622,0.0095681816388499,0.00654128887667715,0.00310867525138295,0.00148190773704243,0.00159183237237558,9.15455801191422e-4,0.00111842736140281,0.01382944306455073
1986-04-01,0.0487702313430563,7.78027136078014,-4.99416567281995,-36.4872935344993,-18.9301156100777,-22.5616699378388,0.17415126281718,-0.0426955869817035,0.0758132910513574,0.091428321915912,0.162344084507775,-0.052623918884163,0.0647120944509181,0.079971650272331593,0.133426696058,0.00531818902000003,0.131815070144,0.0155543582359998,0.12135270137,0.0207818563400002,0.12327362576,0.0117801307250001,0.071,0.071,0.0695,0.0852,0.01775,0.017375,0.0213,0.02015,0.54072553045859,0.514773473407748,0.49583600256246,0.467358145210494,0.0246,0.0372,0.036,0.0329,0.0142,0.0141,0.0146,0.0113,-0.0120739946880002,0.0154636673200002,-0.00854144438399973,-0.00377422751099976,0.00923361034164349,0.00650557620817849,0.0112781954887218,0.0104463437796771,-0.0194650792055204,-0.0312943547748932,-0.0266075126157986,-0.0248157711893807,0.00308490792705159,0.00221416825251535,0.00203526075605991,0.0031834025157959,0.038150817232342,0.0379585115556049,0.0389298175532582,0.0389141195126273,-1.76077213865295,-1.53069748273464,-1.56888902159016,-1.57784052195956,-0.10913364674278,0.0412186379928317,-0.0412926391382407,0.0659133709981168,0.0333650964324435,0.0288133433606772,0.0413619700157846,-0.014700999795295,0.0387687012553215,0.0467459335923195,0.0501745827496052,0.0516162626445293,0.476256996393204,0.485016047954559,0.477089673280716,0.478670597076416,0.995859893116992,0.977264368830634,1,0.974926117473218,0.995859893116992,0.977264368830634,1,0.974926117473218,-2.76003821920575,-2.5798471558276,-2.60556575059793,-2.51202332237131,0.0196439621483447,0.0205478333375054,0.0160318658592941,0.0328534674915693,0.209546089172363,0.196122959256172,0.16104282438755,0.21320515871048001,0.0147215642254276,0.0204783578846121,0.0193565014682148,0.02380304673258,1.48507692307692,2.1415503875969,2.27921875,2.34755905511811,-0.111928856063198,-0.084977864209072,-0.103187760399654,-0.0781068963030813,-1.95552570435476,-1.58035291573481,-1.54287750290217,-0.772888209724468,-0.00865017668983609,-8.06653097674398e-4,-0.0099632120682663,0.00766812644852314,-0.00834133938657059,-6.44409749345865e-4,-0.00802573510529636,0.00519410799772664,-0.010776145803483,0.00148654799669285,-0.00774299268015815,0.0044987053553518,-0.00505744101174709,0.00151092220607885,-0.00260003189529823,-0.00190691155170749,-0.00275745014408792,-3.24045664473575e-4,-0.00223611141036862,-0.00261769774267083,-0.0171610663279839,-0.00321471891186675,-0.011213644441407,-0.00618287557030739,-0.119215949120686,-0.0277929448581485,-0.0541399103922952,-0.0259488601221118,0.00923455654087283,0.01374923978876,0.0131368257864833,0.0163314962921443,0.00766805095517562,0.0127659435859622,0.0095681816388499,0.00654128887667715,6.1570423266251e-4,0.00148190773704243,0.00159183237237558,9.15455801191422e-4,0.014462994390606157
1986-07-01,-0.0810132523848026,1.89175646134431,7.78027136078014,-4.99416567281995,-36.4872935344993,-18.9301156100777,0.141978522433123,0.17415126281718,-0.0426955869817035,0.0758132910513574,0.132034549745855,0.162344084507775,-0.052623918884163,0.0647120944509181,0.19731570875,0.133426696058,0.00531818902000003,0.131815070144,0.10768738304,0.12135270137,0.0207818563400002,0.12327362576,0.0656,0.071,0.071,0.0695,0.01775,0.01775,0.017375,0.0213,0.552341597796143,0.54072553045859,0.514773473407748,0.49583600256246,0.011,0.0246,0.0372,0.036,0.015,0.0142,0.0141,0.0146,-0.0896283257100001,-0.0120739946880002,0.0154636673200002,-0.00854144438399973,-0.00457456541628543,0.00923361034164349,0.00650557620817849,0.0112781954887218,-0.0164196183723706,-0.0194650792055204,-0.0312943547748932,-0.0266075126157986,0.00438318300157287,0.00308490792705159,0.00221416825251535,0.00203526075605991,0.0372827872476494,0.038150817232342,0.0379585115556049,0.0389298175532582,-1.89888574734378,-1.76077213865295,-1.53069748273464,-1.56888902159016,-0.212830188679245,-0.10913364674278,0.0412186379928317,-0.0412926391382407,0.0329592634383115,0.0333650964324435,0.0288133433606772,0.0413619700157846,0.0668021440505981,0.0387687012553215,0.0467459335923195,0.0501745827496052,0.445411264896393,0.476256996393204,0.485016047954559,0.477089673280716,0.998292822168061,0.995859893116992,0.977264368830634,1,0.998292822168061,0.995859893116992,0.977264368830634,1,-2.87543997145237,-2.76003821920575,-2.5798471558276,-2.60556575059793,0.0217765332090395,0.0196439621483447,0.0205478333375054,0.0160318658592941,0.223055869340897,0.209546089172363,0.196122959256172,0.16104282438755,0.0112989397054927,0.0147215642254276,0.0204783578846121,0.0193565014682148,0.543740458015267,1.48507692307692,2.1415503875969,2.27921875,-0.0593759923355435,-0.111928856063198,-0.084977864209072,-0.103187760399654,-1.67495774081598,-1.95552570435476,-1.58035291573481,-1.54287750290217,-0.0149469800725334,-0.00865017668983609,-8.06653097674398e-4,-0.0099632120682663,-0.0138926585251593,-0.00834133938657059,-6.44409749345865e-4,-0.00802573510529636,-0.0229883749595821,-0.010776145803483,0.00148654799669285,-0.00774299268015815,-0.00612977923467474,-0.00505744101174709,0.00151092220607885,-0.00260003189529823,-0.00509778546115034,-0.00275745014408792,-3.24045664473575e-4,-0.00223611141036862,-0.0176770564341422,-0.0171610663279839,-0.00321471891186675,-0.011213644441407,-0.13951323439108,-0.119215949120686,-0.0277929448581485,-0.0541399103922952,0.00658793572905867,0.00923455654087283,0.01374923978876,0.0131368257864833,0.0142700173637854,0.00766805095517562,0.0127659435859622,0.0095681816388499,0.00126489965167423,6.1570423266251e-4,0.00148190773704243,0.00159183237237558,0.015377493478450447
1986-10-01,0.0458379255823927,-29.2051123179882,1.89175646134431,7.78027136078014,-4.99416567281995,-36.4872935344993,0.0576327833746426,0.141978522433123,0.17415126281718,-0.0426955869817035,0.0487608495505329,0.132034549745855,0.162344084507775,-0.052623918884163,-3.57284800000079e-4,0.19731570875,0.133426696058,0.00531818902000003,0.00665054796800013,0.10768738304,0.12135270137,0.0207818563400002,0.0621,0.0656,0.071,0.071,0.0164,0.01775,0.01775,0.017375,0.550645819170632,0.552341597796143,0.54072553045859,0.514773473407748,0.0169,0.011,0.0246,0.0372,0.0121,0.015,0.0142,0.0141,0.00700783276800021,-0.0896283257100001,-0.0120739946880002,0.0154636673200002,0.00643382352941169,-0.00457456541628543,0.00923361034164349,0.00650557620817849,-0.0122932384696756,-0.0164196183723706,-0.0194650792055204,-0.0312943547748932,0.00542539531505646,0.00438318300157287,0.00308490792705159,0.00221416825251535,0.036083715432098,0.0372827872476494,0.038150817232342,0.0379585115556049,-1.71355765279471,-1.89888574734378,-1.76077213865295,-1.53069748273464,-0.10801393728223,-0.212830188679245,-0.10913364674278,0.0412186379928317,-0.0166880109465169,0.0329592634383115,0.0333650964324435,0.0288133433606772,0.0404995568096638,0.0668021440505981,0.0387687012553215,0.0467459335923195,0.46260666847229,0.445411264896393,0.476256996393204,0.485016047954559,1,0.998292822168061,0.995859893116992,0.977264368830634,1,0.998292822168061,0.995859893116992,0.977264368830634,-2.91139522354828,-2.87543997145237,-2.76003821920575,-2.5798471558276,0.0227950933259309,0.0217765332090395,0.0196439621483447,0.0205478333375054,0.295726805925369,0.223055869340897,0.209546089172363,0.196122959256172,0.00447181343795597,0.0112989397054927,0.0147215642254276,0.0204783578846121,0.339621212121212,0.543740458015267,1.48507692307692,2.1415503875969,-0.072012611388672,-0.0593759923355435,-0.111928856063198,-0.084977864209072,-1.33780177793423,-1.67495774081598,-1.95552570435476,-1.58035291573481,-0.00624642352404462,-0.0149469800725334,-0.00865017668983609,-8.06653097674398e-4,-0.00850076028729314,-0.0138926585251593,-0.00834133938657059,-6.44409749345865e-4,-0.00919239035832078,-0.0229883749595821,-0.010776145803483,0.00148654799669285,-0.00478884530170155,-0.00612977923467474,-0.00505744101174709,0.00151092220607885,-0.00539952646460015,-0.00509778546115034,-0.00275745014408792,-3.24045664473575e-4,-0.0133741109044045,-0.0176770564341422,-0.0171610663279839,-0.00321471891186675,-0.108103908295574,-0.13951323439108,-0.119215949120686,-0.0277929448581485,0.00224337435065327,0.00658793572905867,0.00923455654087283,0.01374923978876,0.0330268714899155,0.0142700173637854,0.00766805095517562,0.0127659435859622,9.61708682676812e-4,0.00126489965167423,6.1570423266251e-4,0.00148190773704243,0.014256186188437058
1987-01-01,0.186085918001266,-13.2337295095281,-29.2051123179882,1.89175646134431,7.78027136078014,-4.99416567281995,-0.0716973885584998,0.0576327833746426,0.141978522433123,0.17415126281718,-0.0796869606322286,0.0487608495505329,0.132034549745855,0.162344084507775,-0.013366974,-3.57284800000079e-4,0.19731570875,0.133426696058,0.0189354381500002,0.00665054796800013,0.10768738304,0.12135270137,0.0521,0.0621,0.0656,0.071,0.015525,0.0164,0.01775,0.01775,0.554208754208754,0.550645819170632,0.552341597796143,0.54072553045859,0.0306,0.0169,0.011,0.0246,0.0131,0.0121,0.015,0.0142,0.0323024121500002,0.00700783276800021,-0.0896283257100001,-0.0120739946880002,0.00639269406392695,0.00643382352941169,-0.00457456541628543,0.00923361034164349,-0.00513865822040124,-0.0122932384696756,-0.0164196183723706,-0.0194650792055204,0.00788379190458902,0.00542539531505646,0.00438318300157287,0.00308490792705159,0.0352778157833643,0.036083715432098,0.0372827872476494,0.038150817232342,-1.82880914770488,-1.71355765279471,-1.89888574734378,-1.76077213865295,-0.04911838790932,-0.10801393728223,-0.212830188679245,-0.10913364674278,0.0225570584695144,-0.0166880109465169,0.0329592634383115,0.0333650964324435,-0.0516713932156563,0.0404995568096638,0.0668021440505981,0.0387687012553215,0.443205744028091,0.46260666847229,0.445411264896393,0.476256996393204,0.920753655500049,1,0.998292822168061,0.995859893116992,0.920753655500049,1,0.998292822168061,0.995859893116992,-2.81765760514174,-2.91139522354828,-2.87543997145237,-2.76003821920575,0.0267188946032129,0.0227950933259309,0.0217765332090395,0.0196439621483447,0.352106094360352,0.295726805925369,0.223055869340897,0.209546089172363,0.00293383803663182,0.00447181343795597,0.0112989397054927,0.0147215642254276,0.667067669172932,0.339621212121212,0.543740458015267,1.48507692307692,-0.0198159226145731,-0.072012611388672,-0.0593759923355435,-0.111928856063198,-1.23137092729592,-1.33780177793423,-1.67495774081598,-1.95552570435476,-0.00696179115621843,-0.00624642352404462,-0.0149469800725334,-0.00865017668983609,-0.00686725572011726,-0.00850076028729314,-0.0138926585251593,-0.00834133938657059,-0.00330164789619214,-0.00919239035832078,-0.0229883749595821,-0.010776145803483,-1.02974831611293e-5,-0.00478884530170155,-0.00612977923467474,-0.00505744101174709,-0.00359713076402244,-0.00539952646460015,-0.00509778546115034,-0.00275745014408792,-0.00446458134526734,-0.0133741109044045,-0.0176770564341422,-0.0171610663279839,-0.0449412097918965,-0.108103908295574,-0.13951323439108,-0.119215949120686,0.00133856361500099,0.00224337435065327,0.00658793572905867,0.00923455654087283,0.0149848339592711,0.0330268714899155,0.0142700173637854,0.00766805095517562,0.00121804955515134,9.61708682676812e-4,0.00126489965167423,6.1570423266251e-4,0.01439641969485809
1987-04-01,0.041301824532546,30.4691664002777,-13.2337295095281,-29.2051123179882,1.89175646134431,7.78027136078014,0.0530288005418691,-0.0716973885584998,0.0576327833746426,0.141978522433123,0.0421663211539895,-0.0796869606322286,0.0487608495505329,0.132034549745855,0.0544701610659999,-0.013366974,-3.57284800000079e-4,0.19731570875,0.0548392623289999,0.0189354381500002,0.00665054796800013,0.10768738304,0.0553,0.0521,0.0621,0.0656,0.013025,0.015525,0.0164,0.01775,0.571823204419889,0.554208754208754,0.550645819170632,0.552341597796143,0.0236,0.0306,0.0169,0.011,0.0148,0.0131,0.0121,0.015,3.69101263000049e-4,0.0323024121500002,0.00700783276800021,-0.0896283257100001,0.00272232304900188,0.00639269406392695,0.00643382352941169,-0.00457456541628543,-0.0113769727403972,-0.00513865822040124,-0.0122932384696756,-0.0164196183723706,0.00398379265683466,0.00788379190458902,0.00542539531505646,0.00438318300157287,0.0352567816430965,0.0352778157833643,0.036083715432098,0.0372827872476494,-1.65708928844483,-1.82880914770488,-1.71355765279471,-1.89888574734378,0.166556510244547,-0.04911838790932,-0.10801393728223,-0.212830188679245,0.0110919387906373,0.0225570584695144,-0.0166880109465169,0.0329592634383115,0.0711710974574089,-0.0516713932156563,0.0404995568096638,0.0668021440505981,0.473618745803833,0.443205744028091,0.46260666847229,0.445411264896393,0.969512725190098,0.920753655500049,1,0.998292822168061,0.969512725190098,0.920753655500049,1,0.998292822168061,-2.88555772970329,-2.81765760514174,-2.91139522354828,-2.87543997145237,0.0180563111522011,0.0267188946032129,0.0227950933259309,0.0217765332090395,0.26987236738205,0.352106094360352,0.295726805925369,0.223055869340897,-0.00169623854707077,0.00293383803663182,0.00447181343795597,0.0112989397054927,0.782089552238806,0.667067669172932,0.339621212121212,0.543740458015267,-0.0699554713221691,-0.0198159226145731,-0.072012611388672,-0.0593759923355435,-1.65989344189306,-1.23137092729592,-1.33780177793423,-1.67495774081598,-0.00862196561114562,-0.00696179115621843,-0.00624642352404462,-0.0149469800725334,-0.00701078842989134,-0.00686725572011726,-0.00850076028729314,-0.0138926585251593,-0.00741004668844818,-0.00330164789619214,-0.00919239035832078,-0.0229883749595821,-0.00239533985945548,-1.02974831611293e-5,-0.00478884530170155,-0.00612977923467474,-0.00207955316804271,-0.00359713076402244,-0.00539952646460015,-0.00509778546115034,-0.0100193591570506,-0.00446458134526734,-0.0133741109044045,-0.0176770564341422,-0.085894033850966,-0.0449412097918965,-0.108103908295574,-0.13951323439108,0.00371368886768539,0.00133856361500099,0.00224337435065327,0.00658793572905867,0.00160657636970752,0.0149848339592711,0.0330268714899155,0.0142700173637854,2.00389237557066e-4,0.00121804955515134,9.61708682676812e-4,0.00126489965167423,0.016683827137282895
1987-07-01,0.0569957544127908,15.8836931808314,30.4691664002777,-13.2337295095281,-29.2051123179882,1.89175646134431,0.21375385744865,0.0530288005418691,-0.0716973885584998,0.0576327833746426,0.204671225810877,0.0421663211539895,-0.0796869606322286,0.0487608495505329,0.013508477594,0.0544701610659999,-0.013366974,-3.57284800000079e-4,0.018585810064,0.0548392623289999,0.0189354381500002,0.00665054796800013,0.0559,0.0553,0.0521,0.0621,0.013825,0.013025,0.015525,0.0164,0.552317880794702,0.571823204419889,0.554208754208754,0.550645819170632,0.0236,0.0236,0.0306,0.0169,0.0125,0.0148,0.0131,0.0121,0.00507733246999997,3.69101263000049e-4,0.0323024121500002,0.00700783276800021,0.0144796380090497,0.00272232304900188,0.00639269406392695,0.00643382352941169,-0.00221824151176243,-0.0113769727403972,-0.00513865822040124,-0.0122932384696756,0.00586156930596936,0.00398379265683466,0.00788379190458902,0.00542539531505646,0.0340737841705425,0.0352567816430965,0.0352778157833643,0.036083715432098,-1.79672936754824,-1.65708928844483,-1.82880914770488,-1.71355765279471,0.12202380952381,0.166556510244547,-0.04911838790932,-0.10801393728223,0.0135289758062219,0.0110919387906373,0.0225570584695144,-0.0166880109465169,-0.0017997695831582,0.0711710974574089,-0.0516713932156563,0.0404995568096638,0.437068104743958,0.473618745803833,0.443205744028091,0.46260666847229,0.971381486055323,0.969512725190098,0.920753655500049,1,0.971381486055323,0.969512725190098,0.920753655500049,1,-3.03102350487283,-2.88555772970329,-2.81765760514174,-2.91139522354828,0.0226959252439265,0.0180563111522011,0.0267188946032129,0.0227950933259309,0.282669275999069,0.26987236738205,0.352106094360352,0.295726805925369,-0.00372776506966957,-0.00169623854707077,0.00293383803663182,0.00447181343795597,0.516296296296297,0.782089552238806,0.667067669172932,0.339621212121212,-0.0752591074733422,-0.0699554713221691,-0.0198159226145731,-0.072012611388672,-0.861588768309737,-1.65989344189306,-1.23137092729592,-1.33780177793423,-0.00684001142381337,-0.00862196561114562,-0.00696179115621843,-0.00624642352404462,-0.00834832576082505,-0.00701078842989134,-0.00686725572011726,-0.00850076028729314,-0.00432357941484781,-0.00741004668844818,-0.00330164789619214,-0.00919239035832078,-0.00730578433127468,-0.00239533985945548,-1.02974831611293e-5,-0.00478884530170155,-0.00583786480216025,-0.00207955316804271,-0.00359713076402244,-0.00539952646460015,-0.0154716798831528,-0.0100193591570506,-0.00446458134526734,-0.0133741109044045,-0.134157987819377,-0.085894033850966,-0.0449412097918965,-0.108103908295574,0.00943598068324266,0.00371368886768539,0.00133856361500099,0.00224337435065327,0.0225371008169641,0.00160657636970752,0.0149848339592711,0.0330268714899155,8.80783914363331e-4,2.00389237557066e-4,0.00121804955515134,9.61708682676812e-4,0.017381521849223452
1987-10-01,-0.264311284991314,19.9561401754687,15.8836931808314,30.4691664002777,-13.2337295095281,-29.2051123179882,0.0501404591632137,0.21375385744865,0.0530288005418691,-0.0716973885584998,0.0414187064913516,0.204671225810877,0.0421663211539895,-0.0796869606322286,-0.04806492283,0.013508477594,0.0544701610659999,-0.013366974,-0.0404936138799999,0.018585810064,0.0548392623289999,0.0189354381500002,0.0567,0.0559,0.0553,0.0521,0.013975,0.013825,0.013025,0.015525,0.590846047156727,0.552317880794702,0.571823204419889,0.554208754208754,0.031,0.0236,0.0236,0.0306,0.012,0.0125,0.0148,0.0131,0.00757130895000002,0.00507733246999997,3.69101263000049e-4,0.0323024121500002,0.0124888492417485,0.0144796380090497,0.00272232304900188,0.00639269406392695,0.00520167958522188,-0.00221824151176243,-0.0113769727403972,-0.00513865822040124,0.00775356137317718,0.00586156930596936,0.00398379265683466,0.00788379190458902,0.0344477025389426,0.0340737841705425,0.0352567816430965,0.0352778157833643,-1.68321528760915,-1.79672936754824,-1.65708928844483,-1.82880914770488,0.0469556243550051,0.12202380952381,0.166556510244547,-0.04911838790932,0.0478147824573367,0.0135289758062219,0.0110919387906373,0.0225570584695144,0.0286563597619534,-0.0017997695831582,0.0711710974574089,-0.0516713932156563,0.438715636730194,0.437068104743958,0.473618745803833,0.443205744028091,0.986732216805043,0.971381486055323,0.969512725190098,0.920753655500049,0.986732216805043,0.971381486055323,0.969512725190098,0.920753655500049,-3.12906947256687,-3.03102350487283,-2.88555772970329,-2.81765760514174,0.02334593638366,0.0226959252439265,0.0180563111522011,0.0267188946032129,0.347015738487244,0.282669275999069,0.26987236738205,0.352106094360352,-0.00260398418828982,-0.00372776506966957,-0.00169623854707077,0.00293383803663182,1.5425,0.516296296296297,0.782089552238806,0.667067669172932,0.0419060450043799,-0.0752591074733422,-0.0699554713221691,-0.0198159226145731,-1.80538699624429,-0.861588768309737,-1.65989344189306,-1.23137092729592,0.00463488520251016,-0.00684001142381337,-0.00862196561114562,-0.00696179115621843,0.00359627987644846,-0.00834832576082505,-0.00701078842989134,-0.00686725572011726,0.00458762558178357,-0.00432357941484781,-0.00741004668844818,-0.00330164789619214,-0.00481416514280944,-0.00730578433127468,-0.00239533985945548,-1.02974831611293e-5,-0.00364561931692125,-0.00583786480216025,-0.00207955316804271,-0.00359713076402244,-0.0148063776423542,-0.0154716798831528,-0.0100193591570506,-0.00446458134526734,-0.11060465813041,-0.134157987819377,-0.085894033850966,-0.0449412097918965,0.00929441535792281,0.00943598068324266,0.00371368886768539,0.00133856361500099,0.0192120292461734,0.0225371008169641,0.00160657636970752,0.0149848339592711,7.48276320247248e-4,8.80783914363331e-4,2.00389237557066e-4,0.00121804955515134,0.017809259141925948
1988-01-01,0.046691090232112,-69.4102663476027,19.9561401754687,15.8836931808314,30.4691664002777,-13.2337295095281,0.0669659083386347,0.0501404591632137,0.21375385744865,0.0530288005418691,0.0588948002286374,0.0414187064913516,0.204671225810877,0.0421663211539895,-0.0696514675300001,-0.04806492283,0.013508477594,0.0544701610659999,-0.06069583635,-0.0404936138799999,0.018585810064,0.0548392623289999,0.064,0.0567,0.0559,0.0553,0.014175,0.013975,0.013825,0.013025,0.546027742749054,0.590846047156727,0.552317880794702,0.571823204419889,0.0352,0.031,0.0236,0.0236,0.0113,0.012,0.0125,0.0148,0.00895563118000009,0.00757130895000002,0.00507733246999997,3.69101263000049e-4,0.0132158590308371,0.0124888492417485,0.0144796380090497,0.00272232304900188,0.00634958876959292,0.00520167958522188,-0.00221824151176243,-0.0113769727403972,0.00512911925150727,0.00775356137317718,0.00586156930596936,0.00398379265683466,0.0350739386010718,0.0344477025389426,0.0340737841705425,0.0352567816430965,-1.76469145907423,-1.68321528760915,-1.79672936754824,-1.65708928844483,-0.00709579320831222,0.0469556243550051,0.12202380952381,0.166556510244547,0.0102390126958285,0.0478147824573367,0.0135289758062219,0.0110919387906373,0.0845761373639107,0.0286563597619534,-0.0017997695831582,0.0711710974574089,0.442390650510788,0.438715636730194,0.437068104743958,0.473618745803833,0.953666223433563,0.986732216805043,0.971381486055323,0.969512725190098,0.953666223433563,0.986732216805043,0.971381486055323,0.969512725190098,-3.1002467422599,-3.12906947256687,-3.03102350487283,-2.88555772970329,0.0198178172597564,0.02334593638366,0.0226959252439265,0.0180563111522011,0.282686799764633,0.347015738487244,0.282669275999069,0.26987236738205,-0.00331795257769029,-0.00260398418828982,-0.00372776506966957,-0.00169623854707077,1.69124087591241,1.5425,0.516296296296297,0.782089552238806,0.0612475228297399,0.0419060450043799,-0.0752591074733422,-0.0699554713221691,-0.0788627119626628,-1.80538699624429,-0.861588768309737,-1.65989344189306,0.00938882872117916,0.00463488520251016,-0.00684001142381337,-0.00862196561114562,0.00810921355343595,0.00359627987644846,-0.00834832576082505,-0.00701078842989134,0.0125978441480766,0.00458762558178357,-0.00432357941484781,-0.00741004668844818,-0.00476841829168605,-0.00481416514280944,-0.00730578433127468,-0.00239533985945548,-0.00608895296722935,-0.00364561931692125,-0.00583786480216025,-0.00207955316804271,-0.00912296432166598,-0.0148063776423542,-0.0154716798831528,-0.0100193591570506,-0.113920487863368,-0.11060465813041,-0.134157987819377,-0.085894033850966,0.00751762567395835,0.00929441535792281,0.00943598068324266,0.00371368886768539,0.0226300671483739,0.0192120292461734,0.0225371008169641,0.00160657636970752,7.15998116480665e-4,7.48276320247248e-4,8.80783914363331e-4,2.00389237557066e-4,0.01231006512160294
1988-04-01,0.0548983608022256,-26.0320224225419,-69.4102663476027,19.9561401754687,15.8836931808314,30.4691664002777,-0.226777234104567,0.0669659083386347,0.0501404591632137,0.21375385744865,-0.234885346382723,0.0588948002286374,0.0414187064913516,0.204671225810877,0.0838233134149999,-0.0696514675300001,-0.04806492283,0.013508477594,0.0863870255000001,-0.06069583635,-0.0404936138799999,0.018585810064,0.0577,0.064,0.0567,0.0559,0.016,0.014175,0.013975,0.013825,0.503428571428571,0.546027742749054,0.590846047156727,0.552317880794702,0.0343,0.0352,0.031,0.0236,0.0118,0.0113,0.012,0.0125,0.00256371208500017,0.00895563118000009,0.00757130895000002,0.00507733246999997,0.00347826086956537,0.0132158590308371,0.0124888492417485,0.0144796380090497,0.013274757067494,0.00634958876959292,0.00520167958522188,-0.00221824151176243,0.0845827804982942,0.00512911925150727,0.00775356137317718,0.00586156930596936,0.0346805375913756,0.0350739386010718,0.0344477025389426,0.0340737841705425,-1.797741227482,-1.76469145907423,-1.68321528760915,-1.79672936754824,-0.0977849810913021,-0.00709579320831222,0.0469556243550051,0.12202380952381,0.0240560825075767,0.0102390126958285,0.0478147824573367,0.0135289758062219,0.0281281154602766,0.0845761373639107,0.0286563597619534,-0.0017997695831582,0.431846708059311,0.442390650510788,0.438715636730194,0.437068104743958,0.712171523864797,0.953666223433563,0.986732216805043,0.971381486055323,0.712171523864797,0.953666223433563,0.986732216805043,0.971381486055323,-2.73359723881136,-3.1002467422599,-3.12906947256687,-3.03102350487283,0.0377685680738296,0.0198178172597564,0.02334593638366,0.0226959252439265,0.652841746807098,0.282686799764633,0.347015738487244,0.282669275999069,0.00289232216346706,-0.00331795257769029,-0.00260398418828982,-0.00372776506966957,2.09898550724638,1.69124087591241,1.5425,0.516296296296297,0.0969528212846292,0.0612475228297399,0.0419060450043799,-0.0752591074733422,0.903657918206464,-0.0788627119626628,-1.80538699624429,-0.861588768309737,0.0038479232475486,0.00938882872117916,0.00463488520251016,-0.00684001142381337,0.00358076441607065,0.00810921355343595,0.00359627987644846,-0.00834832576082505,-8.95119359817149e-4,0.0125978441480766,0.00458762558178357,-0.00432357941484781,0.00510086194961819,-0.00476841829168605,-0.00481416514280944,-0.00730578433127468,0.00786078071784226,-0.00608895296722935,-0.00364561931692125,-0.00583786480216025,0.0130626254183995,-0.00912296432166598,-0.0148063776423542,-0.0154716798831528,0.0401989247629367,-0.113920487863368,-0.11060465813041,-0.134157987819377,1.7849342801267e-4,0.00751762567395835,0.00929441535792281,0.00943598068324266,0.0222472112930818,0.0226300671483739,0.0192120292461734,0.0225371008169641,6.67551069478867e-4,7.15998116480665e-4,7.48276320247248e-4,8.80783914363331e-4,0.01403665523412661
1988-07-01,-0.00583049267262374,-11.6300302808994,-26.0320224225419,-69.4102663476027,19.9561401754687,15.8836931808314,0.0584928873149986,-0.226777234104567,0.0669659083386347,0.0501404591632137,0.04717856724839,-0.234885346382723,0.0588948002286374,0.0414187064913516,0.0392314279760002,0.0838233134149999,-0.0696514675300001,-0.04806492283,0.0461686469520002,0.0863870255000001,-0.06069583635,-0.0404936138799999,0.057,0.0577,0.064,0.0567,0.014425,0.016,0.014175,0.013975,0.481441635287789,0.503428571428571,0.546027742749054,0.590846047156727,0.0331,0.0343,0.0352,0.031,0.0118,0.0118,0.0113,0.012,0.00693721897599997,0.00256371208500017,0.00895563118000009,0.00757130895000002,0.00953206239168103,0.00347826086956537,0.0132158590308371,0.0124888492417485,0.00608002965716853,0.013274757067494,0.00634958876959292,0.00520167958522188,0.012784053042169,0.0845827804982942,0.00512911925150727,0.00775356137317718,0.0346222669965182,0.0346805375913756,0.0350739386010718,0.0344477025389426,-1.61700120216227,-1.797741227482,-1.76469145907423,-1.68321528760915,0.0621890547263682,-0.0977849810913021,-0.00709579320831222,0.0469556243550051,0.0134594529951878,0.0240560825075767,0.0102390126958285,0.0478147824573367,0.0426297448575497,0.0281281154602766,0.0845761373639107,0.0286563597619534,0.437448114156723,0.431846708059311,0.442390650510788,0.438715636730194,0.730254699862622,0.712171523864797,0.953666223433563,0.986732216805043,0.730254699862622,0.712171523864797,0.953666223433563,0.986732216805043,-2.71416057127327,-2.73359723881136,-3.1002467422599,-3.12906947256687,0.0377650602139742,0.0377685680738296,0.0198178172597564,0.02334593638366,0.428733557462692,0.652841746807098,0.282686799764633,0.347015738487244,-0.00169562230616378,0.00289232216346706,-0.00331795257769029,-0.00260398418828982,1.52388489208633,2.09898550724638,1.69124087591241,1.5425,0.116089832967989,0.0969528212846292,0.0612475228297399,0.0419060450043799,1.02394279608667,0.903657918206464,-0.0788627119626628,-1.80538699624429,-0.00418267221197845,0.0038479232475486,0.00938882872117916,0.00463488520251016,-0.00451843430134696,0.00358076441607065,0.00810921355343595,0.00359627987644846,-7.66582196651289e-4,-8.95119359817149e-4,0.0125978441480766,0.00458762558178357,1.56960884326429e-4,0.00510086194961819,-0.00476841829168605,-0.00481416514280944,-0.00229517407506621,0.00786078071784226,-0.00608895296722935,-0.00364561931692125,0.00406245053894529,0.0130626254183995,-0.00912296432166598,-0.0148063776423542,-0.0143790620498534,0.0401989247629367,-0.113920487863368,-0.11060465813041,0.00654978295504881,1.7849342801267e-4,0.00751762567395835,0.00929441535792281,0.0243730990520078,0.0222472112930818,0.0226300671483739,0.0192120292461734,-3.17676523997021e-4,6.67551069478867e-4,7.15998116480665e-4,7.48276320247248e-4,0.016073564042034603
1988-10-01,0.0211422826956605,-19.9588452169772,-11.6300302808994,-26.0320224225419,-69.4102663476027,19.9561401754687,0.0671756120228577,0.0584928873149986,-0.226777234104567,0.0669659083386347,0.0572746908156676,0.04717856724839,-0.234885346382723,0.0588948002286374,0.00980504576000008,0.0392314279760002,0.0838233134149999,-0.0696514675300001,0.0166074088470001,0.0461686469520002,0.0863870255000001,-0.06069583635,0.0646,0.057,0.0577,0.064,0.01425,0.014425,0.016,0.014175,0.425934471619751,0.481441635287789,0.503428571428571,0.546027742749054,0.0271,0.0331,0.0343,0.0352,0.0114,0.0118,0.0118,0.0113,0.006802363087,0.00693721897599997,0.00256371208500017,0.00895563118000009,0.0128755364806867,0.00953206239168103,0.00347826086956537,0.0132158590308371,-0.00539792451421511,0.00608002965716853,0.013274757067494,0.00634958876959292,0.00837664193988485,0.012784053042169,0.0845827804982942,0.00512911925150727,0.0350595594485712,0.0346222669965182,0.0346805375913756,0.0350739386010718,-1.59151360716211,-1.61700120216227,-1.797741227482,-1.76469145907423,-0.135689851767389,0.0621890547263682,-0.0977849810913021,-0.00709579320831222,0.0272320483626687,0.0134594529951878,0.0240560825075767,0.0102390126958285,0.0477178022265434,0.0426297448575497,0.0281281154602766,0.0845761373639107,0.448539584875107,0.437448114156723,0.431846708059311,0.442390650510788,0.786693456557034,0.730254699862622,0.712171523864797,0.953666223433563,0.786693456557034,0.730254699862622,0.712171523864797,0.953666223433563,-2.62081628813124,-2.71416057127327,-2.73359723881136,-3.1002467422599,0.0251235721238422,0.0377650602139742,0.0377685680738296,0.0198178172597564,0.43259608745575,0.428733557462692,0.652841746807098,0.282686799764633,9.89462249036311e-4,-0.00169562230616378,0.00289232216346706,-0.00331795257769029,1.513,1.52388489208633,2.09898550724638,1.69124087591241,0.277457787291833,0.116089832967989,0.0969528212846292,0.0612475228297399,3.28278436294321,1.02394279608667,0.903657918206464,-0.0788627119626628,0.00368085904524841,-0.00418267221197845,0.0038479232475486,0.00938882872117916,0.00298981185654057,-0.00451843430134696,0.00358076441607065,0.00810921355343595,0.00195848173501713,-7.66582196651289e-4,-8.95119359817149e-4,0.0125978441480766,-8.73234268379342e-4,1.56960884326429e-4,0.00510086194961819,-0.00476841829168605,8.23640091002812e-4,-0.00229517407506621,0.00786078071784226,-0.00608895296722935,0.00893172086785012,0.00406245053894529,0.0130626254183995,-0.00912296432166598,-0.0588012598178941,-0.0143790620498534,0.0401989247629367,-0.113920487863368,0.00543801679748759,0.00654978295504881,1.7849342801267e-4,0.00751762567395835,0.0226549049364364,0.0243730990520078,0.0222472112930818,0.0226300671483739,5.69550851077695e-4,-3.17676523997021e-4,6.67551069478867e-4,7.15998116480665e-4,0.015322772095088696
1989-01-01,0.059921169361575,-15.0320016315557,-19.9588452169772,-11.6300302808994,-26.0320224225419,-69.4102663476027,0.00436498636364968,0.0671756120228577,0.0584928873149986,-0.226777234104567,-0.00610142666029256,0.0572746908156676,0.04717856724839,-0.234885346382723,0.0228115983000001,0.00980504576000008,0.0392314279760002,0.0838233134149999,0.0266522859560001,0.0166074088470001,0.0461686469520002,0.0863870255000001,0.0724,0.0646,0.057,0.0577,0.01615,0.01425,0.014425,0.016,0.416190057193137,0.425934471619751,0.481441635287789,0.503428571428571,0.0193,0.0271,0.0331,0.0343,0.0108,0.0114,0.0118,0.0118,0.00384068765599999,0.006802363087,0.00693721897599997,0.00256371208500017,0.0152542372881355,0.0128755364806867,0.00953206239168103,0.00347826086956537,-0.0100015136345005,-0.00539792451421511,0.00608002965716853,0.013274757067494,0.00449367783084962,0.00837664193988485,0.012784053042169,0.0845827804982942,0.0349276071790731,0.0350595594485712,0.0346222669965182,0.0346805375913756,-1.44381942348583,-1.59151360716211,-1.61700120216227,-1.797741227482,-0.0884086444007859,-0.135689851767389,0.0621890547263682,-0.0977849810913021,0.0155217119055256,0.0272320483626687,0.0134594529951878,0.0240560825075767,0.0974669232964516,0.0477178022265434,0.0426297448575497,0.0281281154602766,0.482433348894119,0.448539584875107,0.437448114156723,0.431846708059311,0.800290131733442,0.786693456557034,0.730254699862622,0.712171523864797,0.776114633304193,0.786693456557034,0.730254699862622,0.712171523864797,-2.56777968449182,-2.62081628813124,-2.71416057127327,-2.73359723881136,0.0218259294414785,0.0251235721238422,0.0377650602139742,0.0377685680738296,0.34908339381218,0.43259608745575,0.428733557462692,0.652841746807098,-0.00265178341400618,9.89462249036311e-4,-0.00169562230616378,0.00289232216346706,0.892269503546099,1.513,1.52388489208633,2.09898550724638,0.318254124582419,0.277457787291833,0.116089832967989,0.0969528212846292,2.5218259414165,3.28278436294321,1.02394279608667,0.903657918206464,0.00159997147056609,0.00368085904524841,-0.00418267221197845,0.0038479232475486,5.51675453727435e-4,0.00298981185654057,-0.00451843430134696,0.00358076441607065,0.00143812560234231,0.00195848173501713,-7.66582196651289e-4,-8.95119359817149e-4,4.28613324362826e-4,-8.73234268379342e-4,1.56960884326429e-4,0.00510086194961819,0.00104778634630493,8.23640091002812e-4,-0.00229517407506621,0.00786078071784226,0.00863008157719569,0.00893172086785012,0.00406245053894529,0.0130626254183995,-0.0364301971487194,-0.0588012598178941,-0.0143790620498534,0.0401989247629367,0.0127114642767365,0.00543801679748759,0.00654978295504881,1.7849342801267e-4,0.0227998782729941,0.0226549049364364,0.0243730990520078,0.0222472112930818,3.25328703133692e-5,5.69550851077695e-4,-3.17676523997021e-4,6.67551069478867e-4,0.017437472413599206
1989-04-01,0.0754539064739154,-1.55360803557945,-15.0320016315557,-19.9588452169772,-11.6300302808994,-26.0320224225419,0.0309283982682813,0.00436498636364968,0.0671756120228577,0.0584928873149986,0.018327827333801,-0.00610142666029256,0.0572746908156676,0.04717856724839,0.0217128795199997,0.0228115983000001,0.00980504576000008,0.0392314279760002,0.0138773906570002,0.0266522859560001,0.0166074088470001,0.0461686469520002,0.0807,0.0724,0.0646,0.057,0.0181,0.01615,0.01425,0.014425,0.410526315789474,0.416190057193137,0.425934471619751,0.481441635287789,0.0111,0.0193,0.0271,0.0331,0.0108,0.0108,0.0114,0.0118,-0.00783548886299945,0.00384068765599999,0.006802363087,0.00693721897599997,0.00584307178631049,0.0152542372881355,0.0128755364806867,0.00953206239168103,-0.0214057483497335,-0.0100015136345005,-0.00539792451421511,0.00608002965716853,0.00360764989490905,0.00449367783084962,0.00837664193988485,0.012784053042169,0.0350659003272849,0.0349276071790731,0.0350595594485712,0.0346222669965182,-1.40658576150894,-1.44381942348583,-1.59151360716211,-1.61700120216227,0.12532637075718,-0.0884086444007859,-0.135689851767389,0.0621890547263682,0.0745734131674771,0.0155217119055256,0.0272320483626687,0.0134594529951878,0.0546721331775188,0.0974669232964516,0.0477178022265434,0.0426297448575497,0.505088865756989,0.482433348894119,0.448539584875107,0.437448114156723,0.993162354018777,0.800290131733442,0.786693456557034,0.730254699862622,0.796559678521316,0.776114633304193,0.786693456557034,0.730254699862622,-2.54621724308334,-2.56777968449182,-2.62081628813124,-2.71416057127327,0.0197423161419222,0.0218259294414785,0.0251235721238422,0.0377650602139742,0.301459014415741,0.34908339381218,0.43259608745575,0.428733557462692,4.07587123679636e-4,-0.00265178341400618,9.89462249036311e-4,-0.00169562230616378,0.0259859154929583,0.892269503546099,1.513,1.52388489208633,0.425799272675773,0.318254124582419,0.277457787291833,0.116089832967989,2.46560130583926,2.5218259414165,3.28278436294321,1.02394279608667,-9.73657921563721e-4,0.00159997147056609,0.00368085904524841,-0.00418267221197845,-0.00163616413413278,5.51675453727435e-4,0.00298981185654057,-0.00451843430134696,0.00148074946325608,0.00143812560234231,0.00195848173501713,-7.66582196651289e-4,2.59021090585945e-4,4.28613324362826e-4,-8.73234268379342e-4,1.56960884326429e-4,-1.43130880098431e-4,0.00104778634630493,8.23640091002812e-4,-0.00229517407506621,0.00697519115995333,0.00863008157719569,0.00893172086785012,0.00406245053894529,-0.0477512258837904,-0.0364301971487194,-0.0588012598178941,-0.0143790620498534,0.00912421654606727,0.0127114642767365,0.00543801679748759,0.00654978295504881,0.00782514277466019,0.0227998782729941,0.0226549049364364,0.0243730990520078,4.80055212873489e-4,3.25328703133692e-5,5.69550851077695e-4,-3.17676523997021e-4,0.01905754312619963
1989-07-01,0.0935131415714812,11.6439709110958,-1.55360803557945,-15.0320016315557,-19.9588452169772,-11.6300302808994,0.0695475413929378,0.0309283982682813,0.00436498636364968,0.0671756120228577,0.0596387960550968,0.018327827333801,-0.00610142666029256,0.0572746908156676,0.0142614768859999,0.0217128795199997,0.0228115983000001,0.00980504576000008,0.0134844722879999,0.0138773906570002,0.0266522859560001,0.0166074088470001,0.0882,0.0807,0.0724,0.0646,0.020175,0.0181,0.01615,0.01425,0.401081730769231,0.410526315789474,0.416190057193137,0.425934471619751,0.0047,0.0111,0.0193,0.0271,0.0087,0.0108,0.0108,0.0114,-7.77004598000008e-4,-0.00783548886299945,0.00384068765599999,0.006802363087,0.0149377593360995,0.00584307178631049,0.0152542372881355,0.0128755364806867,-0.0231021330000432,-0.0214057483497335,-0.0100015136345005,-0.00539792451421511,0.00342710388001711,0.00360764989490905,0.00449367783084962,0.00837664193988485,0.0352724887961889,0.0350659003272849,0.0349276071790731,0.0350595594485712,-1.46894887295441,-1.40658576150894,-1.44381942348583,-1.59151360716211,0.122865013774105,0.12532637075718,-0.0884086444007859,-0.135689851767389,0.0371513453223932,0.0745734131674771,0.0155217119055256,0.0272320483626687,0.00885760132223368,0.0546721331775188,0.0974669232964516,0.0477178022265434,0.469333589076996,0.505088865756989,0.482433348894119,0.448539584875107,0.977197781129374,0.993162354018777,0.800290131733442,0.786693456557034,0.842493076013253,0.796559678521316,0.776114633304193,0.786693456557034,-2.55873504417302,-2.54621724308334,-2.56777968449182,-2.62081628813124,0.0203210447115177,0.0197423161419222,0.0218259294414785,0.0251235721238422,0.317427158355713,0.301459014415741,0.34908339381218,0.43259608745575,3.46868345808025e-4,4.07587123679636e-4,-0.00265178341400618,9.89462249036311e-4,-0.534195804195802,0.0259859154929583,0.892269503546099,1.513,0.471163229469215,0.425799272675773,0.318254124582419,0.277457787291833,2.73201862408565,2.46560130583926,2.5218259414165,3.28278436294321,0.00252893599180699,-9.73657921563721e-4,0.00159997147056609,0.00368085904524841,-1.03411229242869e-4,-0.00163616413413278,5.51675453727435e-4,0.00298981185654057,0.0025277784500639202,0.00148074946325608,0.00143812560234231,0.00195848173501713,-0.00116138402293134,2.59021090585945e-4,4.28613324362826e-4,-8.73234268379342e-4,-0.00101754578957377,-1.43130880098431e-4,0.00104778634630493,8.23640091002812e-4,0.00387464156415461,0.00697519115995333,0.00863008157719569,0.00893172086785012,-0.0364303629939315,-0.0477512258837904,-0.0364301971487194,-0.0588012598178941,0.0069215084043125,0.00912421654606727,0.0127114642767365,0.00543801679748759,0.00468351610005618,0.00782514277466019,0.0227998782729941,0.0226549049364364,6.27958417842717e-5,4.80055212873489e-4,3.25328703133692e-5,5.69550851077695e-4,0.02179401985778425
1989-10-01,0.0120989305935518,28.2388499101525,11.6439709110958,-1.55360803557945,-15.0320016315557,-19.9588452169772,0.0887069205051274,0.0695475413929378,0.0309283982682813,0.00436498636364968,0.0784872448315748,0.0596387960550968,0.018327827333801,-0.00610142666029256,0.11475265745,0.0142614768859999,0.0217128795199997,0.0228115983000001,0.101877557165,0.0134844722879999,0.0138773906570002,0.0266522859560001,0.0815,0.0882,0.0807,0.0724,0.02205,0.020175,0.0181,0.01615,0.411102299762094,0.401081730769231,0.410526315789474,0.416190057193137,6.00000000000003e-4,0.0047,0.0111,0.0193,0.0093,0.0087,0.0108,0.0108,-0.0128751002849998,-7.77004598000008e-4,-0.00783548886299945,0.00384068765599999,0.0147179067865904,0.0149377593360995,0.00584307178631049,0.0152542372881355,-0.0239480686706263,-0.0231021330000432,-0.0214057483497335,-0.0100015136345005,0.00345816955542853,0.00342710388001711,0.00360764989490905,0.00449367783084962,0.0353858655285242,0.0352724887961889,0.0350659003272849,0.0349276071790731,-1.52617581327083,-1.46894887295441,-1.40658576150894,-1.44381942348583,0.0185929648241208,0.122865013774105,0.12532637075718,-0.0884086444007859,0.0263489265934423,0.0371513453223932,0.0745734131674771,0.0155217119055256,0.00333495414815843,0.00885760132223368,0.0546721331775188,0.0974669232964516,0.476785093545914,0.469333589076996,0.505088865756989,0.482433348894119,0.963738264602843,0.977197781129374,0.993162354018777,0.800290131733442,0.896283453691936,0.842493076013253,0.796559678521316,0.776114633304193,-2.6139014359418,-2.55873504417302,-2.54621724308334,-2.56777968449182,0.0249013170974228,0.0203210447115177,0.0197423161419222,0.0218259294414785,0.274770736694336,0.317427158355713,0.301459014415741,0.34908339381218,-0.00171652287302767,3.46868345808025e-4,4.07587123679636e-4,-0.00265178341400618,-0.840486111111112,-0.534195804195802,0.0259859154929583,0.892269503546099,0.616567873350084,0.471163229469215,0.425799272675773,0.318254124582419,1.99345181183607,2.73201862408565,2.46560130583926,2.5218259414165,-0.00532226217198698,0.00252893599180699,-9.73657921563721e-4,0.00159997147056609,-0.00622720489539785,-1.03411229242869e-4,-0.00163616413413278,5.51675453727435e-4,-0.00882116155312866,0.0025277784500639202,0.00148074946325608,0.00143812560234231,-0.00200677303818376,-0.00116138402293134,2.59021090585945e-4,4.28613324362826e-4,-0.00286189673226552,-0.00101754578957377,-1.43130880098431e-4,0.00104778634630493,-0.00197869091983981,0.00387464156415461,0.00697519115995333,0.00863008157719569,-0.0630789046906391,-0.0364303629939315,-0.0477512258837904,-0.0364301971487194,0.0117925495775705,0.0069215084043125,0.00912421654606727,0.0127114642767365,-0.00252689103488572,0.00468351610005618,0.00782514277466019,0.0227998782729941,4.99264811771942e-4,6.27958417842717e-5,4.80055212873489e-4,3.25328703133692e-5,0.02839720000751124
1990-01-01,-0.0388314284363906,12.2747355302552,28.2388499101525,11.6439709110958,-1.55360803557945,-15.0320016315557,0.107242600144875,0.0887069205051274,0.0695475413929378,0.0309283982682813,0.097767219289824,0.0784872448315748,0.0596387960550968,0.018327827333801,-8.2158119799991e-4,0.11475265745,0.0142614768859999,0.0217128795199997,0.00521469944000019,0.101877557165,0.0134844722879999,0.0138773906570002,0.0775,0.0815,0.0882,0.0807,0.020375,0.02205,0.020175,0.0181,0.453102574926129,0.411102299762094,0.401081730769231,0.410526315789474,0.0072,6.00000000000003e-4,0.0047,0.0111,0.00900000000000001,0.0093,0.0087,0.0108,0.0060362806380001,-0.0128751002849998,-7.77004598000008e-4,-0.00783548886299945,0.00725221595487513,0.0147179067865904,0.0149377593360995,0.00584307178631049,-0.0257470998273768,-0.0239480686706263,-0.0231021330000432,-0.0214057483497335,0.00294946810845011,0.00345816955542853,0.00342710388001711,0.00360764989490905,0.0359126804309405,0.0353858655285242,0.0352724887961889,0.0350659003272849,-1.45904035781849,-1.52617581327083,-1.46894887295441,-1.40658576150894,0.0690387679235263,0.0185929648241208,0.122865013774105,0.12532637075718,0.00882390662704903,0.0263489265934423,0.0371513453223932,0.0745734131674771,0.0721488296985626,0.00333495414815843,0.00885760132223368,0.0546721331775188,0.483197122812271,0.476785093545914,0.469333589076996,0.505088865756989,0.978463640360599,0.963738264602843,0.977197781129374,0.993162354018777,0.978463640360599,0.896283453691936,0.842493076013253,0.796559678521316,-2.76916736583274,-2.6139014359418,-2.55873504417302,-2.54621724308334,0.0191341036176874,0.0249013170974228,0.0203210447115177,0.0197423161419222,0.233048245310783,0.274770736694336,0.317427158355713,0.301459014415741,-0.00350517244515443,-0.00171652287302767,3.46868345808025e-4,4.07587123679636e-4,-0.924689655172414,-0.840486111111112,-0.534195804195802,0.0259859154929583,0.720444990997596,0.616567873350084,0.471163229469215,0.425799272675773,-0.0688702005912207,1.99345181183607,2.73201862408565,2.46560130583926,-0.00285749399178094,-0.00532226217198698,0.00252893599180699,-9.73657921563721e-4,-0.00404352404811093,-0.00622720489539785,-1.03411229242869e-4,-0.00163616413413278,-9.52517182850915e-4,-0.00882116155312866,0.0025277784500639202,0.00148074946325608,-0.00308584972341954,-0.00200677303818376,-0.00116138402293134,2.59021090585945e-4,-0.00340421535090424,-0.00286189673226552,-0.00101754578957377,-1.43130880098431e-4,-0.0112511586154264,-0.00197869091983981,0.00387464156415461,0.00697519115995333,-0.0885303881567868,-0.0630789046906391,-0.0364303629939315,-0.0477512258837904,0.00894213389392725,0.0117925495775705,0.0069215084043125,0.00912421654606727,-0.00548400431877109,-0.00252689103488572,0.00468351610005618,0.00782514277466019,5.26479000883905e-4,4.99264811771942e-4,6.27958417842717e-5,4.80055212873489e-4,0.027331521426601196
1990-04-01,0.05181971931284,-9.87372833464522,12.2747355302552,28.2388499101525,11.6439709110958,-1.55360803557945,0.0189303324754937,0.107242600144875,0.0887069205051274,0.0695475413929378,0.0103448894379341,0.097767219289824,0.0784872448315748,0.0596387960550968,0.045368022628,-8.2158119799991e-4,0.11475265745,0.0142614768859999,0.0354140759199999,0.00521469944000019,0.101877557165,0.0134844722879999,0.0763,0.0775,0.0815,0.0882,0.019375,0.020375,0.02205,0.020175,0.483384346305203,0.453102574926129,0.411102299762094,0.401081730769231,0.0053000000000000104,0.0072,6.00000000000003e-4,0.0047,0.00960000000000001,0.00900000000000001,0.0093,0.0087,-0.00995394670800009,0.0060362806380001,-0.0128751002849998,-7.77004598000008e-4,0.00879999999999992,0.00725221595487513,0.0147179067865904,0.0149377593360995,-0.012333538177131,-0.0257470998273768,-0.0239480686706263,-0.0231021330000432,0.00740414244523501,0.00294946810845011,0.00345816955542853,0.00342710388001711,0.0351662273363334,0.0359126804309405,0.0353858655285242,0.0352724887961889,-1.5448047004457,-1.45904035781849,-1.52617581327083,-1.46894887295441,0.0986908358509568,0.0690387679235263,0.0185929648241208,0.122865013774105,0.0651329183508197,0.00882390662704903,0.0263489265934423,0.0371513453223932,0.0301966331899166,0.0721488296985626,0.00333495414815843,0.00885760132223368,0.500161588191986,0.483197122812271,0.476785093545914,0.469333589076996,0.986311577303227,0.978463640360599,0.963738264602843,0.977197781129374,0.986311577303227,0.978463640360599,0.896283453691936,0.842493076013253,-2.81325301302681,-2.76916736583274,-2.6139014359418,-2.55873504417302,0.0229063768226754,0.0191341036176874,0.0249013170974228,0.0203210447115177,0.389983177185059,0.233048245310783,0.274770736694336,0.317427158355713,-0.00918348288943815,-0.00350517244515443,-0.00171652287302767,3.46868345808025e-4,-0.928356164383562,-0.924689655172414,-0.840486111111112,-0.534195804195802,0.760307162675625,0.720444990997596,0.616567873350084,0.471163229469215,-0.414015287378414,-0.0688702005912207,1.99345181183607,2.73201862408565,-0.00307201117845363,-0.00285749399178094,-0.00532226217198698,0.00252893599180699,-0.0034085730621611,-0.00404352404811093,-0.00622720489539785,-1.03411229242869e-4,-0.00405288106135538,-9.52517182850915e-4,-0.00882116155312866,0.0025277784500639202,-0.00138922410645402,-0.00308584972341954,-0.00200677303818376,-0.00116138402293134,-7.46839290681152e-4,-0.00340421535090424,-0.00286189673226552,-0.00101754578957377,-0.00834099021268604,-0.0112511586154264,-0.00197869091983981,0.00387464156415461,-0.0714592105989585,-0.0885303881567868,-0.0630789046906391,-0.0364303629939315,0.00865073770261727,0.00894213389392725,0.0117925495775705,0.0069215084043125,7.14441476240797e-4,-0.00548400431877109,-0.00252689103488572,0.00468351610005618,8.05456150750095e-4,5.26479000883905e-4,4.99264811771942e-4,6.27958417842717e-5,0.02342667589073582
1990-07-01,-0.156840363464967,10.6123008139882,-9.87372833464522,12.2747355302552,28.2388499101525,11.6439709110958,-0.0300646405075083,0.0189303324754937,0.107242600144875,0.0887069205051274,-0.0381717399821169,0.0103448894379341,0.097767219289824,0.0784872448315748,-0.0409527072999999,0.045368022628,-8.2158119799991e-4,0.11475265745,-0.0213547752119999,0.0354140759199999,0.00521469944000019,0.101877557165,0.079,0.0763,0.0775,0.0815,0.019075,0.019375,0.020375,0.02205,0.522288878634056,0.483384346305203,0.453102574926129,0.411102299762094,0.00990000000000001,0.0053000000000000104,0.0072,6.00000000000003e-4,0.00840000000000002,0.00960000000000001,0.00900000000000001,0.0093,0.019597932088,-0.00995394670800009,0.0060362806380001,-0.0128751002849998,0.0206185567010309,0.00879999999999992,0.00725221595487513,0.0147179067865904,-0.010291442803507,-0.012333538177131,-0.0257470998273768,-0.0239480686706263,0.00493287061495207,0.00740414244523501,0.00294946810845011,0.00345816955542853,0.0352591740892103,0.0351662273363334,0.0359126804309405,0.0353858655285242,-1.52379434790536,-1.5448047004457,-1.45904035781849,-1.52617581327083,-0.0584958217270194,0.0986908358509568,0.0690387679235263,0.0185929648241208,0.0488148123872249,0.0651329183508197,0.00882390662704903,0.0263489265934423,0.00931628327816725,0.0301966331899166,0.0721488296985626,0.00333495414815843,0.488723486661911,0.500161588191986,0.483197122812271,0.476785093545914,0.963368503460669,0.986311577303227,0.978463640360599,0.963738264602843,0.963368503460669,0.986311577303227,0.978463640360599,0.896283453691936,-2.83524945214166,-2.81325301302681,-2.76916736583274,-2.6139014359418,0.0232284040252855,0.0229063768226754,0.0191341036176874,0.0249013170974228,0.33548030257225,0.389983177185059,0.233048245310783,0.274770736694336,-0.0064013190512885,-0.00918348288943815,-0.00350517244515443,-0.00171652287302767,-0.52204081632653,-0.928356164383562,-0.924689655172414,-0.840486111111112,0.755367775961467,0.760307162675625,0.720444990997596,0.616567873350084,-1.21659668919805,-0.414015287378414,-0.0688702005912207,1.99345181183607,0.0033163778314816,-0.00307201117845363,-0.00285749399178094,-0.00532226217198698,0.00159727513568575,-0.0034085730621611,-0.00404352404811093,-0.00622720489539785,0.00512074604070628,-0.00405288106135538,-9.52517182850915e-4,-0.00882116155312866,7.13958686756675e-4,-0.00138922410645402,-0.00308584972341954,-0.00200677303818376,0.00110895755424558,-7.46839290681152e-4,-0.00340421535090424,-0.00286189673226552,-0.0062292464042767,-0.00834099021268604,-0.0112511586154264,-0.00197869091983981,0.0221987549519185,-0.0714592105989585,-0.0885303881567868,-0.0630789046906391,0.00331805024416907,0.00865073770261727,0.00894213389392725,0.0117925495775705,0.00752302944615655,7.14441476240797e-4,-0.00548400431877109,-0.00252689103488572,0.00165087295592355,8.05456150750095e-4,5.26479000883905e-4,4.99264811771942e-4,0.022078565941647206
1990-10-01,0.0760106117066077,-51.5825266278939,10.6123008139882,-9.87372833464522,12.2747355302552,28.2388499101525,0.0632974997600586,-0.0300646405075083,0.0189303324754937,0.107242600144875,0.0539634072828263,-0.0381717399821169,0.0103448894379341,0.097767219289824,0.0439323190999998,-0.0409527072999999,0.045368022628,-8.2158119799991e-4,0.0406678064400001,-0.0213547752119999,0.0354140759199999,0.00521469944000019,0.0773,0.079,0.0763,0.0775,0.01975,0.019075,0.019375,0.020375,0.548588899341486,0.522288878634056,0.483384346305203,0.453102574926129,0.0091,0.00990000000000001,0.0053000000000000104,0.0072,0.00960000000000001,0.00840000000000002,0.00960000000000001,0.00900000000000001,-0.00326451265999972,0.019597932088,-0.00995394670800009,0.0060362806380001,0.00932400932400945,0.0206185567010309,0.00879999999999992,0.00725221595487513,-5.0727477402563e-4,-0.010291442803507,-0.012333538177131,-0.0257470998273768,0.00367904955862132,0.00493287061495207,0.00740414244523501,0.00294946810845011,0.0344467778890349,0.0352591740892103,0.0351662273363334,0.0359126804309405,-1.53996763150959,-1.52379434790536,-1.5448047004457,-1.45904035781849,-0.0189655172413792,-0.0584958217270194,0.0986908358509568,0.0690387679235263,-0.00239587360341821,0.0488148123872249,0.0651329183508197,0.00882390662704903,0.0503471158444881,0.00931628327816725,0.0301966331899166,0.0721488296985626,0.494760781526566,0.488723486661911,0.500161588191986,0.483197122812271,0.981198205654844,0.963368503460669,0.986311577303227,0.978463640360599,0.981198205654844,0.963368503460669,0.986311577303227,0.978463640360599,-2.90515711605224,-2.83524945214166,-2.81325301302681,-2.76916736583274,0.0229184376838039,0.0232284040252855,0.0229063768226754,0.0191341036176874,0.307746976613998,0.33548030257225,0.389983177185059,0.233048245310783,-0.00982713971934689,-0.0064013190512885,-0.00918348288943815,-0.00350517244515443,-0.248513513513514,-0.52204081632653,-0.928356164383562,-0.924689655172414,0.860877280556549,0.755367775961467,0.760307162675625,0.720444990997596,-0.984667809421348,-1.21659668919805,-0.414015287378414,-0.0688702005912207,1.86940064446285e-4,0.0033163778314816,-0.00307201117845363,-0.00285749399178094,2.74177772743644e-4,0.00159727513568575,-0.0034085730621611,-0.00404352404811093,-3.8983859008174e-4,0.00512074604070628,-0.00405288106135538,-9.52517182850915e-4,-8.71768589154351e-4,7.13958686756675e-4,-0.00138922410645402,-0.00308584972341954,-0.00172049667399104,0.00110895755424558,-7.46839290681152e-4,-0.00340421535090424,-0.0089851738549194,-0.0062292464042767,-0.00834099021268604,-0.0112511586154264,-0.0404773026440801,0.0221987549519185,-0.0714592105989585,-0.0885303881567868,0.0047698896049067,0.00331805024416907,0.00865073770261727,0.00894213389392725,0.0024240329568854,0.00752302944615655,7.14441476240797e-4,-0.00548400431877109,4.26300733862201e-4,0.00165087295592355,8.05456150750095e-4,5.26479000883905e-4,0.021574675105012653
1991-01-01,0.127753421611778,-4.98319981201465,-51.5825266278939,10.6123008139882,-9.87372833464522,12.2747355302552,-0.139165783174512,0.0632974997600586,-0.0300646405075083,0.0189303324754937,-0.146838784679077,0.0539634072828263,-0.0381717399821169,0.0103448894379341,-0.0203186154610001,0.0439323190999998,-0.0409527072999999,0.045368022628,-0.0103734503439999,0.0406678064400001,-0.0213547752119999,0.0354140759199999,0.0736,0.0773,0.079,0.0763,0.019325,0.01975,0.019075,0.019375,0.544342226310948,0.548588899341486,0.522288878634056,0.483384346305203,0.0178,0.0091,0.00990000000000001,0.0053000000000000104,0.0108,0.00960000000000001,0.00840000000000002,0.00960000000000001,0.00994516511700017,-0.00326451265999972,0.019597932088,-0.00995394670800009,0.0215550423402615,0.00932400932400945,0.0206185567010309,0.00879999999999992,0.00137287945272343,-5.0727477402563e-4,-0.010291442803507,-0.012333538177131,0.00911101757600178,0.00367904955862132,0.00493287061495207,0.00740414244523501,0.0343659786246096,0.0344467778890349,0.0352591740892103,0.0351662273363334,-1.56666807491899,-1.53996763150959,-1.52379434790536,-1.5448047004457,0.44981684981685,-0.0189655172413792,-0.0584958217270194,0.0986908358509568,0.0236118081391896,-0.00239587360341821,0.0488148123872249,0.0651329183508197,0.0393805950880051,0.0503471158444881,0.00931628327816725,0.0301966331899166,0.480156004428864,0.494760781526566,0.488723486661911,0.500161588191986,0.817561463455288,0.981198205654844,0.963368503460669,0.986311577303227,0.817561463455288,0.981198205654844,0.963368503460669,0.986311577303227,-2.72976261797389,-2.90515711605224,-2.83524945214166,-2.81325301302681,0.0307980963078305,0.0229184376838039,0.0232284040252855,0.0229063768226754,0.358000904321671,0.307746976613998,0.33548030257225,0.389983177185059,-0.0147106074855257,-0.00982713971934689,-0.0064013190512885,-0.00918348288943815,0.0431543624161064,-0.248513513513514,-0.52204081632653,-0.928356164383562,0.756883463184791,0.860877280556549,0.755367775961467,0.760307162675625,-0.163843832415693,-0.984667809421348,-1.21659668919805,-0.414015287378414,0.00342478872605859,1.86940064446285e-4,0.0033163778314816,-0.00307201117845363,0.00428848187513658,2.74177772743644e-4,0.00159727513568575,-0.0034085730621611,0.00532867028200586,-3.8983859008174e-4,0.00512074604070628,-0.00405288106135538,0.00543240643350409,-8.71768589154351e-4,7.13958686756675e-4,-0.00138922410645402,0.0033915178040805,-0.00172049667399104,0.00110895755424558,-7.46839290681152e-4,0.00560672852748345,-0.0089851738549194,-0.0062292464042767,-0.00834099021268604,0.0450847763403434,-0.0404773026440801,0.0221987549519185,-0.0714592105989585,0.011667036916946,0.0047698896049067,0.00331805024416907,0.00865073770261727,-0.00127483819852449,0.0024240329568854,0.00752302944615655,7.14441476240797e-4,2.51949120913017e-4,4.26300733862201e-4,0.00165087295592355,8.05456150750095e-4,0.02163067571376784
1991-04-01,-0.0108792841304863,32.1649801238677,-4.98319981201465,-51.5825266278939,10.6123008139882,-9.87372833464522,0.0904184742442611,-0.139165783174512,0.0632974997600586,-0.0300646405075083,0.0797080976959008,-0.146838784679077,0.0539634072828263,-0.0381717399821169,0.0824342524099999,-0.0203186154610001,0.0439323190999998,-0.0409527072999999,0.0594788725399999,-0.0103734503439999,0.0406678064400001,-0.0213547752119999,0.0674,0.0736,0.0773,0.079,0.0184,0.019325,0.01975,0.019075,0.566354264292409,0.544342226310948,0.548588899341486,0.522288878634056,0.017,0.0178,0.0091,0.00990000000000001,0.0138,0.0108,0.00960000000000001,0.00840000000000002,-0.02295537987,0.00994516511700017,-0.00326451265999972,0.019597932088,0.00828937452901291,0.0215550423402615,0.00932400932400945,0.0206185567010309,-0.00184590438019506,0.00137287945272343,-5.0727477402563e-4,-0.010291442803507,0.00772725190097521,0.00911101757600178,0.00367904955862132,0.00493287061495207,0.0335113939844242,0.0343659786246096,0.0344467778890349,0.0352591740892103,-1.54917192637222,-1.56666807491899,-1.53996763150959,-1.52379434790536,-0.0226804123711341,0.44981684981685,-0.0189655172413792,-0.0584958217270194,0.0317468419507331,0.0236118081391896,-0.00239587360341821,0.0488148123872249,0.042651731520891203,0.0393805950880051,0.0503471158444881,0.00931628327816725,0.535640716552734,0.480156004428864,0.494760781526566,0.488723486661911,0.877959829985832,0.817561463455288,0.981198205654844,0.963368503460669,0.877959829985832,0.817561463455288,0.981198205654844,0.963368503460669,-2.81687736079393,-2.72976261797389,-2.90515711605224,-2.83524945214166,0.0265590521176848,0.0307980963078305,0.0229184376838039,0.0232284040252855,0.331418812274933,0.358000904321671,0.307746976613998,0.33548030257225,-0.0261294520980847,-0.0147106074855257,-0.00982713971934689,-0.0064013190512885,0.232866666666667,0.0431543624161064,-0.248513513513514,-0.52204081632653,0.812386003227594,0.756883463184791,0.860877280556549,0.755367775961467,-0.707128132572364,-0.163843832415693,-0.984667809421348,-1.21659668919805,-0.00312028982242158,0.00342478872605859,1.86940064446285e-4,0.0033163778314816,9.69476360180201e-5,0.00428848187513658,2.74177772743644e-4,0.00159727513568575,-0.00404214685223949,0.00532867028200586,-3.8983859008174e-4,0.00512074604070628,3.72628889259391e-4,0.00543240643350409,-8.71768589154351e-4,7.13958686756675e-4,0.00217306623317058,0.0033915178040805,-0.00172049667399104,0.00110895755424558,-0.00558599937076809,0.00560672852748345,-0.0089851738549194,-0.0062292464042767,-0.0276857901255952,0.0450847763403434,-0.0404773026440801,0.0221987549519185,0.0102028959550985,0.011667036916946,0.0047698896049067,0.00331805024416907,-0.0141315538704072,-0.00127483819852449,0.0024240329568854,0.00752302944615655,7.3793299106675e-4,2.51949120913017e-4,4.26300733862201e-4,0.00165087295592355,0.02158365064964139
1991-07-01,0.0440112132831161,4.14919128475023,32.1649801238677,-4.98319981201465,-51.5825266278939,10.6123008139882,0.147057776902344,0.0904184742442611,-0.139165783174512,0.0632974997600586,0.138175932296786,0.0797080976959008,-0.146838784679077,0.0539634072828263,0.0198999481999997,0.0824342524099999,-0.0203186154610001,0.0439323190999998,0.0383761401999998,0.0594788725399999,-0.0103734503439999,0.0406678064400001,0.0591,0.0674,0.0736,0.0773,0.01685,0.0184,0.019325,0.01975,0.578319006685769,0.566354264292409,0.544342226310948,0.548588899341486,0.0253,0.017,0.0178,0.0091,0.0116,0.0138,0.0108,0.00960000000000001,0.0184761920000001,-0.02295537987,0.00994516511700017,-0.00326451265999972,0.00896860986547066,0.00828937452901291,0.0215550423402615,0.00932400932400945,0.0032513976871146,-0.00184590438019506,0.00137287945272343,-5.0727477402563e-4,0.00699995084279211,0.00772725190097521,0.00911101757600178,0.00367904955862132,0.0325626557756514,0.0335113939844242,0.0343659786246096,0.0344467778890349,-1.63903730736862,-1.54917192637222,-1.56666807491899,-1.53996763150959,0.0271966527196652,-0.0226804123711341,0.44981684981685,-0.0189655172413792,-0.011132171094308,0.0317468419507331,0.0236118081391896,-0.00239587360341821,0.0139717981219292,0.042651731520891203,0.0393805950880051,0.0503471158444881,0.465334743261337,0.535640716552734,0.480156004428864,0.494760781526566,0.971367613967831,0.877959829985832,0.817561463455288,0.981198205654844,0.971367613967831,0.877959829985832,0.817561463455288,0.981198205654844,-2.96383035648966,-2.81687736079393,-2.72976261797389,-2.90515711605224,0.0328587018936217,0.0265590521176848,0.0307980963078305,0.0229184376838039,0.29064279794693,0.331418812274933,0.358000904321671,0.307746976613998,-0.0311123042154912,-0.0261294520980847,-0.0147106074855257,-0.00982713971934689,0.821324503311258,0.232866666666667,0.0431543624161064,-0.248513513513514,0.616555322749874,0.812386003227594,0.756883463184791,0.860877280556549,-0.928646160358354,-0.707128132572364,-0.163843832415693,-0.984667809421348,-0.00209771541108177,-0.00312028982242158,0.00342478872605859,1.86940064446285e-4,-0.00273049247712814,9.69476360180201e-5,0.00428848187513658,2.74177772743644e-4,-0.00109419229257682,-0.00404214685223949,0.00532867028200586,-3.8983859008174e-4,-0.00364500388664056,3.72628889259391e-4,0.00543240643350409,-8.71768589154351e-4,-0.00321676522149546,0.00217306623317058,0.0033915178040805,-0.00172049667399104,-0.0120374559327919,-0.00558599937076809,0.00560672852748345,-0.0089851738549194,-0.0456560493777123,-0.0276857901255952,0.0450847763403434,-0.0404773026440801,0.00539700305377577,0.0102028959550985,0.011667036916946,0.0047698896049067,-0.0248653291274176,-0.0141315538704072,-0.00127483819852449,0.0024240329568854,-4.20241366384301e-6,7.3793299106675e-4,2.51949120913017e-4,4.26300733862201e-4,0.02115922745699463
1991-10-01,0.0726575760814669,16.4186871058173,4.14919128475023,32.1649801238677,-4.98319981201465,-51.5825266278939,-0.00211609664119072,0.147057776902344,0.0904184742442611,-0.139165783174512,-0.0103682390966462,0.138175932296786,0.0797080976959008,-0.146838784679077,0.00761180000000006,0.0198999481999997,0.0824342524099999,-0.0203186154610001,0.0159218631239999,0.0383761401999998,0.0594788725399999,-0.0103734503439999,0.0557,0.0591,0.0674,0.0736,0.014775,0.01685,0.0184,0.019325,0.6258114374034,0.578319006685769,0.566354264292409,0.544342226310948,0.0303,0.0253,0.017,0.0178,0.00950000000000001,0.0116,0.0138,0.0108,0.00831006312399984,0.0184761920000001,-0.02295537987,0.00994516511700017,0.00740740740740731,0.00896860986547066,0.00828937452901291,0.0215550423402615,0.0142474873953442,0.0032513976871146,-0.00184590438019506,0.00137287945272343,0.00483783389414795,0.00699995084279211,0.00772725190097521,0.00911101757600178,0.0321556163708327,0.0325626557756514,0.0335113939844242,0.0343659786246096,-1.56830596699432,-1.63903730736862,-1.54917192637222,-1.56666807491899,-0.023719165085389,0.0271966527196652,-0.0226804123711341,0.44981684981685,-0.0404256568963909,-0.011132171094308,0.0317468419507331,0.0236118081391896,0.0362546741962433,0.0139717981219292,0.042651731520891203,0.0393805950880051,0.496792852878571,0.465334743261337,0.535640716552734,0.480156004428864,0.95763887287379,0.971367613967831,0.877959829985832,0.817561463455288,0.95763887287379,0.971367613967831,0.877959829985832,0.817561463455288,-3.03039511806207,-2.96383035648966,-2.81687736079393,-2.72976261797389,0.0205887171435328,0.0328587018936217,0.0265590521176848,0.0307980963078305,0.285339176654816,0.29064279794693,0.331418812274933,0.358000904321671,-0.0244416599615892,-0.0311123042154912,-0.0261294520980847,-0.0147106074855257,1.38592105263158,0.821324503311258,0.232866666666667,0.0431543624161064,0.545246674881338,0.616555322749874,0.812386003227594,0.756883463184791,-2.22402535503291,-0.928646160358354,-0.707128132572364,-0.163843832415693,-1.99357600761872e-4,-0.00209771541108177,-0.00312028982242158,0.00342478872605859,-0.00227315253333636,-0.00273049247712814,9.69476360180201e-5,0.00428848187513658,0.00113089521172604,-0.00109419229257682,-0.00404214685223949,0.00532867028200586,-0.00112139115291461,-0.00364500388664056,3.72628889259391e-4,0.00543240643350409,-0.00310581030156492,-0.00321676522149546,0.00217306623317058,0.0033915178040805,-0.0106388917429451,-0.0120374559327919,-0.00558599937076809,0.00560672852748345,-0.0301576218401509,-0.0456560493777123,-0.0276857901255952,0.0450847763403434,0.00514892249252204,0.00539700305377577,0.0102028959550985,0.011667036916946,-0.0125140886329489,-0.0248653291274176,-0.0141315538704072,-0.00127483819852449,2.91645222270226e-4,-4.20241366384301e-6,7.3793299106675e-4,2.51949120913017e-4,0.021740016559933382
1992-01-01,-0.0326547691669271,34.3513288866388,16.4186871058173,4.14919128475023,32.1649801238677,-4.98319981201465,0.0534553364563479,-0.00211609664119072,0.147057776902344,0.0904184742442611,0.045291578186629,-0.0103682390966462,0.138175932296786,0.0797080976959008,0.0820558841400001,0.00761180000000006,0.0198999481999997,0.0824342524099999,0.0729695156749999,0.0159218631239999,0.0383761401999998,0.0594788725399999,0.0522,0.0557,0.0591,0.0674,0.013925,0.014775,0.01685,0.0184,0.688832772166105,0.6258114374034,0.578319006685769,0.566354264292409,0.0268,0.0303,0.0253,0.017,0.00900000000000001,0.00950000000000001,0.0116,0.0138,-0.00908636846500022,0.00831006312399984,0.0184761920000001,-0.02295537987,0.00882352941176467,0.00740740740740731,0.00896860986547066,0.00828937452901291,0.0232890416069456,0.0142474873953442,0.0032513976871146,-0.00184590438019506,0.00361766348632044,0.00483783389414795,0.00699995084279211,0.00772725190097521,0.0316521775264467,0.0321556163708327,0.0325626557756514,0.0335113939844242,-1.50152916569084,-1.56830596699432,-1.63903730736862,-1.54917192637222,-6.72645739910327e-4,-0.023719165085389,0.0271966527196652,-0.0226804123711341,-0.0282383003809472,-0.0404256568963909,-0.011132171094308,0.0317468419507331,0.0524526536464691,0.0362546741962433,0.0139717981219292,0.042651731520891203,0.498051464557648,0.496792852878571,0.465334743261337,0.535640716552734,0.98741174968824,0.95763887287379,0.971367613967831,0.877959829985832,0.98741174968824,0.95763887287379,0.971367613967831,0.877959829985832,-3.15403806554771,-3.03039511806207,-2.96383035648966,-2.81687736079393,0.0268779663051355,0.0205887171435328,0.0328587018936217,0.0265590521176848,0.268539488315582,0.285339176654816,0.29064279794693,0.331418812274933,-0.0207416298792532,-0.0244416599615892,-0.0311123042154912,-0.0261294520980847,1.36686274509804,1.38592105263158,0.821324503311258,0.232866666666667,0.586191368968239,0.545246674881338,0.616555322749874,0.812386003227594,-2.9901566440685,-2.22402535503291,-0.928646160358354,-0.707128132572364,-0.00420116899277775,-1.99357600761872e-4,-0.00209771541108177,-0.00312028982242158,-0.00567171343265271,-0.00227315253333636,-0.00273049247712814,9.69476360180201e-5,-0.00637147858288763,0.00113089521172604,-0.00109419229257682,-0.00404214685223949,-0.00196431407000624,-0.00112139115291461,-0.00364500388664056,3.72628889259391e-4,-0.00191627457752399,-0.00310581030156492,-0.00321676522149546,0.00217306623317058,-0.0138568805162019,-0.0106388917429451,-0.0120374559327919,-0.00558599937076809,-0.0437963217004475,-0.0301576218401509,-0.0456560493777123,-0.0276857901255952,0.00329292652947982,0.00514892249252204,0.00539700305377577,0.0102028959550985,-0.0172352552298056,-0.0125140886329489,-0.0248653291274176,-0.0141315538704072,2.72724370595965e-4,2.91645222270226e-4,-4.20241366384301e-6,7.3793299106675e-4,0.022603055675814773
1992-04-01,0.0109629961183052,2.20187057787256,34.3513288866388,16.4186871058173,4.14919128475023,32.1649801238677,0.0836774897358308,0.0534553364563479,-0.00211609664119072,0.147057776902344,0.0752449559345729,0.045291578186629,-0.0103682390966462,0.138175932296786,0.0725370126680001,0.0820558841400001,0.00761180000000006,0.0198999481999997,0.059197207288,0.0729695156749999,0.0159218631239999,0.0383761401999998,0.0407,0.0522,0.0557,0.0591,0.01305,0.013925,0.014775,0.01685,0.764120225422668,0.688832772166105,0.6258114374034,0.578319006685769,0.0323,0.0268,0.0303,0.0253,0.00949999999999999,0.00900000000000001,0.00950000000000001,0.0116,-0.01333980538,-0.00908636846500022,0.00831006312399984,0.0184761920000001,0.0051020408163267,0.00882352941176467,0.00740740740740731,0.00896860986547066,0.0318123833959688,0.0232890416069456,0.0142474873953442,0.0032513976871146,0.00522423169913735,0.00361766348632044,0.00483783389414795,0.00699995084279211,0.0314249357433006,0.0316521775264467,0.0321556163708327,0.0325626557756514,-1.69880658324118,-1.50152916569084,-1.56830596699432,-1.63903730736862,-0.113041463979616,-6.72645739910327e-4,-0.023719165085389,0.0271966527196652,-0.0195401622696537,-0.0282383003809472,-0.0404256568963909,-0.011132171094308,0.111235409975052,0.0524526536464691,0.0362546741962433,0.0139717981219292,0.506570756435394,0.498051464557648,0.496792852878571,0.465334743261337,1,0.98741174968824,0.95763887287379,0.971367613967831,1,0.98741174968824,0.95763887287379,0.971367613967831,-3.33108948004733,-3.15403806554771,-3.03039511806207,-2.96383035648966,0.0397794533294501,0.0268779663051355,0.0205887171435328,0.0328587018936217,0.282455682754517,0.268539488315582,0.285339176654816,0.29064279794693,-0.0185683372358288,-0.0207416298792532,-0.0244416599615892,-0.0311123042154912,1.60798701298701,1.36686274509804,1.38592105263158,0.821324503311258,0.393824750889157,0.586191368968239,0.545246674881338,0.616555322749874,-3.82996326116168,-2.9901566440685,-2.22402535503291,-0.928646160358354,-0.00506859593838716,-0.00420116899277775,-1.99357600761872e-4,-0.00209771541108177,-0.00552468094901387,-0.00567171343265271,-0.00227315253333636,-0.00273049247712814,-0.00889068933664445,-0.00637147858288763,0.00113089521172604,-0.00109419229257682,-0.00365967552060541,-0.00196431407000624,-0.00112139115291461,-0.00364500388664056,2.46821210431637e-5,-0.00191627457752399,-0.00310581030156492,-0.00321676522149546,-0.0171542605774919,-0.0138568805162019,-0.0106388917429451,-0.0120374559327919,-0.0548465042619894,-0.0437963217004475,-0.0301576218401509,-0.0456560493777123,-0.00388564583246215,0.00329292652947982,0.00514892249252204,0.00539700305377577,-0.0156095149925483,-0.0172352552298056,-0.0125140886329489,-0.0248653291274176,4.86856999211199e-4,2.72724370595965e-4,2.91645222270226e-4,-4.20241366384301e-6,0.023523387020746706
1992-07-01,0.0233925963215257,7.09349714965152,2.20187057787256,34.3513288866388,16.4186871058173,4.14919128475023,-0.0250776971745207,0.0836774897358308,0.0534553364563479,-0.00211609664119072,-0.0320431469522837,0.0752449559345729,0.045291578186629,-0.0103682390966462,-0.0366070667439998,0.0725370126680001,0.0820558841400001,0.00761180000000006,-0.0151086576159999,0.059197207288,0.0729695156749999,0.0159218631239999,0.0404,0.0407,0.0522,0.0557,0.010175,0.01305,0.013925,0.014775,0.761210623841878,0.764120225422668,0.688832772166105,0.6258114374034,0.0393,0.0323,0.0268,0.0303,0.00900000000000001,0.00949999999999999,0.00900000000000001,0.00950000000000001,0.0214984091279999,-0.01333980538,-0.00908636846500022,0.00831006312399984,0.0101522842639594,0.0051020408163267,0.00882352941176467,0.00740740740740731,0.0419005364426677,0.0318123833959688,0.0232890416069456,0.0142474873953442,0.00225542822309974,0.00522423169913735,0.00361766348632044,0.00483783389414795,0.0311020425681293,0.0314249357433006,0.0316521775264467,0.0321556163708327,-1.61969240318268,-1.69880658324118,-1.50152916569084,-1.56830596699432,0.0414660246120919,-0.113041463979616,-6.72645739910327e-4,-0.023719165085389,-0.0397893432106897,-0.0195401622696537,-0.0282383003809472,-0.0404256568963909,0.0412732437252998,0.111235409975052,0.0524526536464691,0.0362546741962433,0.450239151716232,0.506570756435394,0.498051464557648,0.496792852878571,0.983350809209027,1,0.98741174968824,0.95763887287379,0.983350809209027,1,0.98741174968824,0.95763887287379,-3.28894617438653,-3.33108948004733,-3.15403806554771,-3.03039511806207,0.0271526240310048,0.0397794533294501,0.0268779663051355,0.0205887171435328,0.134305238723755,0.282455682754517,0.268539488315582,0.285339176654816,-0.00968291607828859,-0.0185683372358288,-0.0207416298792532,-0.0244416599615892,2.19761290322581,1.60798701298701,1.36686274509804,1.38592105263158,0.490760778618439,0.393824750889157,0.586191368968239,0.545246674881338,-2.38085357555192,-3.82996326116168,-2.9901566440685,-2.22402535503291,-0.00255658232920452,-0.00506859593838716,-0.00420116899277775,-1.99357600761872e-4,-0.00357471886834358,-0.00552468094901387,-0.00567171343265271,-0.00227315253333636,0.00171256896976668,-0.00889068933664445,-0.00637147858288763,0.00113089521172604,-9.61358990737185e-4,-0.00365967552060541,-0.00196431407000624,-0.00112139115291461,-0.00314421645697142,2.46821210431637e-5,-0.00191627457752399,-0.00310581030156492,-0.0100031699334475,-0.0171542605774919,-0.0138568805162019,-0.0106388917429451,-0.0591415482310997,-0.0548465042619894,-0.0437963217004475,-0.0301576218401509,-0.00352033020660789,-0.00388564583246215,0.00329292652947982,0.00514892249252204,1.20454409330581e-4,-0.0156095149925483,-0.0172352552298056,-0.0125140886329489,0.00100585466701538,4.86856999211199e-4,2.72724370595965e-4,2.91645222270226e-4,0.023360859168017518
1992-10-01,0.0419740353097303,12.4789669074681,7.09349714965152,2.20187057787256,34.3513288866388,16.4186871058173,0.0180677281481629,-0.0250776971745207,0.0836774897358308,0.0534553364563479,0.0102324607565831,-0.0320431469522837,0.0752449559345729,0.045291578186629,0.0464576576,-0.0366070667439998,0.0725370126680001,0.0820558841400001,0.0430624739840002,-0.0151086576159999,0.059197207288,0.0729695156749999,0.0366,0.0404,0.0407,0.0522,0.0101,0.010175,0.01305,0.013925,0.72258064516129,0.761210623841878,0.764120225422668,0.688832772166105,0.0399,0.0393,0.0323,0.0268,0.0083,0.00900000000000001,0.00949999999999999,0.00900000000000001,-0.00339518361599978,0.0214984091279999,-0.01333980538,-0.00908636846500022,0.00646087580760923,0.0101522842639594,0.0051020408163267,0.00882352941176467,0.0430765607601968,0.0419005364426677,0.0318123833959688,0.0232890416069456,0.00310399163295566,0.00225542822309974,0.00522423169913735,0.00361766348632044,0.0319132931891721,0.0311020425681293,0.0314249357433006,0.0316521775264467,-1.57763374305384,-1.61969240318268,-1.69880658324118,-1.50152916569084,-0.0156037991858887,0.0414660246120919,-0.113041463979616,-6.72645739910327e-4,-0.0401568108649787,-0.0397893432106897,-0.0195401622696537,-0.0282383003809472,0.0317063108086586,0.0412732437252998,0.111235409975052,0.0524526536464691,0.487364798784256,0.450239151716232,0.506570756435394,0.498051464557648,0.972257786658307,0.983350809209027,1,0.98741174968824,0.972257786658307,0.983350809209027,1,0.98741174968824,-3.2455456566381,-3.28894617438653,-3.33108948004733,-3.15403806554771,0.0322598428049781,0.0271526240310048,0.0397794533294501,0.0268779663051355,0.194067105650902,0.134305238723755,0.282455682754517,0.268539488315582,-0.00325585877598411,-0.00968291607828859,-0.0185683372358288,-0.0207416298792532,2.47352564102564,2.19761290322581,1.60798701298701,1.36686274509804,0.390885156302049,0.490760778618439,0.393824750889157,0.586191368968239,-1.23720432652286,-2.38085357555192,-3.82996326116168,-2.9901566440685,-0.00333812739517455,-0.00255658232920452,-0.00506859593838716,-0.00420116899277775,-0.00476241967034934,-0.00357471886834358,-0.00552468094901387,-0.00567171343265271,-0.0036068398315513,0.00171256896976668,-0.00889068933664445,-0.00637147858288763,-0.00150314475506232,-9.61358990737185e-4,-0.00365967552060541,-0.00196431407000624,-0.00205213886317673,-0.00314421645697142,2.46821210431637e-5,-0.00191627457752399,-0.00737670610446956,-0.0100031699334475,-0.0171542605774919,-0.0138568805162019,-0.0553828515615748,-0.0591415482310997,-0.0548465042619894,-0.0437963217004475,-0.00551950660798835,-0.00352033020660789,-0.00388564583246215,0.00329292652947982,-0.00315079007417721,1.20454409330581e-4,-0.0156095149925483,-0.0172352552298056,-4.12254583018031e-4,0.00100585466701538,4.86856999211199e-4,2.72724370595965e-4,0.024419150137699026
1993-01-01,0.0359749402600639,23.2104225662331,12.4789669074681,7.09349714965152,2.20187057787256,34.3513288866388,0.0310260888287313,0.0180677281481629,-0.0250776971745207,0.0836774897358308,0.0233388522272728,0.0102324607565831,-0.0320431469522837,0.0752449559345729,0.06613184321,0.0464576576,-0.0366070667439998,0.0725370126680001,0.0503739642799998,0.0430624739840002,-0.0151086576159999,0.059197207288,0.0291,0.0366,0.0404,0.0407,0.00915,0.0101,0.010175,0.01305,0.687084257206208,0.72258064516129,0.761210623841878,0.764120225422668,0.0419,0.0399,0.0393,0.0323,0.00700000000000001,0.0083,0.00900000000000001,0.00949999999999999,-0.0157578789300001,-0.00339518361599978,0.0214984091279999,-0.01333980538,0.00784593437945813,0.00646087580760923,0.0101522842639594,0.0051020408163267,0.0411377833935092,0.0430765607601968,0.0419005364426677,0.0318123833959688,0.00213925158127192,0.00310399163295566,0.00225542822309974,0.00522423169913735,0.0321791996278047,0.0319132931891721,0.0311020425681293,0.0314249357433006,-1.52430839953666,-1.57763374305384,-1.61969240318268,-1.69880658324118,0.0114059590316573,-0.0156037991858887,0.0414660246120919,-0.113041463979616,-0.0472619337586833,-0.0401568108649787,-0.0397893432106897,-0.0195401622696537,0.0248234961181879,0.0317063108086586,0.0412732437252998,0.111235409975052,0.490945816040039,0.487364798784256,0.450239151716232,0.506570756435394,0.958528774965502,0.972257786658307,0.983350809209027,1,0.958528774965502,0.972257786658307,0.983350809209027,1,-3.20463467766812,-3.2455456566381,-3.28894617438653,-3.33108948004733,0.019673994018122,0.0322598428049781,0.0271526240310048,0.0397794533294501,0.170521900057793,0.194067105650902,0.134305238723755,0.282455682754517,0.00119386721109934,-0.00325585877598411,-0.00968291607828859,-0.0185683372358288,2.29777070063694,2.47352564102564,2.19761290322581,1.60798701298701,0.421257801325128,0.390885156302049,0.490760778618439,0.393824750889157,-0.485637313332529,-1.23720432652286,-2.38085357555192,-3.82996326116168,-0.00531722936835365,-0.00333812739517455,-0.00255658232920452,-0.00506859593838716,-0.00758937147608983,-0.00476241967034934,-0.00357471886834358,-0.00552468094901387,-0.00765934282666098,-0.0036068398315513,0.00171256896976668,-0.00889068933664445,-0.0017648971976581,-0.00150314475506232,-9.61358990737185e-4,-0.00365967552060541,-0.00132956415554417,-0.00205213886317673,-0.00314421645697142,2.46821210431637e-5,-0.00591736491700328,-0.00737670610446956,-0.0100031699334475,-0.0171542605774919,-0.0396119199073694,-0.0553828515615748,-0.0591415482310997,-0.0548465042619894,0.00144932487205149,-0.00551950660798835,-0.00352033020660789,-0.00388564583246215,-0.00146076621456818,-0.00315079007417721,1.20454409330581e-4,-0.0156095149925483,-9.00739912717738e-4,-4.12254583018031e-4,0.00100585466701538,4.86856999211199e-4,0.025367465248014184
1993-04-01,-0.00252715718625518,27.2367653855938,23.2104225662331,12.4789669074681,7.09349714965152,2.20187057787256,0.0526505788012013,0.0310260888287313,0.0180677281481629,-0.0250776971745207,0.0452014198613586,0.0233388522272728,0.0102324607565831,-0.0320431469522837,0.00531723291999975,0.06613184321,0.0464576576,-0.0366070667439998,0.013791545808,0.0503739642799998,0.0430624739840002,-0.0151086576159999,0.0322,0.0291,0.0366,0.0404,0.007275,0.00915,0.0101,0.010175,0.648768988999476,0.687084257206208,0.72258064516129,0.761210623841878,0.0404,0.0419,0.0399,0.0393,0.0083,0.00700000000000001,0.0083,0.00900000000000001,0.00847431288800027,-0.0157578789300001,-0.00339518361599978,0.0214984091279999,0.00424628450106157,0.00784593437945813,0.00646087580760923,0.0101522842639594,0.0388286862808528,0.0411377833935092,0.0430765607601968,0.0419005364426677,0.00192379178804676,0.00213925158127192,0.00310399163295566,0.00225542822309974,0.0327868906072151,0.0321791996278047,0.0319132931891721,0.0311020425681293,-1.60125604936161,-1.52430839953666,-1.57763374305384,-1.61969240318268,-0.0211002260738509,0.0114059590316573,-0.0156037991858887,0.0414660246120919,-0.0314328767159555,-0.0472619337586833,-0.0401568108649787,-0.0397893432106897,0.0271890684962273,0.0248234961181879,0.0317063108086586,0.0412732437252998,0.498378545045853,0.490945816040039,0.487364798784256,0.450239151716232,0.967157016415632,0.958528774965502,0.972257786658307,0.983350809209027,0.967157016415632,0.958528774965502,0.972257786658307,0.983350809209027,-3.19331904889666,-3.20463467766812,-3.2455456566381,-3.28894617438653,0.0212209317204759,0.019673994018122,0.0322598428049781,0.0271526240310048,0.142271012067795,0.170521900057793,0.194067105650902,0.134305238723755,0.00515774572616736,0.00119386721109934,-0.00325585877598411,-0.00968291607828859,2.41322784810127,2.29777070063694,2.47352564102564,2.19761290322581,0.339061709230238,0.421257801325128,0.390885156302049,0.490760778618439,0.0924325783031814,-0.485637313332529,-1.23720432652286,-2.38085357555192,-0.00278860869116567,-0.00531722936835365,-0.00333812739517455,-0.00255658232920452,-0.00295996031037157,-0.00758937147608983,-0.00476241967034934,-0.00357471886834358,-0.00287002530857128,-0.00765934282666098,-0.0036068398315513,0.00171256896976668,-0.00261968956239858,-0.0017648971976581,-0.00150314475506232,-9.61358990737185e-4,-0.00247656537796125,-0.00132956415554417,-0.00205213886317673,-0.00314421645697142,-0.00551961706051587,-0.00591736491700328,-0.00737670610446956,-0.0100031699334475,-0.0415067654376917,-0.0396119199073694,-0.0553828515615748,-0.0591415482310997,0.00487936743900429,0.00144932487205149,-0.00551950660798835,-0.00352033020660789,-0.0044395076482302,-0.00146076621456818,-0.00315079007417721,1.20454409330581e-4,-7.43377548854775e-4,-9.00739912717738e-4,-4.12254583018031e-4,0.00100585466701538,0.027032644729442792
1993-07-01,0.0184730254777793,13.8405376538588,27.2367653855938,23.2104225662331,12.4789669074681,7.09349714965152,0.042551755867231,0.0526505788012013,0.0310260888287313,0.0180677281481629,0.0352692268444286,0.0452014198613586,0.0233388522272728,0.0102324607565831,0.0666264215200001,0.00531723291999975,0.06613184321,0.0464576576,0.0538680999999999,0.013791545808,0.0503739642799998,0.0430624739840002,0.0295,0.0322,0.0291,0.0366,0.00805,0.007275,0.00915,0.0101,0.62898185483871,0.648768988999476,0.687084257206208,0.72258064516129,0.0407,0.0404,0.0419,0.0399,0.0057,0.0083,0.00700000000000001,0.0083,-0.0127583215200002,0.00847431288800027,-0.0157578789300001,-0.00339518361599978,0.0119802677942211,0.00424628450106157,0.00784593437945813,0.00646087580760923,0.0371064163021679,0.0388286862808528,0.0411377833935092,0.0430765607601968,0.00250047219003532,0.00192379178804676,0.00213925158127192,0.00310399163295566,0.032856514965929,0.0327868906072151,0.0321791996278047,0.0319132931891721,-1.64322798063026,-1.60125604936161,-1.52430839953666,-1.57763374305384,-0.00414129110840422,-0.0211002260738509,0.0114059590316573,-0.0156037991858887,-0.0374709037979714,-0.0314328767159555,-0.0472619337586833,-0.0401568108649787,0.0350764915347099,0.0271890684962273,0.0248234961181879,0.0317063108086586,0.450946897268295,0.498378545045853,0.490945816040039,0.487364798784256,0.987571657744786,0.967157016415632,0.958528774965502,0.972257786658307,0.987571657744786,0.967157016415632,0.958528774965502,0.972257786658307,-3.18333193391206,-3.19331904889666,-3.20463467766812,-3.2455456566381,0.021818367697596,0.0212209317204759,0.019673994018122,0.0322598428049781,0.155848637223244,0.142271012067795,0.170521900057793,0.194067105650902,0.00125098909855061,0.00515774572616736,0.00119386721109934,-0.00325585877598411,2.04805031446541,2.41322784810127,2.29777070063694,2.47352564102564,0.399761623151708,0.339061709230238,0.421257801325128,0.390885156302049,0.235005054423939,0.0924325783031814,-0.485637313332529,-1.23720432652286,-0.00642636861449808,-0.00278860869116567,-0.00531722936835365,-0.00333812739517455,-0.00959416269748775,-0.00295996031037157,-0.00758937147608983,-0.00476241967034934,-0.00510316446867474,-0.00287002530857128,-0.00765934282666098,-0.0036068398315513,-0.00263592753172788,-0.00261968956239858,-0.0017648971976581,-0.00150314475506232,-0.00232337128512302,-0.00247656537796125,-0.00132956415554417,-0.00205213886317673,-0.00547558590294838,-0.00551961706051587,-0.00591736491700328,-0.00737670610446956,-0.0979646402382611,-0.0415067654376917,-0.0396119199073694,-0.0553828515615748,0.00816733768513084,0.00487936743900429,0.00144932487205149,-0.00551950660798835,-0.0165115699010276,-0.0044395076482302,-0.00146076621456818,-0.00315079007417721,-8.45007098762541e-4,-7.43377548854775e-4,-9.00739912717738e-4,-4.12254583018031e-4,0.025849738887068124
1993-10-01,0.016253140423186,18.1124612519121,13.8405376538588,27.2367653855938,23.2104225662331,12.4789669074681,0.00456595485423694,0.042551755867231,0.0526505788012013,0.0310260888287313,-0.00272148770297587,0.0352692268444286,0.0452014198613586,0.0233388522272728,0.057369669416,0.0666264215200001,0.00531723291999975,0.06613184321,0.0367216647200004,0.0538680999999999,0.013791545808,0.0503739642799998,0.0307,0.0295,0.0322,0.0291,0.007375,0.00805,0.007275,0.00915,0.647853078116917,0.62898185483871,0.648768988999476,0.687084257206208,0.0361,0.0407,0.0404,0.0419,0.0074,0.0057,0.0083,0.00700000000000001,-0.0206480046959996,-0.0127583215200002,0.00847431288800027,-0.0157578789300001,0.00557103064066866,0.0119802677942211,0.00424628450106157,0.00784593437945813,0.0411540222021475,0.0371064163021679,0.0388286862808528,0.0411377833935092,0.00239594454260251,0.00250047219003532,0.00192379178804676,0.00213925158127192,0.0332412735933514,0.032856514965929,0.0327868906072151,0.0321791996278047,-1.62770065667728,-1.64322798063026,-1.60125604936161,-1.52430839953666,-0.0606438732218617,-0.00414129110840422,-0.0211002260738509,0.0114059590316573,-0.029265287045999,-0.0374709037979714,-0.0314328767159555,-0.0472619337586833,-0.00743577070534229,0.0350764915347099,0.0271890684962273,0.0248234961181879,0.461456686258316,0.450946897268295,0.498378545045853,0.490945816040039,0.989099338083678,0.987571657744786,0.967157016415632,0.958528774965502,0.989099338083678,0.987571657744786,0.967157016415632,0.958528774965502,-3.20665785270154,-3.18333193391206,-3.19331904889666,-3.20463467766812,0.0216268474463455,0.021818367697596,0.0212209317204759,0.019673994018122,0.148310288786888,0.155848637223244,0.142271012067795,0.170521900057793,0.00140691942020923,0.00125098909855061,0.00515774572616736,0.00119386721109934,1.73525,2.04805031446541,2.41322784810127,2.29777070063694,0.368359288999109,0.399761623151708,0.339061709230238,0.421257801325128,-0.80423889469574,0.235005054423939,0.0924325783031814,-0.485637313332529,-0.00660014900358353,-0.00642636861449808,-0.00278860869116567,-0.00531722936835365,-0.00678677701704438,-0.00959416269748775,-0.00295996031037157,-0.00758937147608983,-0.00695353708687568,-0.00510316446867474,-0.00287002530857128,-0.00765934282666098,-0.00180742799269757,-0.00263592753172788,-0.00261968956239858,-0.0017648971976581,-0.00212630162350606,-0.00232337128512302,-0.00247656537796125,-0.00132956415554417,-0.00635406683712,-0.00547558590294838,-0.00551961706051587,-0.00591736491700328,-0.0730868966603363,-0.0979646402382611,-0.0415067654376917,-0.0396119199073694,0.00325973349881428,0.00816733768513084,0.00487936743900429,0.00144932487205149,-0.0137907629146655,-0.0165115699010276,-0.0044395076482302,-0.00146076621456818,-1.13877159013418e-4,-8.45007098762541e-4,-7.43377548854775e-4,-9.00739912717738e-4,0.024977412110470488
1994-01-01,-0.0453477094706043,18.5810785866447,18.1124612519121,13.8405376538588,27.2367653855938,23.2104225662331,0.0248364052028602,0.00456595485423694,0.042551755867231,0.0526505788012013,0.0177312744871279,-0.00272148770297587,0.0352692268444286,0.0452014198613586,0.0638606044699999,0.057369669416,0.0666264215200001,0.00531723291999975,0.0434546440999999,0.0367216647200004,0.0538680999999999,0.013791545808,0.0295,0.0307,0.0295,0.0322,0.007675,0.007375,0.00805,0.007275,0.613375796178344,0.647853078116917,0.62898185483871,0.648768988999476,0.0332,0.0361,0.0407,0.0404,0.00679999999999999,0.0074,0.0057,0.0083,-0.02040596037,-0.0206480046959996,-0.0127583215200002,0.00847431288800027,0.00484764542936289,0.00557103064066866,0.0119802677942211,0.00424628450106157,0.0418407118978109,0.0411540222021475,0.0371064163021679,0.0388286862808528,0.00136120602476503,0.00239594454260251,0.00250047219003532,0.00192379178804676,0.0332349980955452,0.0332412735933514,0.032856514965929,0.0327868906072151,-1.6472831617584,-1.62770065667728,-1.64322798063026,-1.60125604936161,0.0232367413887371,-0.0606438732218617,-0.00414129110840422,-0.0211002260738509,-0.0531695835613665,-0.029265287045999,-0.0374709037979714,-0.0314328767159555,0.0377728790044785,-0.00743577070534229,0.0350764915347099,0.0271890684962273,0.466532379388809,0.461456686258316,0.450946897268295,0.498378545045853,0.973448080414228,0.989099338083678,0.987571657744786,0.967157016415632,0.973448080414228,0.989099338083678,0.987571657744786,0.967157016415632,-3.16508558760897,-3.20665785270154,-3.18333193391206,-3.19331904889666,0.0218573743192795,0.0216268474463455,0.021818367697596,0.0212209317204759,0.101731032133102,0.148310288786888,0.155848637223244,0.142271012067795,6.65006611015328e-4,0.00140691942020923,0.00125098909855061,0.00515774572616736,1.32447204968944,1.73525,2.04805031446541,2.41322784810127,0.306286711163517,0.368359288999109,0.399761623151708,0.339061709230238,0.366050110637769,-0.80423889469574,0.235005054423939,0.0924325783031814,-0.0112995494657846,-0.00660014900358353,-0.00642636861449808,-0.00278860869116567,-0.0125917140409445,-0.00678677701704438,-0.00959416269748775,-0.00295996031037157,-0.00877541537735342,-0.00695353708687568,-0.00510316446867474,-0.00287002530857128,-0.0021484569971443,-0.00180742799269757,-0.00263592753172788,-0.00261968956239858,-0.00255280330256133,-0.00212630162350606,-0.00232337128512302,-0.00247656537796125,-0.00406986145460778,-0.00635406683712,-0.00547558590294838,-0.00551961706051587,-0.0634512858289635,-0.0730868966603363,-0.0979646402382611,-0.0415067654376917,0.00842971898582713,0.00325973349881428,0.00816733768513084,0.00487936743900429,-0.00314083184927171,-0.0137907629146655,-0.0165115699010276,-0.0044395076482302,-5.14088764561522e-4,-1.13877159013418e-4,-8.45007098762541e-4,-7.43377548854775e-4,0.026327624409529612
1994-04-01,-0.00337063821884408,-9.04949939025282,18.5810785866447,18.1124612519121,13.8405376538588,27.2367653855938,0.0238427295877313,0.0248364052028602,0.00456595485423694,0.042551755867231,0.0169650476225578,0.0177312744871279,-0.00272148770297587,0.0352692268444286,-0.01458173728,0.0638606044699999,0.057369669416,0.0666264215200001,-0.00718831239600004,0.0434546440999999,0.0367216647200004,0.0538680999999999,0.0306,0.0295,0.0307,0.0295,0.007375,0.007675,0.007375,0.00805,0.574554591137506,0.613375796178344,0.647853078116917,0.62898185483871,0.0348,0.0332,0.0361,0.0407,0.00760000000000001,0.00679999999999999,0.0074,0.0057,0.00739342488399997,-0.02040596037,-0.0206480046959996,-0.0127583215200002,0.00482425913163342,0.00484764542936289,0.00557103064066866,0.0119802677942211,0.0457268713395005,0.0418407118978109,0.0411540222021475,0.0371064163021679,0.00116026084832446,0.00136120602476503,0.00239594454260251,0.00250047219003532,0.034152510356141,0.0332349980955452,0.0332412735933514,0.032856514965929,-1.6552623871991,-1.6472831617584,-1.62770065667728,-1.64322798063026,-0.0869005471515931,0.0232367413887371,-0.0606438732218617,-0.00414129110840422,-0.0441571223350087,-0.0531695835613665,-0.029265287045999,-0.0374709037979714,0.0178749114274979,0.0377728790044785,-0.00743577070534229,0.0350764915347099,0.47511699795723,0.466532379388809,0.461456686258316,0.450946897268295,0.989394702094968,0.973448080414228,0.989099338083678,0.987571657744786,0.989394702094968,0.973448080414228,0.989099338083678,0.987571657744786,-3.11521766122407,-3.16508558760897,-3.20665785270154,-3.18333193391206,0.0235895944447441,0.0218573743192795,0.0216268474463455,0.021818367697596,0.0840690284967422,0.101731032133102,0.148310288786888,0.155848637223244,0.00705185554857532,6.65006611015328e-4,0.00140691942020923,0.00125098909855061,1.2462962962963,1.32447204968944,1.73525,2.04805031446541,0.333557402902131,0.306286711163517,0.368359288999109,0.399761623151708,1.28373314240805,0.366050110637769,-0.80423889469574,0.235005054423939,-0.00448956143473754,-0.0112995494657846,-0.00660014900358353,-0.00642636861449808,-0.00470770457910614,-0.0125917140409445,-0.00678677701704438,-0.00959416269748775,-0.00322793801355648,-0.00877541537735342,-0.00695353708687568,-0.00510316446867474,-0.00206043419801252,-0.0021484569971443,-0.00180742799269757,-0.00263592753172788,-0.00173264893927899,-0.00255280330256133,-0.00212630162350606,-0.00232337128512302,-0.00206444019811704,-0.00406986145460778,-0.00635406683712,-0.00547558590294838,-0.072495738030527,-0.0634512858289635,-0.0730868966603363,-0.0979646402382611,0.00507691826194093,0.00842971898582713,0.00325973349881428,0.00816733768513084,-0.00475536085721646,-0.00314083184927171,-0.0137907629146655,-0.0165115699010276,-5.2069102122774e-4,-5.14088764561522e-4,-1.13877159013418e-4,-8.45007098762541e-4,0.024647633647215197
1994-07-01,0.040668022237663,-3.3920680914398,-9.04949939025282,18.5810785866447,18.1124612519121,13.8405376538588,-0.0383288907469617,0.0238427295877313,0.0248364052028602,0.00456595485423694,-0.0448972932783459,0.0169650476225578,0.0177312744871279,-0.00272148770297587,-0.05914846825,-0.01458173728,0.0638606044699999,0.057369669416,-0.046933873324,-0.00718831239600004,0.0434546440999999,0.0367216647200004,0.035,0.0306,0.0295,0.0307,0.00765,0.007375,0.007675,0.007375,0.559533245266402,0.574554591137506,0.613375796178344,0.647853078116917,0.0375,0.0348,0.0332,0.0361,0.00650000000000001,0.00760000000000001,0.00679999999999999,0.0074,0.012214594926,0.00739342488399997,-0.02040596037,-0.0206480046959996,0.00960219478737989,0.00482425913163342,0.00484764542936289,0.00557103064066866,0.0419050864853791,0.0457268713395005,0.0418407118978109,0.0411540222021475,0.00234166732630532,0.00116026084832446,0.00136120602476503,0.00239594454260251,0.0342010392670752,0.034152510356141,0.0332349980955452,0.0332412735933514,-1.72982190725864,-1.6552623871991,-1.6472831617584,-1.62770065667728,0.0193170058640912,-0.0869005471515931,0.0232367413887371,-0.0606438732218617,-0.0336427569253289,-0.0441571223350087,-0.0531695835613665,-0.029265287045999,-0.0146519662812352,0.0178749114274979,0.0377728790044785,-0.00743577070534229,0.444152325391769,0.47511699795723,0.466532379388809,0.461456686258316,0.913934385022974,0.989394702094968,0.973448080414228,0.989099338083678,0.913934385022974,0.989394702094968,0.973448080414228,0.989099338083678,-3.03978475591766,-3.11521766122407,-3.16508558760897,-3.20665785270154,0.0210027412637755,0.0235895944447441,0.0218573743192795,0.0216268474463455,0.164907947182655,0.0840690284967422,0.101731032133102,0.148310288786888,0.00891991906589337,0.00705185554857532,6.65006611015328e-4,0.00140691942020923,1.51865030674847,1.2462962962963,1.32447204968944,1.73525,0.409587858876824,0.333557402902131,0.306286711163517,0.368359288999109,1.20713854122648,1.28373314240805,0.366050110637769,-0.80423889469574,9.77995317676054e-4,-0.00448956143473754,-0.0112995494657846,-0.00660014900358353,-6.45285034702435e-4,-0.00470770457910614,-0.0125917140409445,-0.00678677701704438,0.0035279464848349,-0.00322793801355648,-0.00877541537735342,-0.00695353708687568,-1.83989893804594e-4,-0.00206043419801252,-0.0021484569971443,-0.00180742799269757,-0.00165011301322709,-0.00173264893927899,-0.00255280330256133,-0.00212630162350606,7.85659069622131e-4,-0.00206444019811704,-0.00406986145460778,-0.00635406683712,-0.0571522440703849,-0.072495738030527,-0.0634512858289635,-0.0730868966603363,0.0105254017489939,0.00507691826194093,0.00842971898582713,0.00325973349881428,-0.0118244734913536,-0.00475536085721646,-0.00314083184927171,-0.0137907629146655,-0.00155095925176211,-5.2069102122774e-4,-5.14088764561522e-4,-1.13877159013418e-4,0.02437629443115869
1994-10-01,-0.00746223554308517,16.1620175807939,-3.3920680914398,-9.04949939025282,18.5810785866447,18.1124612519121,0.00384663837939891,-0.0383288907469617,0.0238427295877313,0.0248364052028602,-0.00358845648314077,-0.0448972932783459,0.0169650476225578,0.0177312744871279,-0.03284623,-0.05914846825,-0.01458173728,0.0638606044699999,-0.0238115571340001,-0.046933873324,-0.00718831239600004,0.0434546440999999,0.0414,0.035,0.0306,0.0295,0.00875,0.00765,0.007375,0.007675,0.509325396825397,0.559533245266402,0.574554591137506,0.613375796178344,0.036,0.0375,0.0348,0.0332,0.00680000000000001,0.00650000000000001,0.00760000000000001,0.00679999999999999,0.0090346728659999,0.012214594926,0.00739342488399997,-0.02040596037,0.00543478260869579,0.00960219478737989,0.00482425913163342,0.00484764542936289,0.0339965642919757,0.0419050864853791,0.0457268713395005,0.0418407118978109,0.00292130359765213,0.00234166732630532,0.00116026084832446,0.00136120602476503,0.034417058613983,0.0342010392670752,0.034152510356141,0.0332349980955452,-1.60981015267389,-1.72982190725864,-1.6552623871991,-1.6472831617584,0.0584859251161518,0.0193170058640912,-0.0869005471515931,0.0232367413887371,-0.0074790452153764,-0.0336427569253289,-0.0441571223350087,-0.0531695835613665,0.0188528187572956,-0.0146519662812352,0.0178749114274979,0.0377728790044785,0.457744151353836,0.444152325391769,0.47511699795723,0.466532379388809,0.911169426597895,0.913934385022974,0.989394702094968,0.973448080414228,0.911169426597895,0.913934385022974,0.989394702094968,0.973448080414228,-2.93818128266576,-3.03978475591766,-3.11521766122407,-3.16508558760897,0.0216637979377463,0.0210027412637755,0.0235895944447441,0.0218573743192795,0.183597236871719,0.164907947182655,0.0840690284967422,0.101731032133102,0.0132550045305536,0.00891991906589337,0.00705185554857532,6.65006611015328e-4,1.76939024390244,1.51865030674847,1.2462962962963,1.32447204968944,0.444112849313271,0.409587858876824,0.333557402902131,0.306286711163517,3.01774536283157,1.20713854122648,1.28373314240805,0.366050110637769,0.00355990894301281,9.77995317676054e-4,-0.00448956143473754,-0.0112995494657846,0.0027506988983948,-6.45285034702435e-4,-0.00470770457910614,-0.0125917140409445,0.00515600915546452,0.0035279464848349,-0.00322793801355648,-0.00877541537735342,-4.08174294977887e-4,-1.83989893804594e-4,-0.00206043419801252,-0.0021484569971443,-5.97576333107973e-4,-0.00165011301322709,-0.00173264893927899,-0.00255280330256133,0.00436903340610118,7.85659069622131e-4,-0.00206444019811704,-0.00406986145460778,-0.0518673443672977,-0.0571522440703849,-0.072495738030527,-0.0634512858289635,0.00364461625507628,0.0105254017489939,0.00507691826194093,0.00842971898582713,-0.0103061638533645,-0.0118244734913536,-0.00475536085721646,-0.00314083184927171,-6.34828563892781e-4,-0.00155095925176211,-5.2069102122774e-4,-5.14088764561522e-4,0.024047019114921953
1995-01-01,0.0863888187635062,3.25055179342693,16.1620175807939,-3.3920680914398,-9.04949939025282,18.5810785866447,0.0496621756123925,0.00384663837939891,-0.0383288907469617,0.0238427295877313,0.0424737278879828,-0.00358845648314077,-0.0448972932783459,0.0169650476225578,-0.00661871684200011,-0.03284623,-0.05914846825,-0.01458173728,4.70048434999981e-4,-0.0238115571340001,-0.046933873324,-0.00718831239600004,0.0462,0.0414,0.035,0.0306,0.01035,0.00875,0.00765,0.007375,0.472850347603366,0.509325396825397,0.559533245266402,0.574554591137506,0.0338,0.036,0.0375,0.0348,0.0064,0.00680000000000001,0.00650000000000001,0.00760000000000001,0.00708876527700009,0.0090346728659999,0.012214594926,0.00739342488399997,0.00945945945945947,0.00543478260869579,0.00960219478737989,0.00482425913163342,0.0290042510010631,0.0339965642919757,0.0419050864853791,0.0457268713395005,0.00168956309616515,0.00292130359765213,0.00234166732630532,0.00116026084832446,0.0346786590213802,0.034417058613983,0.0342010392670752,0.034152510356141,-1.58526115982285,-1.60981015267389,-1.72982190725864,-1.6552623871991,0.043194089229895,0.0584859251161518,0.0193170058640912,-0.0869005471515931,-0.01717959081648,-0.0074790452153764,-0.0336427569253289,-0.0441571223350087,0.055475227534771,0.0188528187572956,-0.0146519662812352,0.0178749114274979,0.466598838567734,0.457744151353836,0.444152325391769,0.47511699795723,0.966021174554339,0.911169426597895,0.913934385022974,0.989394702094968,0.966021174554339,0.911169426597895,0.913934385022974,0.989394702094968,-2.90106400732779,-2.93818128266576,-3.03978475591766,-3.11521766122407,0.0247114136803442,0.0216637979377463,0.0210027412637755,0.0235895944447441,0.141829058527946,0.183597236871719,0.164907947182655,0.0840690284967422,0.0103230215007072,0.0132550045305536,0.00891991906589337,0.00705185554857532,1.51866666666667,1.76939024390244,1.51865030674847,1.2462962962963,0.429612354950208,0.444112849313271,0.409587858876824,0.333557402902131,3.65310592390827,3.01774536283157,1.20713854122648,1.28373314240805,0.0044895492030493,0.00355990894301281,9.77995317676054e-4,-0.00448956143473754,0.00326887112284779,0.0027506988983948,-6.45285034702435e-4,-0.00470770457910614,0.00468958548730948,0.00515600915546452,0.0035279464848349,-0.00322793801355648,-0.00163898121919684,-4.08174294977887e-4,-1.83989893804594e-4,-0.00206043419801252,-0.00188870507866316,-5.97576333107973e-4,-0.00165011301322709,-0.00173264893927899,0.00330189212331233,0.00436903340610118,7.85659069622131e-4,-0.00206444019811704,-0.0664399419970651,-0.0518673443672977,-0.0571522440703849,-0.072495738030527,0.010562537128344,0.00364461625507628,0.0105254017489939,0.00507691826194093,-0.0149703632033872,-0.0103061638533645,-0.0118244734913536,-0.00475536085721646,2.18881350825815e-4,-6.34828563892781e-4,-0.00155095925176211,-5.2069102122774e-4,0.024134379253693376
1995-04-01,0.0842998826491236,43.5740399761467,3.25055179342693,16.1620175807939,-3.3920680914398,-9.04949939025282,2.92957780261505e-4,0.0496621756123925,0.00384663837939891,-0.0383288907469617,-0.00702914194052928,0.0424737278879828,-0.00358845648314077,-0.0448972932783459,0.02024924435,-0.00661871684200011,-0.03284623,-0.05914846825,0.0124406187000001,4.70048434999981e-4,-0.0238115571340001,-0.046933873324,0.056,0.0462,0.0414,0.035,0.01155,0.01035,0.00875,0.00765,0.430392156862745,0.472850347603366,0.509325396825397,0.559533245266402,0.0239,0.0338,0.036,0.0375,0.00639999999999999,0.0064,0.00680000000000001,0.00650000000000001,-0.00780862564999985,0.00708876527700009,0.0090346728659999,0.012214594926,0.00200803212851386,0.00945945945945947,0.00543478260869579,0.00960219478737989,0.0165962919040897,0.0290042510010631,0.0339965642919757,0.0419050864853791,0.00269975012348854,0.00168956309616515,0.00292130359765213,0.00234166732630532,0.0356859467638628,0.0346786590213802,0.034417058613983,0.0342010392670752,-1.62465296251696,-1.58526115982285,-1.60981015267389,-1.72982190725864,-0.0144244105409153,0.043194089229895,0.0584859251161518,0.0193170058640912,-0.0258485250925736,-0.01717959081648,-0.0074790452153764,-0.0336427569253289,0.0238061584532261,0.055475227534771,0.0188528187572956,-0.0146519662812352,0.476836800575256,0.466598838567734,0.457744151353836,0.444152325391769,0.963824289405685,0.966021174554339,0.911169426597895,0.913934385022974,0.963824289405685,0.966021174554339,0.911169426597895,0.913934385022974,-2.7838384960167,-2.90106400732779,-2.93818128266576,-3.03978475591766,0.0243055275569159,0.0247114136803442,0.0216637979377463,0.0210027412637755,0.199563086032867,0.141829058527946,0.183597236871719,0.164907947182655,0.0121946284070879,0.0103230215007072,0.0132550045305536,0.00891991906589337,1.21951807228916,1.51866666666667,1.76939024390244,1.51865030674847,0.589557405120239,0.429612354950208,0.444112849313271,0.409587858876824,5.39852229920917,3.65310592390827,3.01774536283157,1.20713854122648,0.00318447539245842,0.0044895492030493,0.00355990894301281,9.77995317676054e-4,0.00220583658194482,0.00326887112284779,0.0027506988983948,-6.45285034702435e-4,0.00246706640459084,0.00468958548730948,0.00515600915546452,0.0035279464848349,-4.65602890134335e-4,-0.00163898121919684,-4.08174294977887e-4,-1.83989893804594e-4,4.00562341647208e-4,-0.00188870507866316,-5.97576333107973e-4,-0.00165011301322709,0.00875287204833531,0.00330189212331233,0.00436903340610118,7.85659069622131e-4,-0.0544572771425994,-0.0664399419970651,-0.0518673443672977,-0.0571522440703849,0.00322664681805774,0.010562537128344,0.00364461625507628,0.0105254017489939,-0.0113312341662475,-0.0149703632033872,-0.0103061638533645,-0.0118244734913536,-2.07866622185507e-4,2.18881350825815e-4,-6.34828563892781e-4,-0.00155095925176211,0.026502871899911355
1995-07-01,0.0702758174728335,65.5874120111013,43.5740399761467,3.25055179342693,16.1620175807939,-3.3920680914398,0.097524175007238,2.92957780261505e-4,0.0496621756123925,0.00384663837939891,0.0904126673579198,-0.00702914194052928,0.0424737278879828,-0.00358845648314077,0.0664002399410002,0.02024924435,-0.00661871684200011,-0.03284623,0.0652646184800001,0.0124406187000001,4.70048434999981e-4,-0.0238115571340001,0.0573,0.056,0.0462,0.0414,0.014,0.01155,0.01035,0.00875,0.404608294930875,0.430392156862745,0.472850347603366,0.509325396825397,0.0182,0.0239,0.0338,0.036,0.0058,0.00639999999999999,0.0064,0.00680000000000001,-0.0011356214610001,-0.00780862564999985,0.00708876527700009,0.0090346728659999,0.0113560454241819,0.00200803212851386,0.00945945945945947,0.00543478260869579,0.0143904390649717,0.0165962919040897,0.0290042510010631,0.0339965642919757,0.00124609650277769,0.00269975012348854,0.00168956309616515,0.00292130359765213,0.0366135244122098,0.0356859467638628,0.0346786590213802,0.034417058613983,-1.5153608059895,-1.62465296251696,-1.58526115982285,-1.60981015267389,0.0356467728868486,-0.0144244105409153,0.043194089229895,0.0584859251161518,-0.017557277286308,-0.0258485250925736,-0.01717959081648,-0.0074790452153764,0.0370149202644825,0.0238061584532261,0.055475227534771,0.0188528187572956,0.475693494081497,0.476836800575256,0.466598838567734,0.457744151353836,0.996436240581322,0.963824289405685,0.966021174554339,0.911169426597895,0.996436240581322,0.963824289405685,0.966021174554339,0.911169426597895,-2.80277578516964,-2.7838384960167,-2.90106400732779,-2.93818128266576,0.0185922924074037,0.0243055275569159,0.0247114136803442,0.0216637979377463,0.104976952075958,0.199563086032867,0.141829058527946,0.183597236871719,0.00714340899293807,0.0121946284070879,0.0103230215007072,0.0132550045305536,0.392215568862276,1.21951807228916,1.51866666666667,1.76939024390244,0.42531954547083,0.589557405120239,0.429612354950208,0.444112849313271,5.18961883521288,5.39852229920917,3.65310592390827,3.01774536283157,-0.00154894466662442,0.00318447539245842,0.0044895492030493,0.00355990894301281,-0.00303909172431629,0.00220583658194482,0.00326887112284779,0.0027506988983948,-0.00259193236640637,0.00246706640459084,0.00468958548730948,0.00515600915546452,-0.00310081628524307,-4.65602890134335e-4,-0.00163898121919684,-4.08174294977887e-4,-0.00239990541296903,4.00562341647208e-4,-0.00188870507866316,-5.97576333107973e-4,0.00260215983116436,0.00875287204833531,0.00330189212331233,0.00436903340610118,-0.0281325624502445,-0.0544572771425994,-0.0664399419970651,-0.0518673443672977,0.00257083386728558,0.00322664681805774,0.010562537128344,0.00364461625507628,-0.00706983055725861,-0.0113312341662475,-0.0149703632033872,-0.0103061638533645,-1.54768921939858e-4,-2.07866622185507e-4,2.18881350825815e-4,-6.34828563892781e-4,0.026033757920557583
1995-10-01,0.0525305294152198,76.9590215792561,65.5874120111013,43.5740399761467,3.25055179342693,16.1620175807939,0.0962290740070808,0.097524175007238,2.92957780261505e-4,0.0496621756123925,0.0890339552616342,0.0904126673579198,-0.00702914194052928,0.0424737278879828,0.11248666789,0.0664002399410002,0.02024924435,-0.00661871684200011,0.090249713575,0.0652646184800001,0.0124406187000001,4.70048434999981e-4,0.0547,0.0573,0.056,0.0462,0.014325,0.014,0.01155,0.01035,0.388062735986059,0.404608294930875,0.430392156862745,0.472850347603366,0.0123,0.0182,0.0239,0.0338,0.00600000000000001,0.0058,0.00639999999999999,0.0064,-0.0222369543149998,-0.0011356214610001,-0.00780862564999985,0.00708876527700009,0.00726552179656537,0.0113560454241819,0.00200803212851386,0.00945945945945947,0.0082757969653713,0.0143904390649717,0.0165962919040897,0.0290042510010631,0.0019651267626642,0.00124609650277769,0.00269975012348854,0.00168956309616515,0.0365400590038244,0.0366135244122098,0.0356859467638628,0.0346786590213802,-1.59059289521741,-1.5153608059895,-1.62465296251696,-1.58526115982285,-0.0794701986754967,0.0356467728868486,-0.0144244105409153,0.043194089229895,-0.0434089647169167,-0.017557277286308,-0.0258485250925736,-0.01717959081648,0.035168070346117,0.0370149202644825,0.0238061584532261,0.055475227534771,0.469280630350113,0.475693494081497,0.476836800575256,0.466598838567734,0.992690058479532,0.996436240581322,0.963824289405685,0.966021174554339,0.992690058479532,0.996436240581322,0.963824289405685,0.966021174554339,-2.82127009351169,-2.80277578516964,-2.7838384960167,-2.90106400732779,0.0305319852256613,0.0185922924074037,0.0243055275569159,0.0247114136803442,0.14296567440033,0.104976952075958,0.199563086032867,0.141829058527946,0.00249568889931209,0.00714340899293807,0.0121946284070879,0.0103230215007072,-0.330119047619047,0.392215568862276,1.21951807228916,1.51866666666667,0.556386901670963,0.42531954547083,0.589557405120239,0.429612354950208,5.37897401388222,5.18961883521288,5.39852229920917,3.65310592390827,-0.00856177315449631,-0.00154894466662442,0.00318447539245842,0.0044895492030493,-0.00949375198467533,-0.00303909172431629,0.00220583658194482,0.00326887112284779,-0.00925687239163939,-0.00259193236640637,0.00246706640459084,0.00468958548730948,-0.00371735794951957,-0.00310081628524307,-4.65602890134335e-4,-0.00163898121919684,-0.00351697495596461,-0.00239990541296903,4.00562341647208e-4,-0.00188870507866316,2.43273438640632e-4,0.00260215983116436,0.00875287204833531,0.00330189212331233,-0.0638608301717169,-0.0281325624502445,-0.0544572771425994,-0.0664399419970651,0.0108891819335859,0.00257083386728558,0.00322664681805774,0.010562537128344,0.00141280543506588,-0.00706983055725861,-0.0113312341662475,-0.0149703632033872,-1.26903529753731e-4,-1.54768921939858e-4,-2.07866622185507e-4,2.18881350825815e-4,0.02564359681048276
1996-01-01,0.0468918895739146,79.6226853824157,76.9590215792561,65.5874120111013,43.5740399761467,3.25055179342693,0.0806847680974194,0.0962290740070808,0.097524175007238,2.92957780261505e-4,0.0741809298883354,0.0890339552616342,0.0904126673579198,-0.00702914194052928,0.0240155816000003,0.11248666789,0.0664002399410002,0.02024924435,0.0265534430580001,0.090249713575,0.0652646184800001,0.0124406187000001,0.0528,0.0547,0.0573,0.056,0.013675,0.014325,0.014,0.01155,0.385872654917567,0.388062735986059,0.404608294930875,0.430392156862745,0.0135,0.0123,0.0182,0.0239,0.00609999999999999,0.00600000000000001,0.0058,0.00639999999999999,0.00253786145799983,-0.0222369543149998,-0.0011356214610001,-0.00780862564999985,0.00459016393442613,0.00726552179656537,0.0113560454241819,0.00200803212851386,0.00638016876682604,0.0082757969653713,0.0143904390649717,0.0165962919040897,0.00136141107583092,0.0019651267626642,0.00124609650277769,0.00269975012348854,0.0363534893503205,0.0365400590038244,0.0366135244122098,0.0356859467638628,-1.60551513268601,-1.59059289521741,-1.5153608059895,-1.62465296251696,-0.0198379435596535,-0.0794701986754967,0.0356467728868486,-0.0144244105409153,-0.0121623540111907,-0.0434089647169167,-0.017557277286308,-0.0258485250925736,0.0685371309518814,0.035168070346117,0.0370149202644825,0.0238061584532261,0.456686973571777,0.469280630350113,0.475693494081497,0.476836800575256,0.997350993377483,0.992690058479532,0.996436240581322,0.963824289405685,0.997350993377483,0.992690058479532,0.996436240581322,0.963824289405685,-2.8702789748079,-2.82127009351169,-2.80277578516964,-2.7838384960167,0.0205211268128507,0.0305319852256613,0.0185922924074037,0.0243055275569159,0.0897851884365082,0.14296567440033,0.104976952075958,0.199563086032867,0.00311524489166686,0.00249568889931209,0.00714340899293807,0.0121946284070879,-0.398165680473373,-0.330119047619047,0.392215568862276,1.21951807228916,0.636218913564902,0.556386901670963,0.42531954547083,0.589557405120239,4.52948477284138,5.37897401388222,5.18961883521288,5.39852229920917,-0.00412430345857521,-0.00856177315449631,-0.00154894466662442,0.00318447539245842,-0.00493615928190678,-0.00949375198467533,-0.00303909172431629,0.00220583658194482,-0.00538485827116278,-0.00925687239163939,-0.00259193236640637,0.00246706640459084,-0.00382711434024497,-0.00371735794951957,-0.00310081628524307,-4.65602890134335e-4,-0.00321940426947172,-0.00351697495596461,-0.00239990541296903,4.00562341647208e-4,-0.00239589050050026,2.43273438640632e-4,0.00260215983116436,0.00875287204833531,-0.0646103487685086,-0.0638608301717169,-0.0281325624502445,-0.0544572771425994,0.0082125859902553,0.0108891819335859,0.00257083386728558,0.00322664681805774,-0.00378782199217767,0.00141280543506588,-0.00706983055725861,-0.0113312341662475,-6.96929398061229e-4,-1.26903529753731e-4,-1.54768921939858e-4,-2.07866622185507e-4,0.02520407832978019
1996-04-01,0.0381923588020655,83.2867639107241,79.6226853824157,76.9590215792561,65.5874120111013,43.5740399761467,0.0589439759057664,0.0806847680974194,0.0962290740070808,0.097524175007238,0.0526553707494823,0.0741809298883354,0.0890339552616342,0.0904126673579198,0.0837289320319998,0.0240155816000003,0.11248666789,0.0664002399410002,0.0669314675599999,0.0265534430580001,0.090249713575,0.0652646184800001,0.0514,0.0528,0.0547,0.0573,0.0132,0.013675,0.014325,0.014,0.406007067137809,0.385872654917567,0.388062735986059,0.404608294930875,0.00890000000000001,0.0135,0.0123,0.0182,0.00670000000000001,0.00609999999999999,0.00600000000000001,0.0058,-0.0167974644719999,0.00253786145799983,-0.0222369543149998,-0.0011356214610001,0.00195822454308092,0.00459016393442613,0.00726552179656537,0.0113560454241819,0.0155265175307307,0.00638016876682604,0.0082757969653713,0.0143904390649717,0.00185451646274024,0.00136141107583092,0.0019651267626642,0.00124609650277769,0.0366421537447804,0.0363534893503205,0.0365400590038244,0.0366135244122098,-1.70914201339214,-1.60551513268601,-1.59059289521741,-1.5153608059895,0.0703916735141057,-0.0198379435596535,-0.0794701986754967,0.0356467728868486,-0.0177555554863859,-0.0121623540111907,-0.0434089647169167,-0.017557277286308,0.0219031944870949,0.0685371309518814,0.035168070346117,0.0370149202644825,0.470555245876312,0.456686973571777,0.469280630350113,0.475693494081497,0.980954553558249,0.997350993377483,0.992690058479532,0.996436240581322,0.980954553558249,0.997350993377483,0.992690058479532,0.996436240581322,-2.95347926906212,-2.8702789748079,-2.82127009351169,-2.80277578516964,0.0223147211361827,0.0205211268128507,0.0305319852256613,0.0185922924074037,0.111912734806538,0.0897851884365082,0.14296567440033,0.104976952075958,0.00217913335640941,0.00311524489166686,0.00249568889931209,0.00714340899293807,-0.715823529411765,-0.398165680473373,-0.330119047619047,0.392215568862276,0.689064667363087,0.636218913564902,0.556386901670963,0.42531954547083,2.29141191859327,4.52948477284138,5.37897401388222,5.18961883521288,-0.00816316022751282,-0.00412430345857521,-0.00856177315449631,-0.00154894466662442,-0.00837541953016093,-0.00493615928190678,-0.00949375198467533,-0.00303909172431629,-0.00984509516520281,-0.00538485827116278,-0.00925687239163939,-0.00259193236640637,-0.00363699437392551,-0.00382711434024497,-0.00371735794951957,-0.00310081628524307,-0.00380436504413783,-0.00321940426947172,-0.00351697495596461,-0.00239990541296903,-0.00610367342362919,-0.00239589050050026,2.43273438640632e-4,0.00260215983116436,-0.071191665682132907,-0.0646103487685086,-0.0638608301717169,-0.0281325624502445,0.0105251087276761,0.0082125859902553,0.0108891819335859,0.00257083386728558,-0.0111057999737086,-0.00378782199217767,0.00141280543506588,-0.00706983055725861,-6.21624036930125e-4,-6.96929398061229e-4,-1.26903529753731e-4,-1.54768921939858e-4,0.02595617207584408
1996-07-01,0.0245678586201329,83.6319659025082,83.2867639107241,79.6226853824157,76.9590215792561,65.5874120111013,0.0553198847644063,0.0589439759057664,0.0806847680974194,0.0962290740070808,0.0495460248285691,0.0526553707494823,0.0741809298883354,0.0890339552616342,-0.06931058573,0.0837289320319998,0.0240155816000003,0.11248666789,-0.04848484114,0.0669314675599999,0.0265534430580001,0.090249713575,0.0496,0.0514,0.0528,0.0547,0.01285,0.0132,0.013675,0.014325,0.41433607520564,0.406007067137809,0.385872654917567,0.388062735986059,0.0188,0.00890000000000001,0.0135,0.0123,0.0068,0.00670000000000001,0.00609999999999999,0.00600000000000001,0.0208257445900001,-0.0167974644719999,0.00253786145799983,-0.0222369543149998,0.0143322475570031,0.00195822454308092,0.00459016393442613,0.00726552179656537,0.0168919115752429,0.0155265175307307,0.00638016876682604,0.0082757969653713,0.00439330216470159,0.00185451646274024,0.00136141107583092,0.0019651267626642,0.0371385236750403,0.0366421537447804,0.0363534893503205,0.0365400590038244,-1.72142365198246,-1.70914201339214,-1.60551513268601,-1.59059289521741,0.0978734306943376,0.0703916735141057,-0.0198379435596535,-0.0794701986754967,0.0264100937940236,-0.0177555554863859,-0.0121623540111907,-0.0434089647169167,-0.0164357982575893,0.0219031944870949,0.0685371309518814,0.035168070346117,0.455730348825455,0.470555245876312,0.456686973571777,0.469280630350113,0.983028362305581,0.980954553558249,0.997350993377483,0.992690058479532,0.983028362305581,0.980954553558249,0.997350993377483,0.992690058479532,-3.00330174597804,-2.95347926906212,-2.8702789748079,-2.82127009351169,0.0202154957636858,0.0223147211361827,0.0205211268128507,0.0305319852256613,0.218481868505478,0.111912734806538,0.0897851884365082,0.14296567440033,0.001937444420439,0.00217913335640941,0.00311524489166686,0.00249568889931209,-0.361637426900584,-0.715823529411765,-0.398165680473373,-0.330119047619047,0.835998612609861,0.689064667363087,0.636218913564902,0.556386901670963,2.47913582188877,2.29141191859327,4.52948477284138,5.37897401388222,1.37317076432548e-4,-0.00816316022751282,-0.00412430345857521,-0.00856177315449631,-2.44552396709939e-4,-0.00837541953016093,-0.00493615928190678,-0.00949375198467533,0.00194015942225949,-0.00984509516520281,-0.00538485827116278,-0.00925687239163939,-0.00336824330211074,-0.00363699437392551,-0.00382711434024497,-0.00371735794951957,-0.00355640053637322,-0.00380436504413783,-0.00321940426947172,-0.00351697495596461,-0.00575947936310903,-0.00610367342362919,-0.00239589050050026,2.43273438640632e-4,-0.0739741626473512,-0.071191665682132907,-0.0646103487685086,-0.0638608301717169,0.00743697151490613,0.0105251087276761,0.0082125859902553,0.0108891819335859,-4.29212419341273e-4,-0.0111057999737086,-0.00378782199217767,0.00141280543506588,-3.73231576214209e-4,-6.21624036930125e-4,-6.96929398061229e-4,-1.26903529753731e-4,0.0271903079328523
1996-10-01,0.0748642588224035,77.8212776018256,83.6319659025082,83.2867639107241,79.6226853824157,76.9590215792561,0.0450685218811391,0.0553198847644063,0.0589439759057664,0.0806847680974194,0.0393552215558139,0.0495460248285691,0.0526553707494823,0.0741809298883354,-0.00195366126999996,-0.06931058573,0.0837289320319998,0.0240155816000003,0.00142526239999996,-0.04848484114,0.0669314675599999,0.0265534430580001,0.0509,0.0496,0.0514,0.0528,0.0124,0.01285,0.0132,0.013675,0.408851331996563,0.41433607520564,0.406007067137809,0.385872654917567,0.0194,0.0188,0.00890000000000001,0.0135,0.0069,0.0068,0.00670000000000001,0.00609999999999999,0.00337892366999992,0.0208257445900001,-0.0167974644719999,0.00253786145799983,0.00642260757867685,0.0143322475570031,0.00195822454308092,0.00459016393442613,0.0272161742332797,0.0168919115752429,0.0155265175307307,0.00638016876682604,0.00250193255042527,0.00439330216470159,0.00185451646274024,0.00136141107583092,0.0376705725734975,0.0371385236750403,0.0366421537447804,0.0363534893503205,-1.68478607694665,-1.72142365198246,-1.70914201339214,-1.60551513268601,0.0541360991651909,0.0978734306943376,0.0703916735141057,-0.0198379435596535,-0.0220813903353533,0.0264100937940236,-0.0177555554863859,-0.0121623540111907,0.0665817707777023,-0.0164357982575893,0.0219031944870949,0.0685371309518814,0.431688666343689,0.455730348825455,0.470555245876312,0.456686973571777,0.978646590515749,0.983028362305581,0.980954553558249,0.997350993377483,0.978646590515749,0.983028362305581,0.980954553558249,0.997350993377483,-3.02226142100914,-3.00330174597804,-2.95347926906212,-2.8702789748079,0.0339686100861015,0.0202154957636858,0.0223147211361827,0.0205211268128507,0.188868954777718,0.218481868505478,0.111912734806538,0.0897851884365082,0.00895929420722681,0.001937444420439,0.00217913335640941,0.00311524489166686,0.36046511627907,-0.361637426900584,-0.715823529411765,-0.398165680473373,0.779240086845936,0.835998612609861,0.689064667363087,0.636218913564902,3.11891275324416,2.47913582188877,2.29141191859327,4.52948477284138,0.00203517078286384,1.37317076432548e-4,-0.00816316022751282,-0.00412430345857521,0.00165833976313051,-2.44552396709939e-4,-0.00837541953016093,-0.00493615928190678,9.68336423687991e-4,0.00194015942225949,-0.00984509516520281,-0.00538485827116278,-0.00332763714868349,-0.00336824330211074,-0.00363699437392551,-0.00382711434024497,-0.00350656866535124,-0.00355640053637322,-0.00380436504413783,-0.00321940426947172,-0.00454922463939658,-0.00575947936310903,-0.00610367342362919,-0.00239589050050026,-0.0640174470532338,-0.0739741626473512,-0.071191665682132907,-0.0646103487685086,0.00322651309446556,0.00743697151490613,0.0105251087276761,0.0082125859902553,-0.00485899140283312,-4.29212419341273e-4,-0.0111057999737086,-0.00378782199217767,9.04662218204932e-5,-3.73231576214209e-4,-6.21624036930125e-4,-6.96929398061229e-4,0.02962741191907515
1997-01-01,0.0218720748186683,113.437133233129,77.8212776018256,83.6319659025082,83.2867639107241,79.6226853824157,0.0312292171800623,0.0450685218811391,0.0553198847644063,0.0589439759057664,0.0252704054414736,0.0393552215558139,0.0495460248285691,0.0526553707494823,0.0165233544199999,-0.00195366126999996,-0.06931058573,0.0837289320319998,0.0197374186999999,0.00142526239999996,-0.04848484114,0.0669314675599999,0.0509,0.0509,0.0496,0.0514,0.012725,0.0124,0.01285,0.0132,0.407333333333333,0.408851331996563,0.41433607520564,0.406007067137809,0.0195,0.0194,0.0188,0.00890000000000001,0.00689999999999999,0.0069,0.0068,0.00670000000000001,0.00321406428000004,0.00337892366999992,0.0208257445900001,-0.0167974644719999,0.00701978302488837,0.00642260757867685,0.0143322475570031,0.00195822454308092,0.0295807364771711,0.0272161742332797,0.0168919115752429,0.0155265175307307,0.00416291214855941,0.00250193255042527,0.00439330216470159,0.00185451646274024,0.0383696026829485,0.0376705725734975,0.0371385236750403,0.0366421537447804,-1.6205204026997,-1.68478607694665,-1.72142365198246,-1.70914201339214,0.0876404494382022,0.0541360991651909,0.0978734306943376,0.0703916735141057,-0.018801598080649,-0.0220813903353533,0.0264100937940236,-0.0177555554863859,0.0459445677697659,0.0665817707777023,-0.0164357982575893,0.0219031944870949,0.433748215436935,0.431688666343689,0.455730348825455,0.470555245876312,0.997865894000414,0.978646590515749,0.983028362305581,0.980954553558249,0.997865894000414,0.978646590515749,0.983028362305581,0.980954553558249,-3.01533508922249,-3.02226142100914,-3.00330174597804,-2.95347926906212,0.0226818440269106,0.0339686100861015,0.0202154957636858,0.0223147211361827,0.269780844449997,0.188868954777718,0.218481868505478,0.111912734806538,0.00828761666945377,0.00895929420722681,0.001937444420439,0.00217913335640941,0.338381502890174,0.36046511627907,-0.361637426900584,-0.715823529411765,1.0015906000186,0.779240086845936,0.835998612609861,0.689064667363087,3.58163253895081,3.11891275324416,2.47913582188877,2.29141191859327,-3.83882528882104e-4,0.00203517078286384,1.37317076432548e-4,-0.00816316022751282,-8.3318038817126e-4,0.00165833976313051,-2.44552396709939e-4,-0.00837541953016093,-2.21039071486437e-4,9.68336423687991e-4,0.00194015942225949,-0.00984509516520281,-0.00270545065559211,-0.00332763714868349,-0.00336824330211074,-0.00363699437392551,-0.00168177301848675,-0.00350656866535124,-0.00355640053637322,-0.00380436504413783,-0.00325863919576666,-0.00454922463939658,-0.00575947936310903,-0.00610367342362919,-0.0665531870773066,-0.0640174470532338,-0.0739741626473512,-0.071191665682132907,0.00432658393683968,0.00322651309446556,0.00743697151490613,0.0105251087276761,-0.00388634538772522,-0.00485899140283312,-4.29212419341273e-4,-0.0111057999737086,3.105232203363e-4,9.04662218204932e-5,-3.73231576214209e-4,-6.21624036930125e-4,0.02998550960928629
1997-04-01,0.156224063237308,94.8267925984925,113.437133233129,77.8212776018256,83.6319659025082,83.2867639107241,0.0834049846677556,0.0312292171800623,0.0450685218811391,0.0553198847644063,0.0777463353389225,0.0252704054414736,0.0393552215558139,0.0495460248285691,0.0493489381759999,0.0165233544199999,-0.00195366126999996,-0.06931058573,0.0435711306019999,0.0197374186999999,0.00142526239999996,-0.04848484114,0.0491,0.0509,0.0509,0.0496,0.012725,0.012725,0.0124,0.01285,0.384688871675704,0.407333333333333,0.408851331996563,0.41433607520564,0.0182,0.0195,0.0194,0.0188,0.00689999999999999,0.00689999999999999,0.0069,0.0068,-0.00577780757400004,0.00321406428000004,0.00337892366999992,0.0208257445900001,0.00506970849176169,0.00701978302488837,0.00642260757867685,0.0143322475570031,0.02412568647503,0.0295807364771711,0.0272161742332797,0.0168919115752429,0.00301946501638394,0.00416291214855941,0.00250193255042527,0.00439330216470159,0.0388241535379594,0.0383696026829485,0.0376705725734975,0.0371385236750403,-1.71482051028309,-1.6205204026997,-1.68478607694665,-1.72142365198246,0.0928270042194093,0.0876404494382022,0.0541360991651909,0.0978734306943376,-0.0424066240471366,-0.018801598080649,-0.0220813903353533,0.0264100937940236,0.0386727228760719,0.0459445677697659,0.0665817707777023,-0.0164357982575893,0.464476078748703,0.433748215436935,0.431688666343689,0.455730348825455,0.982831623710162,0.997865894000414,0.978646590515749,0.983028362305581,0.982831623710162,0.997865894000414,0.978646590515749,0.983028362305581,-3.01213029236445,-3.01533508922249,-3.02226142100914,-3.00330174597804,0.0254935491141269,0.0226818440269106,0.0339686100861015,0.0202154957636858,0.190739944577217,0.269780844449997,0.188868954777718,0.218481868505478,0.00868446702338666,0.00828761666945377,0.00895929420722681,0.001937444420439,0.0164367816091948,0.338381502890174,0.36046511627907,-0.361637426900584,0.966352436122969,1.0015906000186,0.779240086845936,0.835998612609861,5.49466361560812,3.58163253895081,3.11891275324416,2.47913582188877,-0.00514388499254264,-3.83882528882104e-4,0.00203517078286384,1.37317076432548e-4,-0.00561045943326532,-8.3318038817126e-4,0.00165833976313051,-2.44552396709939e-4,-0.00365553685208271,-2.21039071486437e-4,9.68336423687991e-4,0.00194015942225949,-0.00368702075536658,-0.00270545065559211,-0.00332763714868349,-0.00336824330211074,-0.0047757685509201,-0.00168177301848675,-0.00350656866535124,-0.00355640053637322,-0.00308120693826803,-0.00325863919576666,-0.00454922463939658,-0.00575947936310903,-0.078163904148931,-0.0665531870773066,-0.0640174470532338,-0.0739741626473512,0.00624430778296056,0.00432658393683968,0.00322651309446556,0.00743697151490613,0.0142768114394802,-0.00388634538772522,-0.00485899140283312,-4.29212419341273e-4,7.15418704906871e-4,3.105232203363e-4,9.04662218204932e-5,-3.73231576214209e-4,0.03185633494504524
1997-07-01,0.0678488954354258,202.328087862331,94.8267925984925,113.437133233129,77.8212776018256,83.6319659025082,0.0264154340409222,0.0834049846677556,0.0312292171800623,0.0450685218811391,0.0215983514565783,0.0777463353389225,0.0252704054414736,0.0393552215558139,-0.03241737046,0.0493489381759999,0.0165233544199999,-0.00195366126999996,-0.0221076667360001,0.0435711306019999,0.0197374186999999,0.00142526239999996,0.0514,0.0491,0.0509,0.0509,0.012275,0.012725,0.012725,0.0124,0.374229622266402,0.384688871675704,0.407333333333333,0.408851331996563,0.0209,0.0182,0.0195,0.0194,0.0063,0.00689999999999999,0.00689999999999999,0.0069,0.010309703724,-0.00577780757400004,0.00321406428000004,0.00337892366999992,0.00882723833543508,0.00506970849176169,0.00701978302488837,0.00642260757867685,0.0211485443053088,0.02412568647503,0.0295807364771711,0.0272161742332797,0.00483633510368523,0.00301946501638394,0.00416291214855941,0.00250193255042527,0.0391838963699669,0.0388241535379594,0.0383696026829485,0.0376705725734975,-1.74353367303171,-1.71482051028309,-1.6205204026997,-1.68478607694665,0.00246305418719217,0.0928270042194093,0.0876404494382022,0.0541360991651909,-0.0468479155689555,-0.0424066240471366,-0.018801598080649,-0.0220813903353533,-0.060718335211277,0.0386727228760719,0.0459445677697659,0.0665817707777023,0.451532423496246,0.464476078748703,0.433748215436935,0.431688666343689,0.929191436749488,0.982831623710162,0.997865894000414,0.978646590515749,0.929191436749488,0.982831623710162,0.997865894000414,0.978646590515749,-2.99941748277376,-3.01213029236445,-3.01533508922249,-3.02226142100914,0.0280505552525061,0.0254935491141269,0.0226818440269106,0.0339686100861015,0.241040647029877,0.190739944577217,0.269780844449997,0.188868954777718,0.00569259981394823,0.00868446702338666,0.00828761666945377,0.00895929420722681,0.156342857142857,0.0164367816091948,0.338381502890174,0.36046511627907,0.909530240476568,0.966352436122969,1.0015906000186,0.779240086845936,5.31000648741173,5.49466361560812,3.58163253895081,3.11891275324416,5.63201788558604e-4,-0.00514388499254264,-3.83882528882104e-4,0.00203517078286384,-5.07306102406511e-4,-0.00561045943326532,-8.3318038817126e-4,0.00165833976313051,0.00278816978106336,-0.00365553685208271,-2.21039071486437e-4,9.68336423687991e-4,-0.00312318455596881,-0.00368702075536658,-0.00270545065559211,-0.00332763714868349,-0.00395726034437882,-0.0047757685509201,-0.00168177301848675,-0.00350656866535124,-0.0019432222112147,-0.00308120693826803,-0.00325863919576666,-0.00454922463939658,-0.0568404315220095,-0.078163904148931,-0.0665531870773066,-0.0640174470532338,2.33064268930879e-4,0.00624430778296056,0.00432658393683968,0.00322651309446556,0.0178956753948514,0.0142768114394802,-0.00388634538772522,-0.00485899140283312,-3.99397170832828e-4,7.15418704906871e-4,3.105232203363e-4,9.04662218204932e-5,0.03481362022266072
1997-10-01,0.0241445522158397,190.798959055681,202.328087862331,94.8267925984925,113.437133233129,77.8212776018256,0.175008336480495,0.0264154340409222,0.0834049846677556,0.0312292171800623,0.169755809128004,0.0215983514565783,0.0777463353389225,0.0252704054414736,0.0556385733250002,-0.03241737046,0.0493489381759999,0.0165233544199999,0.0507233642239997,-0.0221076667360001,0.0435711306019999,0.0197374186999999,0.0493,0.0514,0.0491,0.0509,0.01285,0.012275,0.012725,0.012725,0.373884093711467,0.374229622266402,0.384688871675704,0.407333333333333,0.0195,0.0209,0.0182,0.0195,0.00609999999999999,0.0063,0.00689999999999999,0.00689999999999999,-0.00491520910100052,0.010309703724,-0.00577780757400004,0.00321406428000004,0.00187500000000007,0.00882723833543508,0.00506970849176169,0.00701978302488837,0.0108467071235691,0.0211485443053088,0.02412568647503,0.0295807364771711,0.00698699997327905,0.00483633510368523,0.00301946501638394,0.00416291214855941,0.0394379716802276,0.0391838963699669,0.0388241535379594,0.0383696026829485,-1.83416595137574,-1.74353367303171,-1.71482051028309,-1.6205204026997,-0.0578571428571428,0.00246305418719217,0.0928270042194093,0.0876404494382022,-0.0287485796149,-0.0468479155689555,-0.0424066240471366,-0.018801598080649,0.0159850139170885,-0.060718335211277,0.0386727228760719,0.0459445677697659,0.455448001623154,0.451532423496246,0.464476078748703,0.433748215436935,0.984131361339882,0.929191436749488,0.982831623710162,0.997865894000414,0.984131361339882,0.929191436749488,0.982831623710162,0.997865894000414,-3.14609094206505,-2.99941748277376,-3.01213029236445,-3.01533508922249,0.0222359837751425,0.0280505552525061,0.0254935491141269,0.0226818440269106,0.295878499746323,0.241040647029877,0.190739944577217,0.269780844449997,0.0112330043409633,0.00569259981394823,0.00868446702338666,0.00828761666945377,0.305454545454546,0.156342857142857,0.0164367816091948,0.338381502890174,0.839159197634199,0.909530240476568,0.966352436122969,1.0015906000186,4.30110819332319,5.31000648741173,5.49466361560812,3.58163253895081,-0.0020423640030618,5.63201788558604e-4,-0.00514388499254264,-3.83882528882104e-4,-0.00301148924138753,-5.07306102406511e-4,-0.00561045943326532,-8.3318038817126e-4,-0.00285227500220598,0.00278816978106336,-0.00365553685208271,-2.21039071486437e-4,-0.00548161938915675,-0.00312318455596881,-0.00368702075536658,-0.00270545065559211,-0.00437847442082725,-0.00395726034437882,-0.0047757685509201,-0.00168177301848675,-0.00952944641228459,-0.0019432222112147,-0.00308120693826803,-0.00325863919576666,-0.0857599692618294,-0.0568404315220095,-0.078163904148931,-0.0665531870773066,0.00124084981709557,2.33064268930879e-4,0.00624430778296056,0.00432658393683968,7.8338643067389e-4,0.0178956753948514,0.0142768114394802,-0.00388634538772522,-1.58462405710577e-4,-3.99397170832828e-4,7.15418704906871e-4,3.105232203363e-4,0.034376818133106654
1998-01-01,0.126915831483555,160.313003606078,190.798959055681,202.328087862331,94.8267925984925,113.437133233129,0.0760109345854543,0.175008336480495,0.0264154340409222,0.0834049846677556,0.0714146111213139,0.169755809128004,0.0215983514565783,0.0777463353389225,0.0614293123280001,0.0556385733250002,-0.03241737046,0.0493489381759999,0.05075504128,0.0507233642239997,-0.0221076667360001,0.0435711306019999,0.0495,0.0493,0.0514,0.0491,0.012325,0.01285,0.012275,0.012725,0.377288385826772,0.373884093711467,0.374229622266402,0.384688871675704,0.0154,0.0195,0.0209,0.0182,0.00549999999999999,0.00609999999999999,0.0063,0.00689999999999999,-0.0106742710480001,-0.00491520910100052,0.010309703724,-0.00577780757400004,0.00561447286338113,0.00187500000000007,0.00882723833543508,0.00506970849176169,0.0146342656137782,0.0108467071235691,0.0211485443053088,0.02412568647503,0.00710143107473039,0.00698699997327905,0.00483633510368523,0.00301946501638394,0.0405871576727346,0.0394379716802276,0.0391838963699669,0.0388241535379594,-1.78206717762888,-1.83416595137574,-1.74353367303171,-1.71482051028309,0.0747711088504577,-0.0578571428571428,0.00246305418719217,0.0928270042194093,-0.0244299339734038,-0.0287485796149,-0.0468479155689555,-0.0424066240471366,0.0697370395064354,0.0159850139170885,-0.060718335211277,0.0386727228760719,0.44743487238884,0.455448001623154,0.451532423496246,0.464476078748703,0.961976196529972,0.984131361339882,0.929191436749488,0.982831623710162,0.961976196529972,0.984131361339882,0.929191436749488,0.982831623710162,-3.20908999709783,-3.14609094206505,-2.99941748277376,-3.01213029236445,0.0232017582552788,0.0222359837751425,0.0280505552525061,0.0254935491141269,0.301084101200104,0.295878499746323,0.241040647029877,0.190739944577217,0.0121281084663672,0.0112330043409633,0.00569259981394823,0.00868446702338666,-0.156271186440678,0.305454545454546,0.156342857142857,0.0164367816091948,0.878827270680756,0.839159197634199,0.909530240476568,0.966352436122969,3.70455450660063,4.30110819332319,5.31000648741173,5.49466361560812,-0.00409767301486515,-0.0020423640030618,5.63201788558604e-4,-0.00514388499254264,-0.0054874001300616,-0.00301148924138753,-5.07306102406511e-4,-0.00561045943326532,-0.00543527632957002,-0.00285227500220598,0.00278816978106336,-0.00365553685208271,-0.00482666784807678,-0.00548161938915675,-0.00312318455596881,-0.00368702075536658,-0.00428881082740425,-0.00437847442082725,-0.00395726034437882,-0.0047757685509201,-0.00874807472694357,-0.00952944641228459,-0.0019432222112147,-0.00308120693826803,-0.0743040948297645,-0.0857599692618294,-0.0568404315220095,-0.078163904148931,0.00357431159021144,0.00124084981709557,2.33064268930879e-4,0.00624430778296056,0.00947079404031312,7.8338643067389e-4,0.0178956753948514,0.0142768114394802,1.14218710717072e-4,-1.58462405710577e-4,-3.99397170832828e-4,7.15418704906871e-4,0.032192263971694564
1998-04-01,0.0287102771365535,259.298914411525,160.313003606078,190.798959055681,202.328087862331,94.8267925984925,0.0295619949979731,0.0760109345854543,0.175008336480495,0.0264154340409222,0.0252372185903749,0.0714146111213139,0.169755809128004,0.0215983514565783,0.0687137261119999,0.0614293123280001,0.0556385733250002,-0.03241737046,0.0461720144329998,0.05075504128,0.0507233642239997,-0.0221076667360001,0.0516,0.0495,0.0493,0.0514,0.012375,0.012325,0.01285,0.012275,0.39015609264854,0.377288385826772,0.373884093711467,0.374229622266402,0.0086,0.0154,0.0195,0.0209,0.00560000000000001,0.00549999999999999,0.00609999999999999,0.0063,-0.0225417116790001,-0.0106742710480001,-0.00491520910100052,0.010309703724,6.20347394540977e-4,0.00561447286338113,0.00187500000000007,0.00882723833543508,0.015559471547243,0.0146342656137782,0.0108467071235691,0.0211485443053088,0.0142753058617288,0.00710143107473039,0.00698699997327905,0.00483633510368523,0.040219749593186,0.0405871576727346,0.0394379716802276,0.0391838963699669,-1.73280000817095,-1.78206717762888,-1.83416595137574,-1.74353367303171,-0.0773653946680607,0.0747711088504577,-0.0578571428571428,0.00246305418719217,-0.0572031718748226,-0.0244299339734038,-0.0287485796149,-0.0468479155689555,0.0725516676902771,0.0697370395064354,0.0159850139170885,-0.060718335211277,0.478998631238937,0.44743487238884,0.455448001623154,0.451532423496246,0.957495187243471,0.961976196529972,0.984131361339882,0.929191436749488,0.957495187243471,0.961976196529972,0.984131361339882,0.929191436749488,-3.25235927998955,-3.20908999709783,-3.14609094206505,-2.99941748277376,0.0347696880875627,0.0232017582552788,0.0222359837751425,0.0280505552525061,0.429221928119659,0.301084101200104,0.295878499746323,0.241040647029877,0.00944994302148006,0.0121281084663672,0.0112330043409633,0.00569259981394823,-0.525393258426966,-0.156271186440678,0.305454545454546,0.156342857142857,0.887711821037341,0.878827270680756,0.839159197634199,0.909530240476568,2.35852847505872,3.70455450660063,4.30110819332319,5.31000648741173,-0.00655366680919059,-0.00409767301486515,-0.0020423640030618,5.63201788558604e-4,-0.00747523774534811,-0.0054874001300616,-0.00301148924138753,-5.07306102406511e-4,-0.00792656465297371,-0.00543527632957002,-0.00285227500220598,0.00278816978106336,-0.00407059110351757,-0.00482666784807678,-0.00548161938915675,-0.00312318455596881,-0.00433708976828402,-0.00428881082740425,-0.00437847442082725,-0.00395726034437882,-0.00829341616950002,-0.00874807472694357,-0.00952944641228459,-0.0019432222112147,-0.0643221253402186,-0.0743040948297645,-0.0857599692618294,-0.0568404315220095,-0.00190651992972151,0.00357431159021144,0.00124084981709557,2.33064268930879e-4,0.0154912433839054,0.00947079404031312,7.8338643067389e-4,0.0178956753948514,-3.10477724565094e-4,1.14218710717072e-4,-1.58462405710577e-4,-3.99397170832828e-4,0.03290797757365007
1998-07-01,-0.108743152016741,209.965939471654,259.298914411525,160.313003606078,190.798959055681,202.328087862331,0.140503002498993,0.0295619949979731,0.0760109345854543,0.175008336480495,0.136382599945553,0.0252372185903749,0.0714146111213139,0.169755809128004,0.0151876399999999,0.0687137261119999,0.0614293123280001,0.0556385733250002,0.0168397735579999,0.0461720144329998,0.05075504128,0.0507233642239997,0.0503,0.0516,0.0495,0.0493,0.0129,0.012375,0.012325,0.01285,0.395574102175013,0.39015609264854,0.377288385826772,0.373884093711467,0.00989999999999999,0.0086,0.0154,0.0195,0.00600000000000001,0.00560000000000001,0.00549999999999999,0.00609999999999999,0.00165213355799998,-0.0225417116790001,-0.0106742710480001,-0.00491520910100052,0.00557966522008657,6.20347394540977e-4,0.00561447286338113,0.00187500000000007,0.0164888616147386,0.015559471547243,0.0146342656137782,0.0108467071235691,0.00465897601042743,0.0142753058617288,0.00710143107473039,0.00698699997327905,0.0409020930624799,0.040219749593186,0.0405871576727346,0.0394379716802276,-1.68584318914213,-1.73280000817095,-1.78206717762888,-1.83416595137574,0.020077720207254,-0.0773653946680607,0.0747711088504577,-0.0578571428571428,-0.0604683108610799,-0.0572031718748226,-0.0244299339734038,-0.0287485796149,0.0467816852033138,0.0725516676902771,0.0697370395064354,0.0159850139170885,0.457054436206818,0.478998631238937,0.44743487238884,0.455448001623154,0.988028860080706,0.957495187243471,0.961976196529972,0.984131361339882,0.988028860080706,0.957495187243471,0.961976196529972,0.984131361339882,-3.3823038440536,-3.25235927998955,-3.20908999709783,-3.14609094206505,0.0222124270098609,0.0347696880875627,0.0232017582552788,0.0222359837751425,0.221781820058823,0.429221928119659,0.301084101200104,0.295878499746323,0.00828494843950166,0.00944994302148006,0.0121281084663672,0.0112330043409633,-0.802458100558659,-0.525393258426966,-0.156271186440678,0.305454545454546,0.878179366284769,0.887711821037341,0.878827270680756,0.839159197634199,2.35407854066406,2.35852847505872,3.70455450660063,4.30110819332319,-0.00458729553132484,-0.00655366680919059,-0.00409767301486515,-0.0020423640030618,-0.0050411137795196,-0.00747523774534811,-0.0054874001300616,-0.00301148924138753,-0.00496137547309028,-0.00792656465297371,-0.00543527632957002,-0.00285227500220598,-0.00531949345034767,-0.00407059110351757,-0.00482666784807678,-0.00548161938915675,-0.00489806363090688,-0.00433708976828402,-0.00428881082740425,-0.00437847442082725,-0.0114704175022343,-0.00829341616950002,-0.00874807472694357,-0.00952944641228459,-0.0578332009620126,-0.0643221253402186,-0.0743040948297645,-0.0857599692618294,-0.00567823140002543,-0.00190651992972151,0.00357431159021144,0.00124084981709557,-0.0023157834140557702,0.0154912433839054,0.00947079404031312,7.8338643067389e-4,4.74028686861978e-5,-3.10477724565094e-4,1.14218710717072e-4,-1.58462405710577e-4,0.031812447563561365
1998-10-01,0.189521007234396,49.9573260591598,209.965939471654,259.298914411525,160.313003606078,190.798959055681,0.0341013943498805,0.140503002498993,0.0295619949979731,0.0760109345854543,0.0302644976794784,0.136382599945553,0.0252372185903749,0.0714146111213139,0.0441226388959999,0.0151876399999999,0.0687137261119999,0.0614293123280001,0.0338425278650001,0.0168397735579999,0.0461720144329998,0.05075504128,0.0498,0.0503,0.0516,0.0495,0.012575,0.0129,0.012375,0.012325,0.409289196818065,0.395574102175013,0.39015609264854,0.377288385826772,0.00779999999999999,0.00989999999999999,0.0086,0.0154,0.00600000000000001,0.00600000000000001,0.00560000000000001,0.00549999999999999,-0.0102801110309998,0.00165213355799998,-0.0225417116790001,-0.0106742710480001,0.00493218249075222,0.00557966522008657,6.20347394540977e-4,0.00561447286338113,0.0240105800331645,0.0164888616147386,0.015559471547243,0.0146342656137782,0.00467093121645022,0.00465897601042743,0.0142753058617288,0.00710143107473039,0.0416226922415189,0.0409020930624799,0.040219749593186,0.0405871576727346,-1.68184184640808,-1.68584318914213,-1.73280000817095,-1.78206717762888,-0.0598290598290598,0.020077720207254,-0.0773653946680607,0.0747711088504577,-0.0441418932299255,-0.0604683108610799,-0.0572031718748226,-0.0244299339734038,0.0216559320688248,0.0467816852033138,0.0725516676902771,0.0697370395064354,0.452557772397995,0.457054436206818,0.478998631238937,0.44743487238884,0.971794963650002,0.988028860080706,0.957495187243471,0.961976196529972,0.971794963650002,0.988028860080706,0.957495187243471,0.961976196529972,-3.42411402843606,-3.3823038440536,-3.25235927998955,-3.20908999709783,0.032128848563022,0.0222124270098609,0.0347696880875627,0.0232017582552788,0.209971308708191,0.221781820058823,0.429221928119659,0.301084101200104,0.00655028343696925,0.00828494843950166,0.00944994302148006,0.0121281084663672,-0.718000000000001,-0.802458100558659,-0.525393258426966,-0.156271186440678,1.04417596999639,0.878179366284769,0.887711821037341,0.878827270680756,1.76995870600113,2.35407854066406,2.35852847505872,3.70455450660063,-0.00556324097786068,-0.00458729553132484,-0.00655366680919059,-0.00409767301486515,-0.00616047259921005,-0.0050411137795196,-0.00747523774534811,-0.0054874001300616,-0.00664065151029366,-0.00496137547309028,-0.00792656465297371,-0.00543527632957002,-0.00426547967798886,-0.00531949345034767,-0.00407059110351757,-0.00482666784807678,-0.00419194695673219,-0.00489806363090688,-0.00433708976828402,-0.00428881082740425,-0.00970183454195955,-0.0114704175022343,-0.00829341616950002,-0.00874807472694357,-0.0589668865406622,-0.0578332009620126,-0.0643221253402186,-0.0743040948297645,-0.00161900710670871,-0.00567823140002543,-0.00190651992972151,0.00357431159021144,0.00663574701394684,-0.0023157834140557702,0.0154912433839054,0.00947079404031312,7.69157323728935e-4,4.74028686861978e-5,-3.10477724565094e-4,1.14218710717072e-4,0.030203547377054107
1999-01-01,0.0454363411809379,300.246012509779,49.9573260591598,209.965939471654,259.298914411525,160.313003606078,-0.0981994018955614,0.0341013943498805,0.140503002498993,0.0295619949979731,-0.101887152402862,0.0302644976794784,0.136382599945553,0.0252372185903749,0.0834854030000001,0.0441226388959999,0.0151876399999999,0.0687137261119999,0.044684391608,0.0338425278650001,0.0168397735579999,0.0461720144329998,0.0461,0.0498,0.0503,0.0516,0.01245,0.012575,0.0129,0.012375,0.423812024153321,0.409289196818065,0.395574102175013,0.39015609264854,0.0056,0.00779999999999999,0.00989999999999999,0.0086,0.0069,0.00600000000000001,0.00600000000000001,0.00560000000000001,-0.0388010113920001,-0.0102801110309998,0.00165213355799998,-0.0225417116790001,0.003680981595092,0.00493218249075222,0.00557966522008657,6.20347394540977e-4,0.0240829100298881,0.0240105800331645,0.0164888616147386,0.015559471547243,0.0215331096197293,0.00467093121645022,0.00465897601042743,0.0142753058617288,0.0415892894372977,0.0416226922415189,0.0409020930624799,0.040219749593186,-1.80197552608094,-1.68184184640808,-1.68584318914213,-1.73280000817095,0.218209179834462,-0.0598290598290598,0.020077720207254,-0.0773653946680607,-0.0332303310251131,-0.0441418932299255,-0.0604683108610799,-0.0572031718748226,0.0293056257069111,0.0216559320688248,0.0467816852033138,0.0725516676902771,0.417392134666443,0.452557772397995,0.457054436206818,0.478998631238937,0.839863482105854,0.971794963650002,0.988028860080706,0.957495187243471,0.839863482105854,0.971794963650002,0.988028860080706,0.957495187243471,-3.33164944954539,-3.42411402843606,-3.3823038440536,-3.25235927998955,0.0371048861451036,0.032128848563022,0.0222124270098609,0.0347696880875627,0.416551738977432,0.209971308708191,0.221781820058823,0.429221928119659,0.00765247971816425,0.00655028343696925,0.00828494843950166,0.00944994302148006,-0.954033149171271,-0.718000000000001,-0.802458100558659,-0.525393258426966,1.0146061310436,1.04417596999639,0.878179366284769,0.887711821037341,1.07609870482033,1.76995870600113,2.35407854066406,2.35852847505872,-0.00545532256884762,-0.00556324097786068,-0.00458729553132484,-0.00655366680919059,-0.00516030801251165,-0.00616047259921005,-0.0050411137795196,-0.00747523774534811,-0.0107254445956522,-0.00664065151029366,-0.00496137547309028,-0.00792656465297371,-0.00195855096867019,-0.00426547967798886,-0.00531949345034767,-0.00407059110351757,-0.00141823993522243,-0.00419194695673219,-0.00489806363090688,-0.00433708976828402,-0.00474136928626107,-0.00970183454195955,-0.0114704175022343,-0.00829341616950002,-0.0300549888128917,-0.0589668865406622,-0.0578332009620126,-0.0643221253402186,-0.00122370624530424,-0.00161900710670871,-0.00567823140002543,-0.00190651992972151,0.00776234554785875,0.00663574701394684,-0.0023157834140557702,0.0154912433839054,9.42371331960503e-4,7.69157323728935e-4,4.74028686861978e-5,-3.10477724565094e-4,0.03347703491027072
1999-04-01,0.0649625898867812,252.333858738125,300.246012509779,49.9573260591598,209.965939471654,259.298914411525,0.215715169024634,-0.0981994018955614,0.0341013943498805,0.140503002498993,0.211540164012673,-0.101887152402862,0.0302644976794784,0.136382599945553,-0.015472063328,0.0834854030000001,0.0441226388959999,0.0151876399999999,0.00849448699999966,0.044684391608,0.0338425278650001,0.0168397735579999,0.0439,0.0461,0.0498,0.0503,0.011525,0.01245,0.012575,0.0129,0.429461681251657,0.423812024153321,0.409289196818065,0.395574102175013,0.0103,0.0056,0.00779999999999999,0.00989999999999999,0.0101,0.0069,0.00600000000000001,0.00600000000000001,0.0239665503279997,-0.0388010113920001,-0.0102801110309998,0.00165213355799998,0.00183374083129584,0.003680981595092,0.00493218249075222,0.00557966522008657,0.0200570304409604,0.0240829100298881,0.0240105800331645,0.0164888616147386,0.0103951036250746,0.0215331096197293,0.00467093121645022,0.00465897601042743,0.0421039233524743,0.0415892894372977,0.0416226922415189,0.0409020930624799,-1.61560230448056,-1.80197552608094,-1.68184184640808,-1.68584318914213,0.0677220756376431,0.218209179834462,-0.0598290598290598,0.020077720207254,-0.065898819338703,-0.0332303310251131,-0.0441418932299255,-0.0604683108610799,0.0408689267933369,0.0293056257069111,0.0216559320688248,0.0467816852033138,0.457120925188065,0.417392134666443,0.452557772397995,0.457054436206818,0.979428798189086,0.839863482105854,0.971794963650002,0.988028860080706,0.979428798189086,0.839863482105854,0.971794963650002,0.988028860080706,-3.52966918770996,-3.33164944954539,-3.42411402843606,-3.3823038440536,0.0373215724986113,0.0371048861451036,0.032128848563022,0.0222124270098609,0.228716343641281,0.416551738977432,0.209971308708191,0.221781820058823,0.0111230858188754,0.00765247971816425,0.00655028343696925,0.00828494843950166,-0.908791208791209,-0.954033149171271,-0.718000000000001,-0.802458100558659,0.882944506357936,1.0146061310436,1.04417596999639,0.878179366284769,1.10351061575516,1.07609870482033,1.76995870600113,2.35407854066406,-0.00606367402783755,-0.00545532256884762,-0.00556324097786068,-0.00458729553132484,-0.00300961835657276,-0.00516030801251165,-0.00616047259921005,-0.0050411137795196,-0.004603974165508,-0.0107254445956522,-0.00664065151029366,-0.00496137547309028,-0.00526268387374158,-0.00195855096867019,-0.00426547967798886,-0.00531949345034767,-0.00519232985036595,-0.00141823993522243,-0.00419194695673219,-0.00489806363090688,-0.0121949612008846,-0.00474136928626107,-0.00970183454195955,-0.0114704175022343,-0.0699679716870654,-0.0300549888128917,-0.0589668865406622,-0.0578332009620126,-0.00480843533778842,-0.00122370624530424,-0.00161900710670871,-0.00567823140002543,0.00246044802290543,0.00776234554785875,0.00663574701394684,-0.0023157834140557702,6.42301512900141e-5,9.42371331960503e-4,7.69157323728935e-4,4.74028686861978e-5,0.034825732331325646
1999-07-01,-0.0678118608134123,280.693255380975,252.333858738125,300.246012509779,49.9573260591598,209.965939471654,0.0488474116361781,0.215715169024634,-0.0981994018955614,0.0341013943498805,0.0455069189967521,0.211540164012673,-0.101887152402862,0.0302644976794784,-0.0412967766400001,-0.015472063328,0.0834854030000001,0.0441226388959999,-0.0280988886460001,0.00849448699999966,0.044684391608,0.0338425278650001,0.0444,0.0439,0.0461,0.0498,0.010975,0.011525,0.01245,0.012575,0.428582595101615,0.429461681251657,0.423812024153321,0.409289196818065,0.0148,0.0103,0.0056,0.00779999999999999,0.00910000000000001,0.0101,0.0069,0.00600000000000001,0.013197887994,0.0239665503279997,-0.0388010113920001,-0.0102801110309998,0.00671140939597303,0.00183374083129584,0.003680981595092,0.00493218249075222,0.0206681195166747,0.0200570304409604,0.0240829100298881,0.0240105800331645,0.0100313506753358,0.0103951036250746,0.0215331096197293,0.00467093121645022,0.0423130113160577,0.0421039233524743,0.0415892894372977,0.0416226922415189,-1.55111045941708,-1.61560230448056,-1.80197552608094,-1.68184184640808,0.362307067424858,0.0677220756376431,0.218209179834462,-0.0598290598290598,-0.0305325713719229,-0.065898819338703,-0.0332303310251131,-0.0441418932299255,0.0119040813297033,0.0408689267933369,0.0293056257069111,0.0216559320688248,0.421715557575226,0.457120925188065,0.417392134666443,0.452557772397995,0.977952947901323,0.979428798189086,0.839863482105854,0.971794963650002,0.977952947901323,0.979428798189086,0.839863482105854,0.971794963650002,-3.56302133144232,-3.52966918770996,-3.33164944954539,-3.42411402843606,0.0412129801133041,0.0373215724986113,0.0371048861451036,0.032128848563022,0.256336778402328,0.228716343641281,0.416551738977432,0.209971308708191,0.00836198358949683,0.0111230858188754,0.00765247971816425,0.00655028343696925,-0.753825136612021,-0.908791208791209,-0.954033149171271,-0.718000000000001,1.02893948119228,0.882944506357936,1.0146061310436,1.04417596999639,2.01106549855985,1.10351061575516,1.07609870482033,1.76995870600113,-6.56804310495171e-4,-0.00606367402783755,-0.00545532256884762,-0.00556324097786068,-3.01270860998088e-4,-0.00300961835657276,-0.00516030801251165,-0.00616047259921005,3.0851752909662e-4,-0.004603974165508,-0.0107254445956522,-0.00664065151029366,-0.00431226024997272,-0.00526268387374158,-0.00195855096867019,-0.00426547967798886,-0.0044251853667304,-0.00519232985036595,-0.00141823993522243,-0.00419194695673219,-0.00947222761803835,-0.0121949612008846,-0.00474136928626107,-0.00970183454195955,-0.0571406302580426,-0.0699679716870654,-0.0300549888128917,-0.0589668865406622,-0.00623958624028084,-0.00480843533778842,-0.00122370624530424,-0.00161900710670871,0.0150568739067052,0.00246044802290543,0.00776234554785875,0.00663574701394684,5.47154416162436e-4,6.42301512900141e-5,9.42371331960503e-4,7.69157323728935e-4,0.0365488077777096
1999-10-01,0.135777039162148,123.5796238903,280.693255380975,252.333858738125,300.246012509779,49.9573260591598,0.068697631863178,0.0488474116361781,0.215715169024634,-0.0981994018955614,0.0650115715386921,0.0455069189967521,0.211540164012673,-0.101887152402862,-0.02411062697,-0.0412967766400001,-0.015472063328,0.0834854030000001,-0.0356384358399999,-0.0280988886460001,0.00849448699999966,0.044684391608,0.0457,0.0444,0.0439,0.0461,0.0111,0.010975,0.011525,0.01245,0.400975134080936,0.428582595101615,0.429461681251657,0.423812024153321,0.017,0.0148,0.0103,0.0056,0.00789999999999999,0.00910000000000001,0.0101,0.0069,-0.0115278088699999,0.013197887994,0.0239665503279997,-0.0388010113920001,0.0072727272727271,0.00671140939597303,0.00183374083129584,0.003680981595092,0.0188685758967004,0.0206681195166747,0.0200570304409604,0.0240829100298881,0.00822152119033658,0.0100313506753358,0.0103951036250746,0.0215331096197293,0.0426972210831233,0.0423130113160577,0.0421039233524743,0.0415892894372977,-1.50273791858527,-1.55111045941708,-1.61560230448056,-1.80197552608094,0.147181008902077,0.362307067424858,0.0677220756376431,0.218209179834462,-0.0524684620881697,-0.0305325713719229,-0.065898819338703,-0.0332303310251131,0.0764452889561653,0.0119040813297033,0.0408689267933369,0.0293056257069111,0.39844161272049,0.421715557575226,0.457120925188065,0.417392134666443,0.987721466905671,0.977952947901323,0.979428798189086,0.839863482105854,0.987721466905671,0.977952947901323,0.979428798189086,0.839863482105854,-3.56780748111906,-3.56302133144232,-3.52966918770996,-3.33164944954539,0.0380896069744281,0.0412129801133041,0.0373215724986113,0.0371048861451036,0.189696833491325,0.256336778402328,0.228716343641281,0.416551738977432,0.00513813751738587,0.00836198358949683,0.0111230858188754,0.00765247971816425,-0.229728260869565,-0.753825136612021,-0.908791208791209,-0.954033149171271,0.838078221836636,1.02893948119228,0.882944506357936,1.0146061310436,4.35058176435118,2.01106549855985,1.10351061575516,1.07609870482033,0.00400538798840236,-6.56804310495171e-4,-0.00606367402783755,-0.00545532256884762,0.00321699034866285,-3.01270860998088e-4,-0.00300961835657276,-0.00516030801251165,0.00167583798580226,3.0851752909662e-4,-0.004603974165508,-0.0107254445956522,-0.00452768402122739,-0.00431226024997272,-0.00526268387374158,-0.00195855096867019,-0.00436282527055714,-0.0044251853667304,-0.00519232985036595,-0.00141823993522243,-0.00792892961436755,-0.00947222761803835,-0.0121949612008846,-0.00474136928626107,-0.0716979251730989,-0.0571406302580426,-0.0699679716870654,-0.0300549888128917,0.00504350259020467,-0.00623958624028084,-0.00480843533778842,-0.00122370624530424,0.0160118240736971,0.0150568739067052,0.00246044802290543,0.00776234554785875,4.14501672724612e-4,5.47154416162436e-4,6.42301512900141e-5,9.42371331960503e-4,0.0340690048285227
2000-01-01,0.0197659265589913,328.917535815284,123.5796238903,280.693255380975,252.333858738125,300.246012509779,-0.0621669705550896,0.068697631863178,0.0488474116361781,0.215715169024634,-0.0653110686340996,0.0650115715386921,0.0455069189967521,0.211540164012673,-0.004668047196,-0.02411062697,-0.0412967766400001,-0.015472063328,-0.00469961676599995,-0.0356384358399999,-0.0280988886460001,0.00849448699999966,0.0468,0.0457,0.0444,0.0439,0.011425,0.0111,0.010975,0.011525,0.378548680618744,0.400975134080936,0.428582595101615,0.429461681251657,0.0178,0.017,0.0148,0.0103,0.0081,0.00789999999999999,0.00910000000000001,0.0101,-3.15695699999452e-5,-0.0115278088699999,0.013197887994,0.0239665503279997,0.0102286401925391,0.0072727272727271,0.00671140939597303,0.00183374083129584,0.0203796816642604,0.0188685758967004,0.0206681195166747,0.0200570304409604,0.00704596956984644,0.00822152119033658,0.0100313506753358,0.0103951036250746,0.0431559303430649,0.0426972210831233,0.0423130113160577,0.0421039233524743,-1.50938590273123,-1.50273791858527,-1.55111045941708,-1.61560230448056,0.107900677200903,0.147181008902077,0.362307067424858,0.0677220756376431,-0.0250450218534751,-0.0524684620881697,-0.0305325713719229,-0.065898819338703,0.0515341237187386,0.0764452889561653,0.0119040813297033,0.0408689267933369,0.410807460546494,0.39844161272049,0.421715557575226,0.457120925188065,0.912672037181574,0.987721466905671,0.977952947901323,0.979428798189086,0.912672037181574,0.987721466905671,0.977952947901323,0.979428798189086,-3.4309640829958,-3.56780748111906,-3.56302133144232,-3.52966918770996,0.0504588149311964,0.0380896069744281,0.0412129801133041,0.0373215724986113,0.233340844511986,0.189696833491325,0.256336778402328,0.228716343641281,0.00633043605237485,0.00513813751738587,0.00836198358949683,0.0111230858188754,-0.0884864864864869,-0.229728260869565,-0.753825136612021,-0.908791208791209,0.952761528568625,0.838078221836636,1.02893948119228,0.882944506357936,5.87827480728066,4.35058176435118,2.01106549855985,1.10351061575516,0.00242219110127393,0.00400538798840236,-6.56804310495171e-4,-0.00606367402783755,0.00233554328050378,0.00321699034866285,-3.01270860998088e-4,-0.00300961835657276,0.00151808011782152,0.00167583798580226,3.0851752909662e-4,-0.004603974165508,-0.00284556329689234,-0.00452768402122739,-0.00431226024997272,-0.00526268387374158,-0.00375675272609638,-0.00436282527055714,-0.0044251853667304,-0.00519232985036595,-0.00282102614853707,-0.00792892961436755,-0.00947222761803835,-0.0121949612008846,-0.050516058002439,-0.0716979251730989,-0.0571406302580426,-0.0699679716870654,0.00239029328248791,0.00504350259020467,-0.00623958624028084,-0.00480843533778842,0.00651973328218339,0.0160118240736971,0.0150568739067052,0.00246044802290543,6.00310347848559e-4,4.14501672724612e-4,5.47154416162436e-4,6.42301512900141e-5,0.036217957316739914
2000-04-01,-0.0297870443313108,259.537222919921,328.917535815284,123.5796238903,280.693255380975,252.333858738125,0.154383236770777,-0.0621669705550896,0.068697631863178,0.0488474116361781,0.15103807863442,-0.0653110686340996,0.0650115715386921,0.0455069189967521,-0.02267964346,-0.004668047196,-0.02411062697,-0.0412967766400001,-0.0079346249440001,-0.00469961676599995,-0.0356384358399999,-0.0280988886460001,0.052,0.0468,0.0457,0.0444,0.0117,0.011425,0.0111,0.010975,0.346522731990866,0.378548680618744,0.400975134080936,0.428582595101615,0.0162,0.0178,0.017,0.0148,0.0064,0.0081,0.00789999999999999,0.00910000000000001,0.0147450185159999,-3.15695699999452e-5,-0.0115278088699999,0.013197887994,0.00238237045860634,0.0102286401925391,0.0072727272727271,0.00671140939597303,0.0178887568851916,0.0203796816642604,0.0188685758967004,0.0206681195166747,0.00737901728788159,0.00704596956984644,0.00822152119033658,0.0100313506753358,0.0425744573068632,0.0431559303430649,0.0426972210831233,0.0423130113160577,-1.58315314702108,-1.50938590273123,-1.50273791858527,-1.55111045941708,0.0357860876558103,0.107900677200903,0.147181008902077,0.362307067424858,-1.37504297225904e-4,-0.0250450218534751,-0.0524684620881697,-0.0305325713719229,0.0696711391210556,0.0515341237187386,0.0764452889561653,0.0119040813297033,0.396464109420776,0.410807460546494,0.39844161272049,0.421715557575226,1,0.912672037181574,0.987721466905671,0.977952947901323,1,0.912672037181574,0.987721466905671,0.977952947901323,-3.47867785975415,-3.4309640829958,-3.56780748111906,-3.56302133144232,0.0853561263816149,0.0504588149311964,0.0380896069744281,0.0412129801133041,0.155128970742226,0.233340844511986,0.189696833491325,0.256336778402328,0.00962184868530376,0.00633043605237485,0.00513813751738587,0.00836198358949683,-0.218010752688172,-0.0884864864864869,-0.229728260869565,-0.753825136612021,0.853388579060597,0.952761528568625,0.838078221836636,1.02893948119228,8.22154352298352,5.87827480728066,4.35058176435118,2.01106549855985,0.0024811898205328,0.00242219110127393,0.00400538798840236,-6.56804310495171e-4,6.69612575348236e-4,0.00233554328050378,0.00321699034866285,-3.01270860998088e-4,0.00367977401139515,0.00151808011782152,0.00167583798580226,3.0851752909662e-4,-0.00465057233927283,-0.00284556329689234,-0.00452768402122739,-0.00431226024997272,-0.0040337642232519,-0.00375675272609638,-0.00436282527055714,-0.0044251853667304,-0.00599487756828063,-0.00282102614853707,-0.00792892961436755,-0.00947222761803835,-0.0676144279759487,-0.050516058002439,-0.0716979251730989,-0.0571406302580426,0.00348147700954204,0.00239029328248791,0.00504350259020467,-0.00623958624028084,0.0149163875517702,0.00651973328218339,0.0160118240736971,0.0150568739067052,0.00143472769075114,6.00310347848559e-4,4.14501672724612e-4,5.47154416162436e-4,0.03526094100550088
2000-07-01,-0.0125143879608987,170.865680019688,259.537222919921,328.917535815284,123.5796238903,280.693255380975,0.0257444115919034,0.154383236770777,-0.0621669705550896,0.068697631863178,0.0227802591858257,0.15103807863442,-0.0653110686340996,0.0650115715386921,0.0883296504639999,-0.02267964346,-0.004668047196,-0.02411062697,0.024100343492,-0.0079346249440001,-0.00469961676599995,-0.0356384358399999,0.0569,0.052,0.0468,0.0457,0.013,0.0117,0.011425,0.0111,0.328989205103042,0.346522731990866,0.378548680618744,0.400975134080936,0.00489999999999999,0.0162,0.0178,0.017,0.0069,0.0064,0.0081,0.00789999999999999,-0.0642293069719999,0.0147450185159999,-3.15695699999452e-5,-0.0115278088699999,0.0172311348781935,0.00238237045860634,0.0102286401925391,0.0072727272727271,0.0182913889280301,0.0178887568851916,0.0203796816642604,0.0188685758967004,0.0148850819275362,0.00737901728788159,0.00704596956984644,0.00822152119033658,0.0433729038739154,0.0425744573068632,0.0431559303430649,0.0426972210831233,-1.67694995085861,-1.58315314702108,-1.50938590273123,-1.50273791858527,-0.121360811252862,0.0357860876558103,0.107900677200903,0.147181008902077,-0.0267254983449577,-1.37504297225904e-4,-0.0250450218534751,-0.0524684620881697,0.0921076983213425,0.0696711391210556,0.0515341237187386,0.0764452889561653,0.345337718725204,0.396464109420776,0.410807460546494,0.39844161272049,0.93166839830828,1,0.912672037181574,0.987721466905671,0.93166839830828,1,0.912672037181574,0.987721466905671,-3.44214724741772,-3.47867785975415,-3.4309640829958,-3.56780748111906,0.121601266409602,0.0853561263816149,0.0504588149311964,0.0380896069744281,0.183209031820297,0.155128970742226,0.233340844511986,0.189696833491325,0.00192337579857764,0.00962184868530376,0.00633043605237485,0.00513813751738587,-0.356844919786095,-0.218010752688172,-0.0884864864864869,-0.229728260869565,0.831651229306666,0.853388579060597,0.952761528568625,0.838078221836636,8.30641578653759,8.22154352298352,5.87827480728066,4.35058176435118,0.0024600393484779,0.0024811898205328,0.00242219110127393,0.00400538798840236,0.00199212884046502,6.69612575348236e-4,0.00233554328050378,0.00321699034866285,-0.00495117551799834,0.00367977401139515,0.00151808011782152,0.00167583798580226,-0.0039365764599304,-0.00465057233927283,-0.00284556329689234,-0.00452768402122739,-0.00328621687693173,-0.0040337642232519,-0.00375675272609638,-0.00436282527055714,-0.00420378101795344,-0.00599487756828063,-0.00282102614853707,-0.00792892961436755,-0.0550693509409734,-0.0676144279759487,-0.050516058002439,-0.0716979251730989,-0.00941931325369338,0.00348147700954204,0.00239029328248791,0.00504350259020467,0.0102338948751394,0.0149163875517702,0.00651973328218339,0.0160118240736971,7.76751915074753e-4,0.00143472769075114,6.00310347848559e-4,4.14501672724612e-4,0.03376287351712464
2000-10-01,-0.0843727254615271,153.181887588896,170.865680019688,259.537222919921,328.917535815284,123.5796238903,-0.0283579666434042,0.0257444115919034,0.154383236770777,-0.0621669705550896,-0.031071447018136,0.0227802591858257,0.15103807863442,-0.0653110686340996,0.0111248413760001,0.0883296504639999,-0.02267964346,-0.004668047196,0.00429142588999998,0.024100343492,-0.0079346249440001,-0.00469961676599995,0.0569,0.0569,0.052,0.0468,0.014225,0.013,0.0117,0.011425,0.321725731895223,0.328989205103042,0.346522731990866,0.378548680618744,0.00529999999999999,0.00489999999999999,0.0162,0.0178,0.0081,0.0069,0.0064,0.0081,-0.00683341548600014,-0.0642293069719999,0.0147450185159999,-3.15695699999452e-5,0.00700934579439272,0.0172311348781935,0.00238237045860634,0.0102286401925391,0.0071242105725142,0.0182913889280301,0.0178887568851916,0.0203796816642604,0.0154869274956386,0.0148850819275362,0.00737901728788159,0.00704596956984644,0.0439203269701527,0.0433729038739154,0.0425744573068632,0.0431559303430649,-1.59661148864789,-1.67694995085861,-1.58315314702108,-1.50938590273123,0.117464691698243,-0.121360811252862,0.0357860876558103,0.107900677200903,0.0950458173814712,-0.0267254983449577,-1.37504297225904e-4,-0.0250450218534751,0.0480222329497337,0.0921076983213425,0.0696711391210556,0.0515341237187386,0.362018197774887,0.345337718725204,0.396464109420776,0.410807460546494,0.89123243407393,0.93166839830828,1,0.912672037181574,0.89123243407393,0.93166839830828,1,0.912672037181574,-3.39199401495645,-3.44214724741772,-3.47867785975415,-3.4309640829958,0.110025770525614,0.121601266409602,0.0853561263816149,0.0504588149311964,0.190907597541809,0.183209031820297,0.155128970742226,0.233340844511986,0.00725997464640877,0.00192337579857764,0.00962184868530376,0.00633043605237485,-0.844946808510638,-0.356844919786095,-0.218010752688172,-0.0884864864864869,0.685296228428825,0.831651229306666,0.853388579060597,0.952761528568625,7.02017803790987,8.30641578653759,8.22154352298352,5.87827480728066,0.0012418524353431,0.0024600393484779,0.0024811898205328,0.00242219110127393,0.00192920335386026,0.00199212884046502,6.69612575348236e-4,0.00233554328050378,-0.00201053549629866,-0.00495117551799834,0.00367977401139515,0.00151808011782152,-0.00324879983535234,-0.0039365764599304,-0.00465057233927283,-0.00284556329689234,-0.00368641689017639,-0.00328621687693173,-0.0040337642232519,-0.00375675272609638,-0.00289179418677263,-0.00420378101795344,-0.00599487756828063,-0.00282102614853707,-0.046158479008662,-0.0550693509409734,-0.0676144279759487,-0.050516058002439,0.00348028631237356,-0.00941931325369338,0.00348147700954204,0.00239029328248791,0.0162149323500996,0.0102338948751394,0.0149163875517702,0.00651973328218339,-3.81530382615829e-4,7.76751915074753e-4,0.00143472769075114,6.00310347848559e-4,0.034425428147026246
2001-01-01,-0.129139387896531,36.7758064116542,153.181887588896,170.865680019688,259.537222919921,328.917535815284,-0.00564210377169971,-0.0283579666434042,0.0257444115919034,0.154383236770777,-0.00838513039525879,-0.031071447018136,0.0227802591858257,0.15103807863442,0.0253602713600001,0.0111248413760001,0.0883296504639999,-0.02267964346,0.03638720159,0.00429142588999998,0.024100343492,-0.0079346249440001,0.06,0.0569,0.0569,0.052,0.014225,0.014225,0.013,0.0117,0.304413407821229,0.321725731895223,0.328989205103042,0.346522731990866,0.0012,0.00529999999999999,0.00489999999999999,0.0162,0.00729999999999999,0.0081,0.0069,0.0064,0.0110269302299999,-0.00683341548600014,-0.0642293069719999,0.0147450185159999,0.00754060324825967,0.00700934579439272,0.0172311348781935,0.00238237045860634,0.004468919426584,0.0071242105725142,0.0182913889280301,0.0178887568851916,0.00470468102471221,0.0154869274956386,0.0148850819275362,0.00737901728788159,0.0435735511761284,0.0439203269701527,0.0433729038739154,0.0425744573068632,-1.55459696779203,-1.59661148864789,-1.67694995085861,-1.58315314702108,-0.0670897552130554,0.117464691698243,-0.121360811252862,0.0357860876558103,-0.00769238394748712,0.0950458173814712,-0.0267254983449577,-1.37504297225904e-4,0.0534372627735138,0.0480222329497337,0.0921076983213425,0.0696711391210556,0.389603495597839,0.362018197774887,0.345337718725204,0.396464109420776,0.90855055625788,0.89123243407393,0.93166839830828,1,0.90855055625788,0.89123243407393,0.93166839830828,1,-3.34293917168083,-3.39199401495645,-3.44214724741772,-3.47867785975415,0.053659105648921,0.110025770525614,0.121601266409602,0.0853561263816149,0.0815485939383507,0.190907597541809,0.183209031820297,0.155128970742226,-0.00225068653434185,0.00725997464640877,0.00192337579857764,0.00962184868530376,-1.44047619047619,-0.844946808510638,-0.356844919786095,-0.218010752688172,0.307834115346788,0.685296228428825,0.831651229306666,0.853388579060597,7.46753232249385,7.02017803790987,8.30641578653759,8.22154352298352,3.70408747967032e-4,0.0012418524353431,0.0024600393484779,0.0024811898205328,-3.05310684032684e-4,0.00192920335386026,0.00199212884046502,6.69612575348236e-4,-0.00274576002790485,-0.00201053549629866,-0.00495117551799834,0.00367977401139515,-0.0032837449754829,-0.00324879983535234,-0.0039365764599304,-0.00465057233927283,-0.00428274154899546,-0.00368641689017639,-0.00328621687693173,-0.0040337642232519,-0.00201812112263805,-0.00289179418677263,-0.00420378101795344,-0.00599487756828063,-0.050558325159553,-0.046158479008662,-0.0550693509409734,-0.0676144279759487,1.56012423459586e-5,0.00348028631237356,-0.00941931325369338,0.00348147700954204,0.0146892010331056,0.0162149323500996,0.0102338948751394,0.0149163875517702,-2.92860045026355e-4,-3.81530382615829e-4,7.76751915074753e-4,0.00143472769075114,0.030540247438485612
2001-04-01,0.0537628150675658,-71.3175914170067,36.7758064116542,153.181887588896,170.865680019688,259.537222919921,-0.0768149507050049,-0.00564210377169971,-0.0283579666434042,0.0257444115919034,-0.0795491520903596,-0.00838513039525879,-0.031071447018136,0.0227802591858257,0.0767406056789999,0.0253602713600001,0.0111248413760001,0.0883296504639999,0.0587531454499999,0.03638720159,0.00429142588999998,0.024100343492,0.0577,0.06,0.0569,0.0569,0.015,0.014225,0.014225,0.013,0.32542,0.304413407821229,0.321725731895223,0.328989205103042,-0.00189999999999999,0.0012,0.00529999999999999,0.00489999999999999,0.0081,0.00729999999999999,0.0081,0.0069,-0.017987460229,0.0110269302299999,-0.00683341548600014,-0.0642293069719999,0.0017271157167531,0.00754060324825967,0.00700934579439272,0.0172311348781935,-0.00226174682514346,0.004468919426584,0.0071242105725142,0.0182913889280301,0.0141398717806739,0.00470468102471221,0.0154869274956386,0.0148850819275362,0.0429398578392345,0.0435735511761284,0.0439203269701527,0.0433729038739154,-1.70202297304022,-1.55459696779203,-1.59661148864789,-1.67694995085861,-0.204998512347516,-0.0670897552130554,0.117464691698243,-0.121360811252862,-0.0396112480279539,-0.00769238394748712,0.0950458173814712,-0.0267254983449577,0.00931962579488754,0.0534372627735138,0.0480222329497337,0.0921076983213425,0.428675174713135,0.389603495597839,0.362018197774887,0.345337718725204,0.920145730863654,0.90855055625788,0.89123243407393,0.93166839830828,0.920145730863654,0.90855055625788,0.89123243407393,0.93166839830828,-3.32464937905387,-3.34293917168083,-3.39199401495645,-3.44214724741772,0.0675342788777537,0.053659105648921,0.110025770525614,0.121601266409602,0.12907187640667,0.0815485939383507,0.190907597541809,0.183209031820297,-0.00585929712124432,-0.00225068653434185,0.00725997464640877,0.00192337579857764,-1.7528947368421,-1.44047619047619,-0.844946808510638,-0.356844919786095,0.379571502342212,0.307834115346788,0.685296228428825,0.831651229306666,2.23693237752463,7.46753232249385,7.02017803790987,8.30641578653759,-0.00371178961672691,3.70408747967032e-4,0.0012418524353431,0.0024600393484779,-0.00330945175770152,-3.05310684032684e-4,0.00192920335386026,0.00199212884046502,-0.00749847691034167,-0.00274576002790485,-0.00201053549629866,-0.00495117551799834,-0.0021635152362828,-0.0032837449754829,-0.00324879983535234,-0.0039365764599304,-0.00200366302353028,-0.00428274154899546,-0.00368641689017639,-0.00328621687693173,-0.00249758696745387,-0.00201812112263805,-0.00289179418677263,-0.00420378101795344,-0.0502020328059981,-0.050558325159553,-0.046158479008662,-0.0550693509409734,0.00748537745251752,1.56012423459586e-5,0.00348028631237356,-0.00941931325369338,0.0148808651024778,0.0146892010331056,0.0162149323500996,0.0102338948751394,6.82976973008203e-5,-2.92860045026355e-4,-3.81530382615829e-4,7.76751915074753e-4,0.02634024453449531
2001-07-01,-0.162343111402758,80.981516317977,-71.3175914170067,36.7758064116542,153.181887588896,170.865680019688,-0.121310831206438,-0.0768149507050049,-0.00564210377169971,-0.0283579666434042,-0.123970004673175,-0.0795491520903596,-0.00838513039525879,-0.031071447018136,0.0120644393299998,0.0767406056789999,0.0253602713600001,0.0111248413760001,0.0460136678029999,0.0587531454499999,0.03638720159,0.00429142588999998,0.0442,0.0577,0.06,0.0569,0.014425,0.015,0.014225,0.014225,0.351518485915493,0.32542,0.304413407821229,0.321725731895223,0.0117,-0.00189999999999999,0.0012,0.00529999999999999,0.0086,0.0081,0.00729999999999999,0.0081,0.0339492284730001,-0.017987460229,0.0110269302299999,-0.00683341548600014,0.0126436781609194,0.0017271157167531,0.00754060324825967,0.00700934579439272,-0.0052134481194394,-0.00226174682514346,0.004468919426584,0.0071242105725142,0.0146090227236262,0.0141398717806739,0.00470468102471221,0.0154869274956386,0.0418051193103419,0.0429398578392345,0.0435735511761284,0.0439203269701527,-1.89447421120855,-1.70202297304022,-1.55459696779203,-1.59661148864789,-0.0358318098720293,-0.204998512347516,-0.0670897552130554,0.117464691698243,-0.0343308199499745,-0.0396112480279539,-0.00769238394748712,0.0950458173814712,0.0265881419181824,0.00931962579488754,0.0534372627735138,0.0480222329497337,0.421601533889771,0.428675174713135,0.389603495597839,0.362018197774887,0.873405925747792,0.920145730863654,0.90855055625788,0.89123243407393,0.842685051070632,0.920145730863654,0.90855055625788,0.89123243407393,-3.28780894797401,-3.32464937905387,-3.34293917168083,-3.39199401495645,0.0461934999733958,0.0675342788777537,0.053659105648921,0.110025770525614,0.178039446473122,0.12907187640667,0.0815485939383507,0.190907597541809,-0.015996875474536,-0.00585929712124432,-0.00225068653434185,0.00725997464640877,-1.06371727748691,-1.7528947368421,-1.44047619047619,-0.844946808510638,0.136244172456466,0.379571502342212,0.307834115346788,0.685296228428825,-1.12827318530856,2.23693237752463,7.46753232249385,7.02017803790987,-0.00405611791016042,-0.00371178961672691,3.70408747967032e-4,0.0012418524353431,-0.00350704647109143,-0.00330945175770152,-3.05310684032684e-4,0.00192920335386026,-0.00448374763882248,-0.00749847691034167,-0.00274576002790485,-0.00201053549629866,-0.00106795062367496,-0.0021635152362828,-0.0032837449754829,-0.00324879983535234,-0.00203654761630775,-0.00200366302353028,-0.00428274154899546,-0.00368641689017639,-0.00166823499008073,-0.00249758696745387,-0.00201812112263805,-0.00289179418677263,-0.0666035834968201,-0.0502020328059981,-0.050558325159553,-0.046158479008662,-0.00751130021653203,0.00748537745251752,1.56012423459586e-5,0.00348028631237356,0.00861322018875888,0.0148808651024778,0.0146892010331056,0.0162149323500996,4.18676811311779e-4,6.82976973008203e-5,-2.92860045026355e-4,-3.81530382615829e-4,0.026423454263237136
2001-10-01,0.0979668307963848,-112.999148833935,80.981516317977,-71.3175914170067,36.7758064116542,153.181887588896,0.0586235572590339,-0.121310831206438,-0.0768149507050049,-0.00564210377169971,0.0554551380122525,-0.123970004673175,-0.0795491520903596,-0.00838513039525879,-0.0194513943850001,0.0120644393299998,0.0767406056789999,0.0253602713600001,0.00573231072000002,0.0460136678029999,0.0587531454499999,0.03638720159,0.0349,0.0442,0.0577,0.06,0.01105,0.014425,0.015,0.014225,0.426365860288122,0.351518485915493,0.32542,0.304413407821229,0.0241,0.0117,-0.00189999999999999,0.0012,0.00789999999999999,0.0086,0.0081,0.00729999999999999,0.0251837051050001,0.0339492284730001,-0.017987460229,0.0110269302299999,0.0102156640181612,0.0126436781609194,0.0017271157167531,0.00754060324825967,0.00504076016962763,-0.0052134481194394,-0.00226174682514346,0.004468919426584,0.0114708568381812,0.0146090227236262,0.0141398717806739,0.00470468102471221,0.0402633829461787,0.0418051193103419,0.0429398578392345,0.0435735511761284,-1.79616928969919,-1.89447421120855,-1.70202297304022,-1.55459696779203,-0.0711518140190208,-0.0358318098720293,-0.204998512347516,-0.0670897552130554,-0.0401199619324498,-0.0343308199499745,-0.0396112480279539,-0.00769238394748712,0.0399294085800648,0.0265881419181824,0.00931962579488754,0.0534372627735138,0.423845529556274,0.421601533889771,0.428675174713135,0.389603495597839,0.926307470858852,0.873405925747792,0.920145730863654,0.90855055625788,0.895881422641683,0.842685051070632,0.920145730863654,0.90855055625788,-3.55644975394128,-3.28780894797401,-3.32464937905387,-3.34293917168083,0.0433047786895983,0.0461934999733958,0.0675342788777537,0.053659105648921,0.265809237957001,0.178039446473122,0.12907187640667,0.0815485939383507,-0.0161418259917422,-0.015996875474536,-0.00585929712124432,-0.00225068653434185,0.321822916666666,-1.06371727748691,-1.7528947368421,-1.44047619047619,0.00501020829567012,0.136244172456466,0.379571502342212,0.307834115346788,-7.47249806828183,-1.12827318530856,2.23693237752463,7.46753232249385,-4.72567150564889e-4,-0.00405611791016042,-0.00371178961672691,3.70408747967032e-4,-9.53563810177994e-4,-0.00350704647109143,-0.00330945175770152,-3.05310684032684e-4,-6.27238956692519e-4,-0.00448374763882248,-0.00749847691034167,-0.00274576002790485,-0.00275530231950159,-0.00106795062367496,-0.0021635152362828,-0.0032837449754829,-0.00270832141969652,-0.00203654761630775,-0.00200366302353028,-0.00428274154899546,-0.0115586477260123,-0.00166823499008073,-0.00249758696745387,-0.00201812112263805,-0.0637299164994235,-0.0666035834968201,-0.0502020328059981,-0.050558325159553,9.27440836598898e-4,-0.00751130021653203,0.00748537745251752,1.56012423459586e-5,0.00217805774628901,0.00861322018875888,0.0148808651024778,0.0146892010331056,0.00152278357357792,4.18676811311779e-4,6.82976973008203e-5,-2.92860045026355e-4,0.02506795661293788
2002-01-01,-6.01184089342586e-4,87.1806693166088,-112.999148833935,80.981516317977,-71.3175914170067,36.7758064116542,-0.146723047904226,0.0586235572590339,-0.121310831206438,-0.0768149507050049,-0.149805576240655,0.0554551380122525,-0.123970004673175,-0.0795491520903596,0.0675522539360001,-0.0194513943850001,0.0120644393299998,0.0767406056789999,0.0362687599680001,0.00573231072000002,0.0460136678029999,0.0587531454499999,0.0264,0.0349,0.0442,0.0577,0.008725,0.01105,0.014425,0.015,0.555845990815966,0.426365860288122,0.351518485915493,0.32542,0.0278,0.0241,0.0117,-0.00189999999999999,0.0086,0.00789999999999999,0.0086,0.0081,-0.031283493968,0.0251837051050001,0.0339492284730001,-0.017987460229,0.00168539325842709,0.0102156640181612,0.0126436781609194,0.0017271157167531,0.00865273887428187,0.00504076016962763,-0.0052134481194394,-0.00226174682514346,0.012288728321995,0.0114708568381812,0.0146090227236262,0.0141398717806739,0.0391892094434417,0.0402633829461787,0.0418051193103419,0.0429398578392345,-1.85493622814753,-1.79616928969919,-1.89447421120855,-1.70202297304022,-0.120450281425891,-0.0711518140190208,-0.0358318098720293,-0.204998512347516,-0.060006888476532,-0.0401199619324498,-0.0343308199499745,-0.0396112480279539,0.0945648476481438,0.0399294085800648,0.0265881419181824,0.00931962579488754,0.421916544437408,0.423845529556274,0.421601533889771,0.428675174713135,0.780351246083938,0.926307470858852,0.873405925747792,0.920145730863654,0.754719363165338,0.895881422641683,0.842685051070632,0.920145730863654,-3.65087975473945,-3.55644975394128,-3.28780894797401,-3.32464937905387,0.048727146184489,0.0433047786895983,0.0461934999733958,0.0675342788777537,0.278842508792877,0.265809237957001,0.178039446473122,0.12907187640667,-0.0240832325570119,-0.0161418259917422,-0.015996875474536,-0.00585929712124432,0.520155440414508,0.321822916666666,-1.06371727748691,-1.7528947368421,0.231891610214981,0.00501020829567012,0.136244172456466,0.379571502342212,-11.1566537867456,-7.47249806828183,-1.12827318530856,2.23693237752463,-0.001087750465369,-4.72567150564889e-4,-0.00405611791016042,-0.00371178961672691,-6.19863975949406e-4,-9.53563810177994e-4,-0.00350704647109143,-0.00330945175770152,-0.00655464029127535,-6.27238956692519e-4,-0.00448374763882248,-0.00749847691034167,-1.18776653663843e-4,-0.00275530231950159,-0.00106795062367496,-0.0021635152362828,-0.00115033866183394,-0.00270832141969652,-0.00203654761630775,-0.00200366302353028,-0.0100662476588313,-0.0115586477260123,-0.00166823499008073,-0.00249758696745387,-0.0328411506336092,-0.0637299164994235,-0.0666035834968201,-0.0502020328059981,0.00312147264096018,9.27440836598898e-4,-0.00751130021653203,0.00748537745251752,0.00210982801342235,0.00217805774628901,0.00861322018875888,0.0148808651024778,-0.00119279678774509,0.00152278357357792,4.18676811311779e-4,6.82976973008203e-5,0.025936771699837748
2002-04-01,-0.147732071255462,56.6239788730728,87.1806693166088,-112.999148833935,80.981516317977,-71.3175914170067,0.109821389653217,-0.146723047904226,0.0586235572590339,-0.121310831206438,0.105850065262654,-0.149805576240655,0.0554551380122525,-0.123970004673175,-0.021132636448,0.0675522539360001,-0.0194513943850001,0.0120644393299998,0.0148617340400001,0.0362687599680001,0.00573231072000002,0.0460136678029999,0.0169,0.0264,0.0349,0.0442,0.0066,0.008725,0.01105,0.014425,0.637505062778453,0.555845990815966,0.426365860288122,0.351518485915493,0.0406,0.0278,0.0241,0.0117,0.0128,0.0086,0.00789999999999999,0.0086,0.0359943704880001,-0.031283493968,0.0251837051050001,0.0339492284730001,-0.00897363993269784,0.00168539325842709,0.0102156640181612,0.0126436781609194,0.0134648260127588,0.00865273887428187,0.00504076016962763,-0.0052134481194394,0.00723708864335534,0.012288728321995,0.0114708568381812,0.0146090227236262,0.0375310552241582,0.0391892094434417,0.0402633829461787,0.0418051193103419,-1.76475786444602,-1.85493622814753,-1.79616928969919,-1.89447421120855,0.025693730729702,-0.120450281425891,-0.0711518140190208,-0.0358318098720293,-0.0623511410912465,-0.060006888476532,-0.0401199619324498,-0.0343308199499745,-0.00978337880223989,0.0945648476481438,0.0399294085800648,0.0265881419181824,0.44109109044075,0.421916544437408,0.423845529556274,0.421601533889771,0.883892283593463,0.780351246083938,0.926307470858852,0.873405925747792,0.854859429940169,0.754719363165338,0.895881422641683,0.842685051070632,-3.889094897395,-3.65087975473945,-3.55644975394128,-3.28780894797401,0.032308206259471,0.048727146184489,0.0433047786895983,0.0461934999733958,0.213865265250206,0.278842508792877,0.265809237957001,0.178039446473122,-0.024490629329143,-0.0240832325570119,-0.0161418259917422,-0.015996875474536,1.56747422680412,0.520155440414508,0.321822916666666,-1.06371727748691,0.257667467956421,0.231891610214981,0.00501020829567012,0.136244172456466,-9.29088084616835,-11.1566537867456,-7.47249806828183,-1.12827318530856,-0.00502984846316531,-0.001087750465369,-4.72567150564889e-4,-0.00405611791016042,-6.78181355433256e-4,-6.19863975949406e-4,-9.53563810177994e-4,-0.00350704647109143,-9.63636231633584e-4,-0.00655464029127535,-6.27238956692519e-4,-0.00448374763882248,-0.00260275504906888,-1.18776653663843e-4,-0.00275530231950159,-0.00106795062367496,-0.00184638755537383,-0.00115033866183394,-0.00270832141969652,-0.00203654761630775,-0.0132824854543971,-0.0100662476588313,-0.0115586477260123,-0.00166823499008073,-0.0587479818008624,-0.0328411506336092,-0.0637299164994235,-0.0666035834968201,-6.95279624822528e-4,0.00312147264096018,9.27440836598898e-4,-0.00751130021653203,0.00680683819479616,0.00210982801342235,0.00217805774628901,0.00861322018875888,0.00114638307636145,-0.00119279678774509,0.00152278357357792,4.18676811311779e-4,0.022825319998327605
2002-07-01,-0.193969127347998,-102.530823561881,56.6239788730728,87.1806693166088,-112.999148833935,80.981516317977,0.00278640869445068,0.109821389653217,-0.146723047904226,0.0586235572590339,-6.0149507965146e-4,0.105850065262654,-0.149805576240655,0.0554551380122525,-0.0192512993199998,-0.021132636448,0.0675522539360001,-0.0194513943850001,3.21038750000113e-4,0.0148617340400001,0.0362687599680001,0.00573231072000002,0.0179,0.0169,0.0264,0.0349,0.004225,0.0066,0.008725,0.01105,0.636842105263158,0.637505062778453,0.555845990815966,0.426365860288122,0.0425,0.0406,0.0278,0.0241,0.013,0.0128,0.0086,0.00789999999999999,0.0195723380699999,0.0359943704880001,-0.031283493968,0.0251837051050001,0.0118845500848899,-0.00897363993269784,0.00168539325842709,0.0102156640181612,0.0137594522428471,0.0134648260127588,0.00865273887428187,0.00504076016962763,0.00676654349906254,0.00723708864335534,0.012288728321995,0.0114708568381812,0.0361775347105036,0.0375310552241582,0.0391892094434417,0.0402633829461787,-1.8625488251849,-1.76475786444602,-1.85493622814753,-1.79616928969919,0.203397612488522,0.025693730729702,-0.120450281425891,-0.0711518140190208,-0.0379532341338481,-0.0623511410912465,-0.060006888476532,-0.0401199619324498,0.0375882647931576,-0.00978337880223989,0.0945648476481438,0.0399294085800648,0.442911684513092,0.44109109044075,0.421916544437408,0.423845529556274,0.917623338319551,0.883892283593463,0.780351246083938,0.926307470858852,0.887482534304418,0.854859429940169,0.754719363165338,0.895881422641683,-3.88989511472832,-3.889094897395,-3.65087975473945,-3.55644975394128,0.0272532034619506,0.032308206259471,0.048727146184489,0.0433047786895983,0.267917573451996,0.213865265250206,0.278842508792877,0.265809237957001,-0.0198041343901212,-0.024490629329143,-0.0240832325570119,-0.0161418259917422,2.0594358974359,1.56747422680412,0.520155440414508,0.321822916666666,0.259662576162109,0.257667467956421,0.231891610214981,0.00501020829567012,-5.81022532356727,-9.29088084616835,-11.1566537867456,-7.47249806828183,-0.00257792223262031,-0.00502984846316531,-0.001087750465369,-4.72567150564889e-4,-2.02442288092038e-4,-6.78181355433256e-4,-6.19863975949406e-4,-9.53563810177994e-4,9.03118663276408e-4,-9.63636231633584e-4,-0.00655464029127535,-6.27238956692519e-4,-0.00213629385528361,-0.00260275504906888,-1.18776653663843e-4,-0.00275530231950159,-0.001529415705743,-0.00184638755537383,-0.00115033866183394,-0.00270832141969652,-0.00953095824834531,-0.0132824854543971,-0.0100662476588313,-0.0115586477260123,0.0548139939715057,-0.0587479818008624,-0.0328411506336092,-0.0637299164994235,-0.00164089461466479,-6.95279624822528e-4,0.00312147264096018,9.27440836598898e-4,8.28960441063079e-5,0.00680683819479616,0.00210982801342235,0.00217805774628901,9.62911120128164e-4,0.00114638307636145,-0.00119279678774509,0.00152278357357792,0.01967475506852747
2002-10-01,0.0761734629255585,-198.223881054297,-102.530823561881,56.6239788730728,87.1806693166088,-112.999148833935,-0.134799258061722,0.00278640869445068,0.109821389653217,-0.146723047904226,-0.13815930542766,-6.0149507965146e-4,0.105850065262654,-0.149805576240655,0.0620574000499998,-0.0192512993199998,-0.021132636448,0.0675522539360001,0.0444551569970002,3.21038750000113e-4,0.0148617340400001,0.0362687599680001,0.017,0.0179,0.0169,0.0264,0.004475,0.004225,0.0066,0.008725,0.59981301421092,0.636842105263158,0.637505062778453,0.555845990815966,0.0396,0.0425,0.0406,0.0278,0.0132,0.013,0.0128,0.0086,-0.0176022430529996,0.0195723380699999,0.0359943704880001,-0.031283493968,0.00615212527964193,0.0118845500848899,-0.00897363993269784,0.00168539325842709,0.0275227647117822,0.0137594522428471,0.0134648260127588,0.00865273887428187,0.0101293348070532,0.00676654349906254,0.00723708864335534,0.012288728321995,0.0353741064464426,0.0361775347105036,0.0375310552241582,0.0391892094434417,-1.92376604894958,-1.8625488251849,-1.76475786444602,-1.85493622814753,0.05597162002365,0.203397612488522,0.025693730729702,-0.120450281425891,-0.0724144814413597,-0.0379532341338481,-0.0623511410912465,-0.060006888476532,0.0590240471065044,0.0375882647931576,-0.00978337880223989,0.0945648476481438,0.449799329042435,0.442911684513092,0.44109109044075,0.421916544437408,0.869115441574011,0.917623338319551,0.883892283593463,0.780351246083938,0.788473579243503,0.887482534304418,0.854859429940169,0.754719363165338,-3.6594757090258,-3.88989511472832,-3.889094897395,-3.65087975473945,0.0405864202950933,0.0272532034619506,0.032308206259471,0.048727146184489,0.310606747865677,0.267917573451996,0.213865265250206,0.278842508792877,-0.0173899772677352,-0.0198041343901212,-0.024490629329143,-0.0240832325570119,2.07892857142857,2.0594358974359,1.56747422680412,0.520155440414508,0.579439654023408,0.259662576162109,0.257667467956421,0.231891610214981,-2.44043407771084,-5.81022532356727,-9.29088084616835,-11.1566537867456,-0.00402980756591993,-0.00257792223262031,-0.00502984846316531,-0.001087750465369,-0.00212011549428925,-2.02442288092038e-4,-6.78181355433256e-4,-6.19863975949406e-4,-0.0044138634925614,9.03118663276408e-4,-9.63636231633584e-4,-0.00655464029127535,4.37208244942888e-4,-0.00213629385528361,-0.00260275504906888,-1.18776653663843e-4,-9.36630817554197e-4,-0.001529415705743,-0.00184638755537383,-0.00115033866183394,-0.00281801465831347,-0.00953095824834531,-0.0132824854543971,-0.0100662476588313,0.0341972934336905,0.0548139939715057,-0.0587479818008624,-0.0328411506336092,-0.00254490444889144,-0.00164089461466479,-6.95279624822528e-4,0.00312147264096018,2.62306822436839e-4,8.28960441063079e-5,0.00680683819479616,0.00210982801342235,9.19160371736279e-5,9.62911120128164e-4,0.00114638307636145,-0.00119279678774509,0.015492007039180992
2003-01-01,-0.0366244636774333,-26.6821014381862,-198.223881054297,-102.530823561881,56.6239788730728,87.1806693166088,-0.169063904881214,-0.134799258061722,0.00278640869445068,0.109821389653217,-0.172761339422022,-0.13815930542766,-6.0149507965146e-4,0.105850065262654,0.123062936864,0.0620574000499998,-0.0192512993199998,-0.021132636448,0.089840701039999707,0.0444551569970002,3.21038750000113e-4,0.0148617340400001,0.0163,0.017,0.0179,0.0169,0.00425,0.004475,0.004225,0.0066,0.525932090545939,0.59981301421092,0.636842105263158,0.637505062778453,0.0317,0.0396,0.0425,0.0406,0.0125,0.0132,0.013,0.0128,-0.0332222358240004,-0.0176022430529996,0.0195723380699999,0.0359943704880001,0.00611450806003333,0.00615212527964193,0.0118845500848899,-0.00897363993269784,0.0292992939654573,0.0275227647117822,0.0137594522428471,0.0134648260127588,0.0321181944489093,0.0101293348070532,0.00676654349906254,0.00723708864335534,0.0348970739351168,0.0353741064464426,0.0361775347105036,0.0375310552241582,-1.97355490423467,-1.92376604894958,-1.8625488251849,-1.76475786444602,0.0559199171556783,0.05597162002365,0.203397612488522,0.025693730729702,-0.0633660386542092,-0.0724144814413597,-0.0379532341338481,-0.0623511410912465,-0.06048284471035,0.0590240471065044,0.0375882647931576,-0.00978337880223989,0.456922858953476,0.449799329042435,0.442911684513092,0.44109109044075,0.713845936860911,0.869115441574011,0.917623338319551,0.883892283593463,0.64761093169143,0.788473579243503,0.887482534304418,0.854859429940169,-3.33898398252557,-3.6594757090258,-3.88989511472832,-3.889094897395,0.0384586858866438,0.0405864202950933,0.0272532034619506,0.032308206259471,0.483692675828934,0.310606747865677,0.267917573451996,0.213865265250206,-0.0167113348931042,-0.0173899772677352,-0.0198041343901212,-0.024490629329143,1.29837563451777,2.07892857142857,2.0594358974359,1.56747422680412,0.187881152751287,0.579439654023408,0.259662576162109,0.257667467956421,0.62407401334288,-2.44043407771084,-5.81022532356727,-9.29088084616835,-0.00768923420311172,-0.00402980756591993,-0.00257792223262031,-0.00502984846316531,-0.00689347376597081,-0.00212011549428925,-2.02442288092038e-4,-6.78181355433256e-4,-0.0114462462430278,-0.0044138634925614,9.03118663276408e-4,-9.63636231633584e-4,0.0024075225930243,4.37208244942888e-4,-0.00213629385528361,-0.00260275504906888,8.22924870868339e-4,-9.36630817554197e-4,-0.001529415705743,-0.00184638755537383,0.00499244110704055,-0.00281801465831347,-0.00953095824834531,-0.0132824854543971,0.0657081234794342,0.0341972934336905,0.0548139939715057,-0.0587479818008624,2.73884598765443e-4,-0.00254490444889144,-0.00164089461466479,-6.95279624822528e-4,0.00221164752101445,2.62306822436839e-4,8.28960441063079e-5,0.00680683819479616,2.71714923724213e-4,9.19160371736279e-5,9.62911120128164e-4,0.00114638307636145,0.021166752837795535
2003-04-01,0.138841903149619,-58.9954710642827,-26.6821014381862,-198.223881054297,-102.530823561881,56.6239788730728,0.0850204225485682,-0.169063904881214,-0.134799258061722,0.00278640869445068,0.0798847865002679,-0.172761339422022,-0.13815930542766,-6.0149507965146e-4,0.00736774507599991,0.123062936864,0.0620574000499998,-0.0192512993199998,0.0243796368,0.089840701039999707,0.0444551569970002,3.21038750000113e-4,0.0119,0.0163,0.017,0.0179,0.004075,0.00425,0.004475,0.004225,0.582602392171076,0.525932090545939,0.59981301421092,0.636842105263158,0.0365,0.0317,0.0396,0.0425,0.0124,0.0125,0.0132,0.013,0.0170118917240001,-0.0332222358240004,-0.0176022430529996,0.0195723380699999,-5.52486187845314e-4,0.00611450806003333,0.00615212527964193,0.0118845500848899,0.0257359780587953,0.0292992939654573,0.0275227647117822,0.0137594522428471,0.0186782486710449,0.0321181944489093,0.0101293348070532,0.00676654349906254,0.0340900801610018,0.0348970739351168,0.0353741064464426,0.0361775347105036,-1.74881586715553,-1.97355490423467,-1.92376604894958,-1.8625488251849,0.161518422032006,0.0559199171556783,0.05597162002365,0.203397612488522,-0.0460849532614659,-0.0633660386542092,-0.0724144814413597,-0.0379532341338481,0.0698799639940262,-0.06048284471035,0.0590240471065044,0.0375882647931576,0.470451861619949,0.456922858953476,0.449799329042435,0.442911684513092,0.784337932817752,0.713845936860911,0.869115441574011,0.917623338319551,0.711562247824359,0.64761093169143,0.788473579243503,0.887482534304418,-3.50177308596095,-3.33898398252557,-3.6594757090258,-3.88989511472832,0.0336527741724283,0.0384586858866438,0.0405864202950933,0.0272532034619506,0.383449256420135,0.483692675828934,0.310606747865677,0.267917573451996,-0.01805095161242,-0.0167113348931042,-0.0173899772677352,-0.0198041343901212,1.35181818181818,1.29837563451777,2.07892857142857,2.0594358974359,0.543992113508692,0.187881152751287,0.579439654023408,0.259662576162109,-3.20112936747886,0.62407401334288,-2.44043407771084,-5.81022532356727,-0.00429923855568214,-0.00768923420311172,-0.00402980756591993,-0.00257792223262031,-0.00347441660637172,-0.00689347376597081,-0.00212011549428925,-2.02442288092038e-4,-0.0064034455448603,-0.0114462462430278,-0.0044138634925614,9.03118663276408e-4,-5.64384413692134e-4,0.0024075225930243,4.37208244942888e-4,-0.00213629385528361,-4.77536957486777e-4,8.22924870868339e-4,-9.36630817554197e-4,-0.001529415705743,-0.00558632567990177,0.00499244110704055,-0.00281801465831347,-0.00953095824834531,-0.00148340570902831,0.0657081234794342,0.0341972934336905,0.0548139939715057,0.00379083745508292,2.73884598765443e-4,-0.00254490444889144,-0.00164089461466479,0.00624282443174034,0.00221164752101445,2.62306822436839e-4,8.28960441063079e-5,4.8653266658551e-4,2.71714923724213e-4,9.19160371736279e-5,9.62911120128164e-4,0.019778160272636444
2003-07-01,0.0217823560814222,91.8707430104488,-58.9954710642827,-26.6821014381862,-198.223881054297,-102.530823561881,-0.0315387316228424,0.0850204225485682,-0.169063904881214,-0.134799258061722,-0.0360380855348206,0.0798847865002679,-0.172761339422022,-0.13815930542766,0.00815491798999979,0.00736774507599991,0.123062936864,0.0620574000499998,0.0203269964799999,0.0243796368,0.089840701039999707,0.0444551569970002,0.0113,0.0119,0.0163,0.017,0.002975,0.004075,0.00425,0.004475,0.53509234828496,0.582602392171076,0.525932090545939,0.59981301421092,0.0377,0.0365,0.0317,0.0396,0.0106,0.0124,0.0125,0.0132,0.0121720784900001,0.0170118917240001,-0.0332222358240004,-0.0176022430529996,0.0182421227197345,-5.52486187845314e-4,0.00611450806003333,0.00615212527964193,0.024098596953969,0.0257359780587953,0.0292992939654573,0.0275227647117822,0.0138678120926481,0.0186782486710449,0.0321181944489093,0.0101293348070532,0.0339503012586651,0.0340900801610018,0.0348970739351168,0.0353741064464426,-1.7378831495229,-1.74881586715553,-1.97355490423467,-1.92376604894958,-0.152883569096844,0.161518422032006,0.0559199171556783,0.05597162002365,-0.0316120739858206,-0.0460849532614659,-0.0633660386542092,-0.0724144814413597,0.00493126781657338,0.0698799639940262,-0.06048284471035,0.0590240471065044,0.484492629766464,0.470451861619949,0.456922858953476,0.449799329042435,0.769826416213868,0.784337932817752,0.713845936860911,0.869115441574011,0.681749009210969,0.711562247824359,0.64761093169143,0.788473579243503,-3.36867743586089,-3.50177308596095,-3.33898398252557,-3.6594757090258,0.0237919402762439,0.0336527741724283,0.0384586858866438,0.0405864202950933,0.505463898181915,0.383449256420135,0.483692675828934,0.310606747865677,-0.0155067923423711,-0.01805095161242,-0.0167113348931042,-0.0173899772677352,1.42502512562814,1.35181818181818,1.29837563451777,2.07892857142857,0.56519183760854,0.543992113508692,0.187881152751287,0.579439654023408,0.596960463150296,-3.20112936747886,0.62407401334288,-2.44043407771084,-0.00696022726468349,-0.00429923855568214,-0.00768923420311172,-0.00402980756591993,-0.00794748337973068,-0.00347441660637172,-0.00689347376597081,-0.00212011549428925,-0.00474540942321596,-0.0064034455448603,-0.0114462462430278,-0.0044138634925614,3.26456810707984e-4,-5.64384413692134e-4,0.0024075225930243,4.37208244942888e-4,0.00135781909136843,-4.77536957486777e-4,8.22924870868339e-4,-9.36630817554197e-4,3.49289803275471e-4,-0.00558632567990177,0.00499244110704055,-0.00281801465831347,-0.00832852607046818,-0.00148340570902831,0.0657081234794342,0.0341972934336905,0.00975746346357281,0.00379083745508292,2.73884598765443e-4,-0.00254490444889144,0.00130852882421805,0.00624282443174034,0.00221164752101445,2.62306822436839e-4,9.96016143581007e-6,4.8653266658551e-4,2.71714923724213e-4,9.19160371736279e-5,0.021177219311759667
2003-10-01,0.110126393127463,60.8311514832736,91.8707430104488,-58.9954710642827,-26.6821014381862,-198.223881054297,0.155048585016679,-0.0315387316228424,0.0850204225485682,-0.169063904881214,0.150073915334244,-0.0360380855348206,0.0798847865002679,-0.172761339422022,0.0535257808639999,0.00815491798999979,0.00736774507599991,0.123062936864,0.0557621661629999,0.0203269964799999,0.0243796368,0.089840701039999707,0.0092,0.0113,0.0119,0.0163,0.002825,0.002975,0.004075,0.00425,0.467872648335745,0.53509234828496,0.582602392171076,0.525932090545939,0.0353,0.0377,0.0365,0.0317,0.0122,0.0106,0.0124,0.0125,0.00223638529899994,0.0121720784900001,0.0170118917240001,-0.0332222358240004,-0.00271444082519001,0.0182421227197345,-5.52486187845314e-4,0.00611450806003333,0.00126188712810207,0.024098596953969,0.0257359780587953,0.0292992939654573,0.00729082993626105,0.0138678120926481,0.0186782486710449,0.0321181944489093,0.0345798748643213,0.0339503012586651,0.0340900801610018,0.0348970739351168,-1.88241554902334,-1.7378831495229,-1.74881586715553,-1.97355490423467,0.0199594046008118,-0.152883569096844,0.161518422032006,0.0559199171556783,-0.0214504085029856,-0.0316120739858206,-0.0460849532614659,-0.0633660386542092,-0.010739556513726701,0.00493126781657338,0.0698799639940262,-0.06048284471035,0.440155982971191,0.484492629766464,0.470451861619949,0.456922858953476,0.957987099525561,0.769826416213868,0.784337932817752,0.713845936860911,0.766480877729042,0.681749009210969,0.711562247824359,0.64761093169143,-3.37228479459211,-3.36867743586089,-3.50177308596095,-3.33898398252557,0.0331605067781095,0.0237919402762439,0.0336527741724283,0.0384586858866438,0.36818939447403,0.505463898181915,0.383449256420135,0.483692675828934,-0.0102765371300108,-0.0155067923423711,-0.01805095161242,-0.0167113348931042,1.2379,1.42502512562814,1.35181818181818,1.29837563451777,0.396632798776503,0.56519183760854,0.543992113508692,0.187881152751287,3.77532496589236,0.596960463150296,-3.20112936747886,0.62407401334288,-0.0141661787466903,-0.00696022726468349,-0.00429923855568214,-0.00768923420311172,-0.0127088385804007,-0.00794748337973068,-0.00347441660637172,-0.00689347376597081,-0.0089304473076812,-0.00474540942321596,-0.0064034455448603,-0.0114462462430278,-0.00276958069567268,3.26456810707984e-4,-5.64384413692134e-4,0.0024075225930243,-0.00236261095292527,0.00135781909136843,-4.77536957486777e-4,8.22924870868339e-4,-0.00197208784897289,3.49289803275471e-4,-0.00558632567990177,0.00499244110704055,-0.0383938015451884,-0.00832852607046818,-0.00148340570902831,0.0657081234794342,-8.89440489743834e-4,0.00975746346357281,0.00379083745508292,2.73884598765443e-4,0.00399714796633425,0.00130852882421805,0.00624282443174034,0.00221164752101445,-2.68439553782897e-4,9.96016143581007e-6,4.8653266658551e-4,2.71714923724213e-4,0.021637433457660435
2004-01-01,0.0127697624221039,157.205594587895,60.8311514832736,91.8707430104488,-58.9954710642827,-26.6821014381862,0.0267366914052813,0.155048585016679,-0.0315387316228424,0.0850204225485682,0.0222877998708053,0.150073915334244,-0.0360380855348206,0.0798847865002679,-0.0331744845520001,0.0535257808639999,0.00815491798999979,0.00736774507599991,-0.0212562983169999,0.0557621661629999,0.0203269964799999,0.0243796368,0.0094,0.0092,0.0113,0.0119,0.0023,0.002825,0.002975,0.004075,0.429911871435977,0.467872648335745,0.53509234828496,0.582602392171076,0.0429,0.0353,0.0377,0.0365,0.0107,0.0122,0.0106,0.0124,0.0119181862350002,0.00223638529899994,0.0121720784900001,0.0170118917240001,0.00816548720740329,-0.00271444082519001,0.0182421227197345,-5.52486187845314e-4,0.00732340625578626,0.00126188712810207,0.024098596953969,0.0257359780587953,0.00488116050338392,0.00729082993626105,0.0138678120926481,0.0186782486710449,0.0349779074481047,0.0345798748643213,0.0339503012586651,0.0340900801610018,-1.80361734867176,-1.88241554902334,-1.7378831495229,-1.74881586715553,-0.0809193954659949,0.0199594046008118,-0.152883569096844,0.161518422032006,-0.0188650846867875,-0.0214504085029856,-0.0316120739858206,-0.0460849532614659,0.0261936541646719,-0.010739556513726701,0.00493126781657338,0.0698799639940262,0.415792763233185,0.440155982971191,0.484492629766464,0.470451861619949,0.960237619744221,0.957987099525561,0.769826416213868,0.784337932817752,0.79118620009588,0.766480877729042,0.681749009210969,0.711562247824359,-3.29279663198487,-3.37228479459211,-3.36867743586089,-3.50177308596095,0.0305595779136256,0.0331605067781095,0.0237919402762439,0.0336527741724283,0.320189595222473,0.36818939447403,0.505463898181915,0.383449256420135,2.72575433824842e-4,-0.0102765371300108,-0.0155067923423711,-0.01805095161242,1.95174129353234,1.2379,1.42502512562814,1.35181818181818,0.80827133818957,0.396632798776503,0.56519183760854,0.543992113508692,5.54896901695623,3.77532496589236,0.596960463150296,-3.20112936747886,-0.00138889581101222,-0.0141661787466903,-0.00696022726468349,-0.00429923855568214,-0.00205835338573957,-0.0127088385804007,-0.00794748337973068,-0.00347441660637172,0.00145271038719575,-0.0089304473076812,-0.00474540942321596,-0.0064034455448603,-0.00163654859925331,-0.00276958069567268,3.26456810707984e-4,-5.64384413692134e-4,-0.00178264950155691,-0.00236261095292527,0.00135781909136843,-4.77536957486777e-4,9.71419123147461e-4,-0.00197208784897289,3.49289803275471e-4,-0.00558632567990177,-0.0319282779544708,-0.0383938015451884,-0.00832852607046818,-0.00148340570902831,0.00252121130153169,-8.89440489743834e-4,0.00975746346357281,0.00379083745508292,-0.00176942759884833,0.00399714796633425,0.00130852882421805,0.00624282443174034,4.53965524063966e-4,-2.68439553782897e-4,9.96016143581007e-6,4.8653266658551e-4,0.023120501964857144
2004-04-01,0.0129068199603327,107.967824552621,157.205594587895,60.8311514832736,91.8707430104488,-58.9954710642827,0.120496395047471,0.0267366914052813,0.155048585016679,-0.0315387316228424,0.115199453166053,0.0222877998708053,0.150073915334244,-0.0360380855348206,-0.017453427901,-0.0331744845520001,0.0535257808639999,0.00815491798999979,-0.00151691728399983,-0.0212562983169999,0.0557621661629999,0.0203269964799999,0.009,0.0094,0.0092,0.0113,0.00235,0.0023,0.002825,0.002975,0.356688551497743,0.429911871435977,0.467872648335745,0.53509234828496,0.0425,0.0429,0.0353,0.0377,0.0098,0.0107,0.0122,0.0106,0.0159365106170002,0.0119181862350002,0.00223638529899994,0.0121720784900001,-0.00485961123110135,0.00816548720740329,-0.00271444082519001,0.0182421227197345,0.00694631137132979,0.00732340625578626,0.00126188712810207,0.024098596953969,0.00322097572326074,0.00488116050338392,0.00729082993626105,0.0138678120926481,0.0350678660226623,0.0349779074481047,0.0345798748643213,0.0339503012586651,-1.84834600360911,-1.80361734867176,-1.88241554902334,-1.7378831495229,0.0718760303330037,-0.0809193954659949,0.0199594046008118,-0.152883569096844,-8.53568933456469e-4,-0.0188650846867875,-0.0214504085029856,-0.0316120739858206,0.0138054955750704,0.0261936541646719,-0.010739556513726701,0.00493126781657338,0.41327303647995,0.415792763233185,0.440155982971191,0.484492629766464,1,0.960237619744221,0.957987099525561,0.769826416213868,0.891745955379946,0.79118620009588,0.766480877729042,0.681749009210969,-3.16915698439285,-3.29279663198487,-3.37228479459211,-3.36867743586089,0.0231877447339044,0.0305595779136256,0.0331605067781095,0.0237919402762439,0.244238346815109,0.320189595222473,0.36818939447403,0.505463898181915,0.00473879257109147,2.72575433824842e-4,-0.0102765371300108,-0.0155067923423711,2.01207920792079,1.95174129353234,1.2379,1.42502512562814,1.38002182966813,0.80827133818957,0.396632798776503,0.56519183760854,13.1453664782414,5.54896901695623,3.77532496589236,0.596960463150296,-0.00456918490149535,-0.00138889581101222,-0.0141661787466903,-0.00696022726468349,-0.00552357663667558,-0.00205835338573957,-0.0127088385804007,-0.00794748337973068,-0.00241448397603334,0.00145271038719575,-0.0089304473076812,-0.00474540942321596,-0.00248947583045378,-0.00163654859925331,-0.00276958069567268,3.26456810707984e-4,-0.00152185094833229,-0.00178264950155691,-0.00236261095292527,0.00135781909136843,0.00424408149730143,9.71419123147461e-4,-0.00197208784897289,3.49289803275471e-4,-0.0531815236967849,-0.0319282779544708,-0.0383938015451884,-0.00832852607046818,-4.61701152024437e-4,0.00252121130153169,-8.89440489743834e-4,0.00975746346357281,-0.00380597146533586,-0.00176942759884833,0.00399714796633425,0.00130852882421805,-1.34170579231924e-4,4.53965524063966e-4,-2.68439553782897e-4,9.96016143581007e-6,0.022334645182532625
2004-07-01,-0.02328718084141,98.4583966189539,107.967824552621,157.205594587895,60.8311514832736,91.8707430104488,0.0182680513315376,0.120496395047471,0.0267366914052813,0.155048585016679,0.0141655413275645,0.115199453166053,0.0222877998708053,0.150073915334244,0.0568241344099998,-0.017453427901,-0.0331744845520001,0.0535257808639999,0.0490674877480002,-0.00151691728399983,-0.0212562983169999,0.0557621661629999,0.0094,0.009,0.0094,0.0092,0.00225,0.00235,0.0023,0.002825,0.346615384615385,0.356688551497743,0.429911871435977,0.467872648335745,0.038,0.0425,0.0429,0.0353,0.0078,0.0098,0.0107,0.0122,-0.0077566466619996,0.0159365106170002,0.0119181862350002,0.00223638529899994,0.0168204015192621,-0.00485961123110135,0.00816548720740329,-0.00271444082519001,0.0122820386265798,0.00694631137132979,0.00732340625578626,0.00126188712810207,0.00357079380512192,0.00322097572326074,0.00488116050338392,0.00729082993626105,0.0343751743233368,0.0350678660226623,0.0349779074481047,0.0345798748643213,-2.03909901613756,-1.84834600360911,-1.80361734867176,-1.88241554902334,-0.00914634146341464,0.0718760303330037,-0.0809193954659949,0.0199594046008118,0.0102848570395641,-8.53568933456469e-4,-0.0188650846867875,-0.0214504085029856,0.0388035252690315,0.0138054955750704,0.0261936541646719,-0.010739556513726701,0.427556365728378,0.41327303647995,0.415792763233185,0.440155982971191,0.964610670814048,1,0.960237619744221,0.957987099525561,0.883538144737942,0.891745955379946,0.79118620009588,0.766480877729042,-3.11295433394445,-3.16915698439285,-3.29279663198487,-3.37228479459211,0.0225766187745033,0.0231877447339044,0.0305595779136256,0.0331605067781095,0.279831200838089,0.244238346815109,0.320189595222473,0.36818939447403,0.00349475490023297,0.00473879257109147,2.72575433824842e-4,-0.0102765371300108,1.73216748768473,2.01207920792079,1.95174129353234,1.2379,1.55268799199994,1.38002182966813,0.80827133818957,0.396632798776503,10.5733531646207,13.1453664782414,5.54896901695623,3.77532496589236,-0.00703437528385946,-0.00456918490149535,-0.00138889581101222,-0.0141661787466903,-0.00942214002015353,-0.00552357663667558,-0.00205835338573957,-0.0127088385804007,-0.0065939081887057,-0.00241448397603334,0.00145271038719575,-0.0089304473076812,-0.00154223253945265,-0.00248947583045378,-0.00163654859925331,-0.00276958069567268,-0.00211799969238081,-0.00152185094833229,-0.00178264950155691,-0.00236261095292527,0.00352467688966954,0.00424408149730143,9.71419123147461e-4,-0.00197208784897289,0.0255254406693829,-0.0531815236967849,-0.0319282779544708,-0.0383938015451884,0.00715213534371498,-4.61701152024437e-4,0.00252121130153169,-8.89440489743834e-4,-0.00259201300694102,-0.00380597146533586,-0.00176942759884833,0.00399714796633425,-3.35581863074056e-4,-1.34170579231924e-4,4.53965524063966e-4,-2.68439553782897e-4,0.02129219374063958
2004-10-01,0.083728226532539,54.4956620605573,98.4583966189539,107.967824552621,157.205594587895,60.8311514832736,0.0172783674831798,0.0182680513315376,0.120496395047471,0.0267366914052813,0.0130347491928362,0.0141655413275645,0.115199453166053,0.0222877998708053,-0.0522696814519999,0.0568241344099998,-0.017453427901,-0.0331744845520001,-0.0513799839979999,0.0490674877480002,-0.00151691728399983,-0.0212562983169999,0.0127,0.0094,0.009,0.0094,0.00235,0.00225,0.00235,0.0023,0.331291184327694,0.346615384615385,0.356688551497743,0.429911871435977,0.0405,0.038,0.0425,0.0429,0.0077,0.0078,0.0098,0.0107,8.89697454000027e-4,-0.0077566466619996,0.0159365106170002,0.0119181862350002,0.0122732123799358,0.0168204015192621,-0.00485961123110135,0.00816548720740329,0.014491426386878,0.0122820386265798,0.00694631137132979,0.00732340625578626,0.00297932335485022,0.00357079380512192,0.00322097572326074,0.00488116050338392,0.034907592010011,0.0343751743233368,0.0350678660226623,0.0349779074481047,-1.875967085368,-2.03909901613756,-1.84834600360911,-1.80361734867176,-0.0746867167919799,-0.00914634146341464,0.0718760303330037,-0.0809193954659949,-0.00784995298482918,0.0102848570395641,-8.53568933456469e-4,-0.0188650846867875,0.0105415293946862,0.0388035252690315,0.0138054955750704,0.0261936541646719,0.408300191164017,0.427556365728378,0.41327303647995,0.415792763233185,0.97185430771953,0.964610670814048,1,0.960237619744221,0.890172976495737,0.883538144737942,0.891745955379946,0.79118620009588,-3.05770885477145,-3.11295433394445,-3.16915698439285,-3.29279663198487,0.0265122944189792,0.0225766187745033,0.0231877447339044,0.0305595779136256,0.276379287242889,0.279831200838089,0.244238346815109,0.320189595222473,0.00407625165315324,0.00349475490023297,0.00473879257109147,2.72575433824842e-4,2.14367647058824,1.73216748768473,2.01207920792079,1.95174129353234,1.67273445857284,1.55268799199994,1.38002182966813,0.80827133818957,11.4311816785995,10.5733531646207,13.1453664782414,5.54896901695623,0.00146027354295324,-0.00703437528385946,-0.00456918490149535,-0.00138889581101222,1.28863460998406e-4,-0.00942214002015353,-0.00552357663667558,-0.00205835338573957,0.00122050185344334,-0.0065939081887057,-0.00241448397603334,0.00145271038719575,-0.00126035474470986,-0.00154223253945265,-0.00248947583045378,-0.00163654859925331,-8.79334826178873e-4,-0.00211799969238081,-0.00152185094833229,-0.00178264950155691,0.00450262733366061,0.00352467688966954,0.00424408149730143,9.71419123147461e-4,-0.00376190132232493,0.0255254406693829,-0.0531815236967849,-0.0319282779544708,-5.40493443630128e-4,0.00715213534371498,-4.61701152024437e-4,0.00252121130153169,-0.00793900778281253,-0.00259201300694102,-0.00380597146533586,-0.00176942759884833,-3.39410351381046e-4,-3.35581863074056e-4,-1.34170579231924e-4,4.53965524063966e-4,0.019345521700424726
2005-01-01,-0.0261915653487068,156.861667833338,54.4956620605573,98.4583966189539,107.967824552621,157.205594587895,-0.0187720960332324,0.0172783674831798,0.0182680513315376,0.120496395047471,-0.0231144777619089,0.0130347491928362,0.0141655413275645,0.115199453166053,0.0657461276000002,-0.0522696814519999,0.0568241344099998,-0.017453427901,0.0693189306800002,-0.0513799839979999,0.0490674877480002,-0.00151691728399983,0.0165,0.0127,0.0094,0.009,0.003175,0.00235,0.00225,0.00235,0.33171196122555,0.331291184327694,0.346615384615385,0.356688551497743,0.0323,0.0405,0.038,0.0425,0.00809999999999999,0.0077,0.0078,0.0098,0.00357280307999996,8.89697454000027e-4,-0.0077566466619996,0.0159365106170002,0.0010542962572484,0.0122732123799358,0.0168204015192621,-0.00485961123110135,0.00913224599802482,0.014491426386878,0.0122820386265798,0.00694631137132979,0.00292562950738417,0.00297932335485022,0.00357079380512192,0.00322097572326074,0.0355529182823236,0.034907592010011,0.0343751743233368,0.0350678660226623,-1.88294904815685,-1.875967085368,-2.03909901613756,-1.84834600360911,0.17357328913095,-0.0746867167919799,-0.00914634146341464,0.0718760303330037,-0.00893346564967666,-0.00784995298482918,0.0102848570395641,-8.53568933456469e-4,0.0040799924172461,0.0105415293946862,0.0388035252690315,0.0138054955750704,0.428927659988403,0.408300191164017,0.427556365728378,0.41327303647995,0.938773666613893,0.97185430771953,0.964610670814048,1,0.859872660364515,0.890172976495737,0.883538144737942,0.891745955379946,-3.00023325407807,-3.05770885477145,-3.11295433394445,-3.16915698439285,0.021112250767031,0.0265122944189792,0.0225766187745033,0.0231877447339044,0.262614876031876,0.276379287242889,0.279831200838089,0.244238346815109,0.00582631595259476,0.00407625165315324,0.00349475490023297,0.00473879257109147,1.42321951219512,2.14367647058824,1.73216748768473,2.01207920792079,1.78760217709399,1.67273445857284,1.55268799199994,1.38002182966813,9.68861473535358,11.4311816785995,10.5733531646207,13.1453664782414,-0.00686508556343473,0.00146027354295324,-0.00703437528385946,-0.00456918490149535,-0.00741971274171638,1.28863460998406e-4,-0.00942214002015353,-0.00552357663667558,-0.00554296293620745,0.00122050185344334,-0.0065939081887057,-0.00241448397603334,-4.81377307995013e-4,-0.00126035474470986,-0.00154223253945265,-0.00248947583045378,-4.426017694519e-4,-8.79334826178873e-4,-0.00211799969238081,-0.00152185094833229,0.0048251124996214,0.00450262733366061,0.00352467688966954,0.00424408149730143,0.00143531015800219,-0.00376190132232493,0.0255254406693829,-0.0531815236967849,-5.42099275249811e-4,-5.40493443630128e-4,0.00715213534371498,-4.61701152024437e-4,-0.00363633947879746,-0.00793900778281253,-0.00259201300694102,-0.00380597146533586,-9.55057650693081e-4,-3.39410351381046e-4,-3.35581863074056e-4,-1.34170579231924e-4,0.020539343299407847
2005-04-01,0.00905601656053738,74.9335712314778,156.861667833338,54.4956620605573,98.4583966189539,107.967824552621,0.0917670927127225,-0.0187720960332324,0.0172783674831798,0.0182680513315376,0.0834408456683671,-0.0231144777619089,0.0130347491928362,0.0141655413275645,0.016430631,0.0657461276000002,-0.0522696814519999,0.0568241344099998,0.0216710503999999,0.0693189306800002,-0.0513799839979999,0.0490674877480002,0.0219,0.0165,0.0127,0.0094,0.004125,0.003175,0.00235,0.00225,0.332058070025619,0.33171196122555,0.331291184327694,0.346615384615385,0.0265,0.0323,0.0405,0.038,0.00680000000000001,0.00809999999999999,0.0077,0.0078,0.00524041939999997,0.00357280307999996,8.89697454000027e-4,-0.0077566466619996,0.00210637177461814,0.0010542962572484,0.0122732123799358,0.0168204015192621,0.0130015114080652,0.00913224599802482,0.014491426386878,0.0122820386265798,0.0028157442757336,0.00292562950738417,0.00297932335485022,0.00357079380512192,0.0359040882874041,0.0355529182823236,0.034907592010011,0.0343751743233368,-1.81044935118385,-1.88294904815685,-1.875967085368,-2.03909901613756,-0.117982099267697,0.17357328913095,-0.0746867167919799,-0.00914634146341464,-0.0141163848889181,-0.00893346564967666,-0.00784995298482918,0.0102848570395641,0.0413477122783661,0.0040799924172461,0.0105415293946862,0.0388035252690315,0.44466096162796,0.428927659988403,0.408300191164017,0.427556365728378,0.993410130691858,0.938773666613893,0.97185430771953,0.964610670814048,0.919818169100348,0.859872660364515,0.890172976495737,0.883538144737942,-3.07150987756948,-3.00023325407807,-3.05770885477145,-3.11295433394445,0.0199624741565268,0.021112250767031,0.0265122944189792,0.0225766187745033,0.257245540618896,0.262614876031876,0.276379287242889,0.279831200838089,0.00766209359121979,0.00582631595259476,0.00407625165315324,0.00349475490023297,0.766310679611651,1.42321951219512,2.14367647058824,1.73216748768473,1.62134926818026,1.78760217709399,1.67273445857284,1.55268799199994,8.36922333767741,9.68861473535358,11.4311816785995,10.5733531646207,-0.00450713771904848,-0.00686508556343473,0.00146027354295324,-0.00703437528385946,-0.00637920045603425,-0.00741971274171638,1.28863460998406e-4,-0.00942214002015353,-0.00417164152541039,-0.00554296293620745,0.00122050185344334,-0.0065939081887057,-0.00207777776045283,-4.81377307995013e-4,-0.00126035474470986,-0.00154223253945265,-0.00165759549453,-4.426017694519e-4,-8.79334826178873e-4,-0.00211799969238081,-8.28674767026144e-4,0.0048251124996214,0.00450262733366061,0.00352467688966954,-0.0246779263687247,0.00143531015800219,-0.00376190132232493,0.0255254406693829,0.00985239262460187,-5.42099275249811e-4,-5.40493443630128e-4,0.00715213534371498,0.00405316979064931,-0.00363633947879746,-0.00793900778281253,-0.00259201300694102,-8.67300910698088e-4,-9.55057650693081e-4,-3.39410351381046e-4,-3.35581863074056e-4,0.020750007684202577
2005-07-01,0.0309758913192287,87.0018535122327,74.9335712314778,156.861667833338,54.4956620605573,98.4583966189539,-0.0203611722967244,0.0917670927127225,-0.0187720960332324,0.0172783674831798,-0.0248173962397407,0.0834408456683671,-0.0231144777619089,0.0130347491928362,0.00949492480000003,0.016430631,0.0657461276000002,-0.0522696814519999,0.00348738800000015,0.0216710503999999,0.0693189306800002,-0.0513799839979999,0.0274,0.0219,0.0165,0.0127,0.005475,0.004125,0.003175,0.00235,0.335851876453006,0.332058070025619,0.33171196122555,0.331291184327694,0.0214,0.0265,0.0323,0.0405,0.00659999999999999,0.00680000000000001,0.00809999999999999,0.0077,-0.00600753679999988,0.00524041939999997,0.00357280307999996,8.89697454000027e-4,0.0157645822385706,0.00210637177461814,0.0010542962572484,0.0122732123799358,0.00909722729460881,0.0130015114080652,0.00913224599802482,0.014491426386878,0.00251574346870867,0.0028157442757336,0.00292562950738417,0.00297932335485022,0.0360325387641184,0.0359040882874041,0.0355529182823236,0.034907592010011,-1.85488235575977,-1.81044935118385,-1.88294904815685,-1.875967085368,0.068792270531401,-0.117982099267697,0.17357328913095,-0.0746867167919799,-0.0455061964133904,-0.0141163848889181,-0.00893346564967666,-0.00784995298482918,0.0710414573550224,0.0413477122783661,0.0040799924172461,0.0105415293946862,0.454307079315186,0.44466096162796,0.428927659988403,0.408300191164017,0.960076047365078,0.993410130691858,0.938773666613893,0.97185430771953,0.895997434099521,0.919818169100348,0.859872660364515,0.890172976495737,-3.01978195486455,-3.07150987756948,-3.00023325407807,-3.05770885477145,0.0194365006595606,0.0199624741565268,0.021112250767031,0.0265122944189792,0.263571590185165,0.257245540618896,0.262614876031876,0.276379287242889,0.00966366125620456,0.00766209359121979,0.00582631595259476,0.00407625165315324,0.362608695652174,0.766310679611651,1.42321951219512,2.14367647058824,2.09407240021345,1.62134926818026,1.78760217709399,1.67273445857284,8.65645967082178,8.36922333767741,9.68861473535358,11.4311816785995,-0.00472491208642124,-0.00450713771904848,-0.00686508556343473,0.00146027354295324,-0.00608466121481618,-0.00637920045603425,-0.00741971274171638,1.28863460998406e-4,-0.00317304217824032,-0.00417164152541039,-0.00554296293620745,0.00122050185344334,-5.14914773535162e-4,-0.00207777776045283,-4.81377307995013e-4,-0.00126035474470986,-0.00112828228903541,-0.00165759549453,-4.426017694519e-4,-8.79334826178873e-4,0.00280606431574657,-8.28674767026144e-4,0.0048251124996214,0.00450262733366061,0.0313694407601263,-0.0246779263687247,0.00143531015800219,-0.00376190132232493,0.00824197945460252,0.00985239262460187,-5.42099275249811e-4,-5.40493443630128e-4,-0.00287333449312546,0.00405316979064931,-0.00363633947879746,-0.00793900778281253,-7.79756741606591e-4,-8.67300910698088e-4,-9.55057650693081e-4,-3.39410351381046e-4,0.020037279304997532
2005-10-01,0.0157283933489735,115.019012022785,87.0018535122327,74.9335712314778,156.861667833338,54.4956620605573,0.0142008796368318,-0.0203611722967244,0.0917670927127225,-0.0187720960332324,0.009614905111752,-0.0248173962397407,0.0834408456683671,-0.0231144777619089,0.085945210427,0.00949492480000003,0.016430631,0.0657461276000002,0.078155271565,0.00348738800000015,0.0216710503999999,0.0693189306800002,0.0297,0.0274,0.0219,0.0165,0.00685,0.005475,0.004125,0.003175,0.330777742649384,0.335851876453006,0.332058070025619,0.33171196122555,0.0132,0.0214,0.0265,0.0323,0.00900000000000001,0.00659999999999999,0.00680000000000001,0.00809999999999999,-0.00778993886199997,-0.00600753679999988,0.00524041939999997,0.00357280307999996,0.00620796689084324,0.0157645822385706,0.00210637177461814,0.0010542962572484,0.00536565832934459,0.00909722729460881,0.0130015114080652,0.00913224599802482,0.0032274284035397,0.00251574346870867,0.0028157442757336,0.00292562950738417,0.0362154312553072,0.0360325387641184,0.0359040882874041,0.0355529182823236,-1.79900803741516,-1.85488235575977,-1.81044935118385,-1.88294904815685,0.0873655913978495,0.068792270531401,-0.117982099267697,0.17357328913095,0.0482755837041849,-0.0455061964133904,-0.0141163848889181,-0.00893346564967666,0.00341817713342607,0.0710414573550224,0.0413477122783661,0.0040799924172461,0.439111948013306,0.454307079315186,0.44466096162796,0.428927659988403,0.939163935999561,0.960076047365078,0.993410130691858,0.938773666613893,0.876481065394635,0.895997434099521,0.919818169100348,0.859872660364515,-2.97479310433768,-3.01978195486455,-3.07150987756948,-3.00023325407807,0.0220856739232562,0.0194365006595606,0.0199624741565268,0.021112250767031,0.300176024436951,0.263571590185165,0.257245540618896,0.262614876031876,0.00615647416004208,0.00966366125620456,0.00766209359121979,0.00582631595259476,-0.0991346153846151,0.362608695652174,0.766310679611651,1.42321951219512,2.26104014559447,2.09407240021345,1.62134926818026,1.78760217709399,10.106109728024,8.65645967082178,8.36922333767741,9.68861473535358,-0.00849263134669003,-0.00472491208642124,-0.00450713771904848,-0.00686508556343473,-0.00713704483882758,-0.00608466121481618,-0.00637920045603425,-0.00741971274171638,-0.00900818685257023,-0.00317304217824032,-0.00417164152541039,-0.00554296293620745,-5.24336913181832e-4,-5.14914773535162e-4,-0.00207777776045283,-4.81377307995013e-4,-4.40157168911728e-4,-0.00112828228903541,-0.00165759549453,-4.426017694519e-4,0.00349272309079118,0.00280606431574657,-8.28674767026144e-4,0.0048251124996214,0.0147118583403508,0.0313694407601263,-0.0246779263687247,0.00143531015800219,0.00923496435062342,0.00824197945460252,0.00985239262460187,-5.42099275249811e-4,-0.00262667652982145,-0.00287333449312546,0.00405316979064931,-0.00363633947879746,-8.05426487674453e-4,-7.79756741606591e-4,-8.67300910698088e-4,-9.55057650693081e-4,0.023167550218067462
2006-01-01,0.0366047976550601,110.898247071428,115.019012022785,87.0018535122327,74.9335712314778,156.861667833338,0.0361545521954614,0.0142008796368318,-0.0203611722967244,0.0917670927127225,0.0315760009592354,0.009614905111752,-0.0248173962397407,0.0834408456683671,-0.030378724448,0.085945210427,0.00949492480000003,0.016430631,-0.0326167958799999,0.078155271565,0.00348738800000015,0.0216710503999999,0.0342,0.0297,0.0274,0.0219,0.007425,0.00685,0.005475,0.004125,0.323017902813299,0.330777742649384,0.335851876453006,0.332058070025619,0.0122,0.0132,0.0214,0.0265,0.009,0.00900000000000001,0.00659999999999999,0.00680000000000001,-0.00223807143199983,-0.00778993886199997,-0.00600753679999988,0.00524041939999997,0.022107969151671,0.00620796689084324,0.0157645822385706,0.00210637177461814,0.00671641367612167,0.00536565832934459,0.00909722729460881,0.0130015114080652,0.00200653225179558,0.0032274284035397,0.00251574346870867,0.0028157442757336,0.0365602649795243,0.0362154312553072,0.0360325387641184,0.0359040882874041,-1.86428725673758,-1.79900803741516,-1.85488235575977,-1.81044935118385,-0.0352615474282384,0.0873655913978495,0.068792270531401,-0.117982099267697,-0.00231108689626127,0.0482755837041849,-0.0455061964133904,-0.0141163848889181,0.0775417685508728,0.00341817713342607,0.0710414573550224,0.0413477122783661,0.431351631879807,0.439111948013306,0.454307079315186,0.44466096162796,0.966011763576786,0.939163935999561,0.960076047365078,0.993410130691858,0.901536981211262,0.876481065394635,0.895997434099521,0.919818169100348,-2.95819272565881,-2.97479310433768,-3.01978195486455,-3.07150987756948,0.0191376083424105,0.0220856739232562,0.0194365006595606,0.0199624741565268,0.224188610911369,0.300176024436951,0.263571590185165,0.257245540618896,0.00552819589587841,0.00615647416004208,0.00966366125620456,0.00766209359121979,-0.54866028708134,-0.0991346153846151,0.362608695652174,0.766310679611651,2.26466248058485,2.26104014559447,2.09407240021345,1.62134926818026,11.0540162311356,10.106109728024,8.65645967082178,8.36922333767741,-0.00430297786705884,-0.00849263134669003,-0.00472491208642124,-0.00450713771904848,-0.00399808730081245,-0.00713704483882758,-0.00608466121481618,-0.00637920045603425,-0.00243515414904456,-0.00900818685257023,-0.00317304217824032,-0.00417164152541039,-9.17282816290404e-4,-5.24336913181832e-4,-5.14914773535162e-4,-0.00207777776045283,-7.93218955739913e-4,-4.40157168911728e-4,-0.00112828228903541,-0.00165759549453,0.00297566214285264,0.00349272309079118,0.00280606431574657,-8.28674767026144e-4,-0.00395237547086183,0.0147118583403508,0.0313694407601263,-0.0246779263687247,0.00997155404477263,0.00923496435062342,0.00824197945460252,0.00985239262460187,-0.00239827487660095,-0.00262667652982145,-0.00287333449312546,0.00405316979064931,-8.89880526910883e-4,-8.05426487674453e-4,-7.79756741606591e-4,-8.67300910698088e-4,0.022162846578773557
2006-04-01,-0.0192050440162865,139.427272158483,110.898247071428,115.019012022785,87.0018535122327,74.9335712314778,0.0219556137759125,0.0361545521954614,0.0142008796368318,-0.0203611722967244,0.0169606727860032,0.0315760009592354,0.009614905111752,-0.0248173962397407,0.0142266627680001,-0.030378724448,0.085945210427,0.00949492480000003,0.0115572459,-0.0326167958799999,0.078155271565,0.00348738800000015,0.0389,0.0342,0.0297,0.0274,0.00855,0.007425,0.00685,0.005475,0.318144064155807,0.323017902813299,0.330777742649384,0.335851876453006,0.0072,0.0122,0.0132,0.0214,0.00950000000000001,0.009,0.00900000000000001,0.00659999999999999,-0.00266941686800015,-0.00223807143199983,-0.00778993886199997,-0.00600753679999988,-0.0100603621730382,0.022107969151671,0.00620796689084324,0.0157645822385706,0.00305888189318793,0.00671641367612167,0.00536565832934459,0.00909722729460881,0.00279088285186314,0.00200653225179558,0.0032274284035397,0.00251574346870867,0.0364214592996642,0.0365602649795243,0.0362154312553072,0.0360325387641184,-1.81654599345895,-1.86428725673758,-1.79900803741516,-1.85488235575977,0.0650619222047795,-0.0352615474282384,0.0873655913978495,0.068792270531401,0.033755379711344,-0.00231108689626127,0.0482755837041849,-0.0455061964133904,0.0379424802958965,0.0775417685508728,0.00341817713342607,0.0710414573550224,0.458883106708527,0.431351631879807,0.439111948013306,0.454307079315186,0.979612542331053,0.966011763576786,0.939163935999561,0.960076047365078,0.914229999539366,0.901536981211262,0.876481065394635,0.895997434099521,-2.92719593973348,-2.95819272565881,-2.97479310433768,-3.01978195486455,0.0146923412787071,0.0191376083424105,0.0220856739232562,0.0194365006595606,0.24133874475956,0.224188610911369,0.300176024436951,0.263571590185165,0.00308938142438715,0.00552819589587841,0.00615647416004208,0.00966366125620456,-0.736047619047619,-0.54866028708134,-0.0991346153846151,0.362608695652174,2.52935339195647,2.26466248058485,2.26104014559447,2.09407240021345,11.9156674014105,11.0540162311356,10.106109728024,8.65645967082178,-0.00199467416332382,-0.00430297786705884,-0.00849263134669003,-0.00472491208642124,-0.00139334910200757,-0.00399808730081245,-0.00713704483882758,-0.00608466121481618,-0.00363457266621395,-0.00243515414904456,-0.00900818685257023,-0.00317304217824032,-6.3531557823042e-4,-9.17282816290404e-4,-5.24336913181832e-4,-5.14914773535162e-4,-7.17502977234076e-4,-7.93218955739913e-4,-4.40157168911728e-4,-0.00112828228903541,0.00377466879698064,0.00297566214285264,0.00349272309079118,0.00280606431574657,-0.00781475559332149,-0.00395237547086183,0.0147118583403508,0.0313694407601263,0.00944709203057525,0.00997155404477263,0.00923496435062342,0.00824197945460252,-0.0113185702988709,-0.00239827487660095,-0.00262667652982145,-0.00287333449312546,-7.18938972759353e-4,-8.89880526910883e-4,-8.05426487674453e-4,-7.79756741606591e-4,0.020643702846161592
2006-07-01,0.0503911792116071,83.8818315226614,139.427272158483,110.898247071428,115.019012022785,87.0018535122327,0.0422135937019616,0.0219556137759125,0.0361545521954614,0.0142008796368318,0.0374008726824959,0.0169606727860032,0.0315760009592354,0.009614905111752,-0.0428125027240001,0.0142266627680001,-0.030378724448,0.085945210427,-0.0371556307840001,0.0115572459,-0.0326167958799999,0.078155271565,0.0451,0.0389,0.0342,0.0297,0.009725,0.00855,0.007425,0.00685,0.313526902435668,0.318144064155807,0.323017902813299,0.330777742649384,0.0056,0.0072,0.0122,0.0132,0.0088,0.00950000000000001,0.009,0.00900000000000001,0.00565687193999997,-0.00266941686800015,-0.00223807143199983,-0.00778993886199997,0.0152439024390243,-0.0100603621730382,0.022107969151671,0.00620796689084324,0.0021519974810767,0.00305888189318793,0.00671641367612167,0.00536565832934459,0.00216921238943452,0.00279088285186314,0.00200653225179558,0.0032274284035397,0.0372181705810258,0.0364214592996642,0.0365602649795243,0.0362154312553072,-1.88344897385429,-1.81654599345895,-1.86428725673758,-1.79900803741516,0.0795176796480366,0.0650619222047795,-0.0352615474282384,0.0873655913978495,0.0571325221696599,0.033755379711344,-0.00231108689626127,0.0482755837041849,0.0302162896841764,0.0379424802958965,0.0775417685508728,0.00341817713342607,0.427444845438004,0.458883106708527,0.431351631879807,0.439111948013306,0.981611549618597,0.979612542331053,0.966011763576786,0.939163935999561,0.947653241752524,0.914229999539366,0.901536981211262,0.876481065394635,-2.92635687397924,-2.92719593973348,-2.95819272565881,-2.97479310433768,0.0227217565283056,0.0146923412787071,0.0191376083424105,0.0220856739232562,0.218254670500755,0.24133874475956,0.224188610911369,0.300176024436951,0.00732575453554243,0.00308938142438715,0.00552819589587841,0.00615647416004208,-1.21255924170616,-0.736047619047619,-0.54866028708134,-0.0991346153846151,2.52581900544844,2.52935339195647,2.26466248058485,2.26104014559447,12.0907350785188,11.9156674014105,11.0540162311356,10.106109728024,-0.00136562071727947,-0.00199467416332382,-0.00430297786705884,-0.00849263134669003,-0.00179390783956502,-0.00139334910200757,-0.00399808730081245,-0.00713704483882758,0.00114355431748756,-0.00363457266621395,-0.00243515414904456,-0.00900818685257023,-0.00102959549754439,-6.3531557823042e-4,-9.17282816290404e-4,-5.24336913181832e-4,-8.47155450844854e-4,-7.17502977234076e-4,-7.93218955739913e-4,-4.40157168911728e-4,0.00256821613386793,0.00377466879698064,0.00297566214285264,0.00349272309079118,-0.00436852034561362,-0.00781475559332149,-0.00395237547086183,0.0147118583403508,-0.00377785417994483,0.00944709203057525,0.00997155404477263,0.00923496435062342,-0.0076831002095585,-0.0113185702988709,-0.00239827487660095,-0.00262667652982145,1.444342486878e-4,-7.18938972759353e-4,-8.89880526910883e-4,-8.05426487674453e-4,0.020504940181398257
2006-10-01,0.0598934237200804,150.925867034496,83.8818315226614,139.427272158483,110.898247071428,115.019012022785,-0.0150359792843401,0.0422135937019616,0.0219556137759125,0.0361545521954614,-0.0196590911956401,0.0374008726824959,0.0169606727860032,0.0315760009592354,-0.0147429672399999,-0.0428125027240001,0.0142266627680001,-0.030378724448,-0.02055018528,-0.0371556307840001,0.0115572459,-0.0326167958799999,0.0479,0.0451,0.0389,0.0342,0.011275,0.009725,0.00855,0.007425,0.314632836622365,0.313526902435668,0.318144064155807,0.323017902813299,0.0052,0.0056,0.0072,0.0122,0.00890000000000001,0.0088,0.00950000000000001,0.009,-0.00580721804000006,0.00565687193999997,-0.00266941686800015,-0.00223807143199983,0.0155155155155156,0.0152439024390243,-0.0100603621730382,0.022107969151671,-0.00219548493685632,0.0021519974810767,0.00305888189318793,0.00671641367612167,0.00405778666148344,0.00216921238943452,0.00279088285186314,0.00200653225179558,0.037412175695772,0.0372181705810258,0.0364214592996642,0.0365602649795243,-2.03415980795109,-1.88344897385429,-1.81654599345895,-1.86428725673758,0.035284234108093,0.0795176796480366,0.0650619222047795,-0.0352615474282384,0.0244488804294522,0.0571325221696599,0.033755379711344,-0.00231108689626127,0.0941776111721992,0.0302162896841764,0.0379424802958965,0.0775417685508728,0.409539431333542,0.427444845438004,0.458883106708527,0.431351631879807,0.957704646278983,0.981611549618597,0.979612542331053,0.966011763576786,0.951142115741902,0.947653241752524,0.914229999539366,0.901536981211262,-2.88610199402786,-2.92635687397924,-2.92719593973348,-2.95819272565881,0.0196993650093195,0.0227217565283056,0.0146923412787071,0.0191376083424105,0.318922430276871,0.218254670500755,0.24133874475956,0.224188610911369,0.00193077861788889,0.00732575453554243,0.00308938142438715,0.00552819589587841,-1.01683962264151,-1.21255924170616,-0.736047619047619,-0.54866028708134,2.67203746192417,2.52581900544844,2.52935339195647,2.26466248058485,11.4333739371974,12.0907350785188,11.9156674014105,11.0540162311356,0.00133971585127321,-0.00136562071727947,-0.00199467416332382,-0.00430297786705884,0.00125893148638978,-0.00179390783956502,-0.00139334910200757,-0.00399808730081245,0.00138160841417926,0.00114355431748756,-0.00363457266621395,-0.00243515414904456,-1.32763719278141e-4,-0.00102959549754439,-6.3531557823042e-4,-9.17282816290404e-4,-2.39491857744236e-4,-8.47155450844854e-4,-7.17502977234076e-4,-7.93218955739913e-4,0.00445896299183922,0.00256821613386793,0.00377466879698064,0.00297566214285264,-0.00735497642771382,-0.00436852034561362,-0.00781475559332149,-0.00395237547086183,0.00769235168086234,-0.00377785417994483,0.00944709203057525,0.00997155404477263,-0.0130779859145653,-0.0076831002095585,-0.0113185702988709,-0.00239827487660095,-3.20353273014286e-4,1.444342486878e-4,-7.18938972759353e-4,-8.89880526910883e-4,0.020611272946873104
2007-01-01,0.00180335077542361,196.878432683654,150.925867034496,83.8818315226614,139.427272158483,110.898247071428,0.0571333233287095,-0.0150359792843401,0.0422135937019616,0.0219556137759125,0.0522477224818478,-0.0196590911956401,0.0374008726824959,0.0169606727860032,0.0682517251700001,-0.0147429672399999,-0.0428125027240001,0.0142266627680001,0.080065566931,-0.02055018528,-0.0371556307840001,0.0115572459,0.0481,0.0479,0.0451,0.0389,0.011975,0.011275,0.009725,0.00855,0.30668193967163,0.314632836622365,0.313526902435668,0.318144064155807,3.00000000000002e-4,0.0052,0.0056,0.0072,0.0092,0.00890000000000001,0.0088,0.00950000000000001,0.0118138417609999,-0.00580721804000006,0.00565687193999997,-0.00266941686800015,0,0.0155155155155156,0.0152439024390243,-0.0100603621730382,-0.00949349105264454,-0.00219548493685632,0.0021519974810767,0.00305888189318793,0.00243430996067826,0.00405778666148344,0.00216921238943452,0.00279088285186314,0.0375869968651541,0.037412175695772,0.0372181705810258,0.0364214592996642,-1.93389140432954,-2.03415980795109,-1.88344897385429,-1.81654599345895,-0.106280193236715,0.035284234108093,0.0795176796480366,0.0650619222047795,0.0994268474246033,0.0244488804294522,0.0571325221696599,0.033755379711344,0.00404463289305568,0.0941776111721992,0.0302162896841764,0.0379424802958965,0.413434237241745,0.409539431333542,0.427444845438004,0.458883106708527,0.996639487304208,0.957704646278983,0.981611549618597,0.979612542331053,0.996254365357614,0.951142115741902,0.947653241752524,0.914229999539366,-2.87945306076995,-2.88610199402786,-2.92635687397924,-2.92719593973348,0.014325907645221,0.0196993650093195,0.0227217565283056,0.0146923412787071,0.222101092338562,0.318922430276871,0.218254670500755,0.24133874475956,-0.00329335570675478,0.00193077861788889,0.00732575453554243,0.00308938142438715,-1.39206572769953,-1.01683962264151,-1.21255924170616,-0.736047619047619,2.7906473924408,2.67203746192417,2.52581900544844,2.52935339195647,13.5643821203137,11.4333739371974,12.0907350785188,11.9156674014105,-0.00443408218876578,0.00133971585127321,-0.00136562071727947,-0.00199467416332382,-0.00423074005592618,0.00125893148638978,-0.00179390783956502,-0.00139334910200757,-0.00497100374080258,0.00138160841417926,0.00114355431748756,-0.00363457266621395,-9.79070294450877e-4,-1.32763719278141e-4,-0.00102959549754439,-6.3531557823042e-4,-5.70419186276754e-4,-2.39491857744236e-4,-8.47155450844854e-4,-7.17502977234076e-4,0.00300663096675546,0.00445896299183922,0.00256821613386793,0.00377466879698064,-0.0219692019546884,-0.00735497642771382,-0.00436852034561362,-0.00781475559332149,0.00937617437753047,0.00769235168086234,-0.00377785417994483,0.00944709203057525,-0.00885699200636154,-0.0130779859145653,-0.0076831002095585,-0.0113185702988709,-7.11369948613379e-4,-3.20353273014286e-4,1.444342486878e-4,-7.18938972759353e-4,0.02039853707418333
2007-04-01,0.0564326979117082,146.620443599758,196.878432683654,150.925867034496,83.8818315226614,139.427272158483,0.0659871986974663,0.0571333233287095,-0.0150359792843401,0.0422135937019616,0.0606878985883248,0.0522477224818478,-0.0196590911956401,0.0374008726824959,0.00428538839600012,0.0682517251700001,-0.0147429672399999,-0.0428125027240001,0.013539811856,0.080065566931,-0.02055018528,-0.0371556307840001,0.0485,0.0481,0.0479,0.0451,0.012025,0.011975,0.011275,0.009725,0.305287694761379,0.30668193967163,0.314632836622365,0.313526902435668,6.00000000000003e-4,3.00000000000002e-4,0.0052,0.0056,0.00899999999999999,0.0092,0.00890000000000001,0.0088,0.00925442345999983,0.0118138417609999,-0.00580721804000006,0.00565687193999997,-0.0054213898472153,0,0.0155155155155156,0.0152439024390243,-0.0150367765235773,-0.00949349105264454,-0.00219548493685632,0.0021519974810767,0.00140031408863923,0.00243430996067826,0.00405778666148344,0.00216921238943452,0.0375128468228786,0.0375869968651541,0.037412175695772,0.0372181705810258,-1.83349452632441,-1.93389140432954,-2.03415980795109,-1.88344897385429,-0.0336668254724471,-0.106280193236715,0.035284234108093,0.0795176796480366,0.0326548950542151,0.0994268474246033,0.0244488804294522,0.0571325221696599,0.0315000675618649,0.00404463289305568,0.0941776111721992,0.0302162896841764,0.447606056928635,0.413434237241745,0.409539431333542,0.427444845438004,0.996209605157878,0.996639487304208,0.957704646278983,0.981611549618597,0.996209605157878,0.996254365357614,0.951142115741902,0.947653241752524,-2.90107942152207,-2.87945306076995,-2.88610199402786,-2.92635687397924,0.0186458908904307,0.014325907645221,0.0196993650093195,0.0227217565283056,0.164712458848953,0.222101092338562,0.318922430276871,0.218254670500755,-0.00175259625050016,-0.00329335570675478,0.00193077861788889,0.00732575453554243,-1.64556074766355,-1.39206572769953,-1.01683962264151,-1.21255924170616,3.0264559450658,2.7906473924408,2.67203746192417,2.52581900544844,13.552195123915,13.5643821203137,11.4333739371974,12.0907350785188,-0.00492976507227594,-0.00443408218876578,0.00133971585127321,-0.00136562071727947,-0.00507789122025732,-0.00423074005592618,0.00125893148638978,-0.00179390783956502,-0.00240363592513587,-0.00497100374080258,0.00138160841417926,0.00114355431748756,-0.00137830159677819,-9.79070294450877e-4,-1.32763719278141e-4,-0.00102959549754439,-0.00139888581328405,-5.70419186276754e-4,-2.39491857744236e-4,-8.47155450844854e-4,9.96916783774594e-4,0.00300663096675546,0.00445896299183922,0.00256821613386793,-0.034320913596417,-0.0219692019546884,-0.00735497642771382,-0.00436852034561362,4.71098270301597e-4,0.00937617437753047,0.00769235168086234,-0.00377785417994483,-0.00480722435029491,-0.00885699200636154,-0.0130779859145653,-0.0076831002095585,-8.30523755741784e-4,-7.11369948613379e-4,-3.20353273014286e-4,1.444342486878e-4,0.020972839073222508
2007-07-01,0.0154462731155505,210.472726337071,146.620443599758,196.878432683654,150.925867034496,83.8818315226614,0.00657712158527324,0.0659871986974663,0.0571333233287095,-0.0150359792843401,0.0020429761231826,0.0606878985883248,0.0522477224818478,-0.0196590911956401,0.00812540465000011,0.00428538839600012,0.0682517251700001,-0.0147429672399999,-1.88148853000114e-4,0.013539811856,0.080065566931,-0.02055018528,0.0494,0.0485,0.0481,0.0479,0.012125,0.012025,0.011975,0.011275,0.306602525556224,0.305287694761379,0.30668193967163,0.314632836622365,-1.0000000000001e-4,6.00000000000003e-4,3.00000000000002e-4,0.0052,0.00969999999999999,0.00899999999999999,0.0092,0.00890000000000001,-0.00831355350300023,0.00925442345999983,0.0118138417609999,-0.00580721804000006,0.0176015857284439,-0.0054213898472153,0,0.0155155155155156,-0.012486355834109,-0.0150367765235773,-0.00949349105264454,-0.00219548493685632,0.00351486482473053,0.00140031408863923,0.00243430996067826,0.00405778666148344,0.0377165722167335,0.0375128468228786,0.0375869968651541,0.037412175695772,-2.01421327574586,-1.83349452632441,-1.93389140432954,-2.03415980795109,0.0673357073486565,-0.0336668254724471,-0.106280193236715,0.035284234108093,0.0304422295644037,0.0326548950542151,0.0994268474246033,0.0244488804294522,0.00378684233874083,0.0315000675618649,0.00404463289305568,0.0941776111721992,0.444805383682251,0.447606056928635,0.413434237241745,0.409539431333542,0.96619205670919,0.996209605157878,0.996639487304208,0.957704646278983,0.96619205670919,0.996209605157878,0.996254365357614,0.951142115741902,-2.88296227876492,-2.90107942152207,-2.87945306076995,-2.88610199402786,0.017714795014659,0.0186458908904307,0.014325907645221,0.0196993650093195,0.359868466854095,0.164712458848953,0.222101092338562,0.318922430276871,-0.00492172883139524,-0.00175259625050016,-0.00329335570675478,0.00193077861788889,-1.66790697674419,-1.64556074766355,-1.39206572769953,-1.01683962264151,3.01351148389698,3.0264559450658,2.7906473924408,2.67203746192417,12.5845185110435,13.552195123915,13.5643821203137,11.4333739371974,-0.00392745111799738,-0.00492976507227594,-0.00443408218876578,0.00133971585127321,-0.00331421292602934,-0.00507789122025732,-0.00423074005592618,0.00125893148638978,-0.00219899264249606,-0.00240363592513587,-0.00497100374080258,0.00138160841417926,-7.39539948401366e-4,-0.00137830159677819,-9.79070294450877e-4,-1.32763719278141e-4,-7.41715007958414e-4,-0.00139888581328405,-5.70419186276754e-4,-2.39491857744236e-4,0.00233799321594715,9.96916783774594e-4,0.00300663096675546,0.00445896299183922,-0.0362190827390772,-0.034320913596417,-0.0219692019546884,-0.00735497642771382,-0.00958729549979419,4.71098270301597e-4,0.00937617437753047,0.00769235168086234,0.00359160018397638,-0.00480722435029491,-0.00885699200636154,-0.0130779859145653,-5.24501833148001e-4,-8.30523755741784e-4,-7.11369948613379e-4,-3.20353273014286e-4,0.021730667436445892
2007-10-01,-0.0389984303439703,182.050120010016,210.472726337071,146.620443599758,196.878432683654,150.925867034496,0.0620168528458576,0.00657712158527324,0.0659871986974663,0.0571333233287095,0.05719916045852,0.0020429761231826,0.0606878985883248,0.0522477224818478,-0.020663803,0.00812540465000011,0.00428538839600012,0.0682517251700001,-0.01878927184,-1.88148853000114e-4,0.013539811856,0.080065566931,0.0461,0.0494,0.0485,0.0481,0.01235,0.012125,0.012025,0.011975,0.308169696476186,0.306602525556224,0.305287694761379,0.30668193967163,0.006,-1.0000000000001e-4,6.00000000000003e-4,3.00000000000002e-4,0.0091,0.00969999999999999,0.00899999999999999,0.0092,0.00187453116000003,-0.00831355350300023,0.00925442345999983,0.0118138417609999,0.0146090615138883,0.0176015857284439,-0.0054213898472153,0,-0.0110640044546275,-0.012486355834109,-0.0150367765235773,-0.00949349105264454,0.00275115578454136,0.00351486482473053,0.00140031408863923,0.00243430996067826,0.0380694627201824,0.0377165722167335,0.0375128468228786,0.0375869968651541,-2.06756337797445,-2.01421327574586,-1.83349452632441,-1.93389140432954,0.100749765698219,0.0673357073486565,-0.0336668254724471,-0.106280193236715,0.0163519228536052,0.0304422295644037,0.0326548950542151,0.0994268474246033,0.0226680636405945,0.00378684233874083,0.0315000675618649,0.00404463289305568,0.425498008728027,0.444805383682251,0.447606056928635,0.413434237241745,0.980426021034898,0.96619205670919,0.996209605157878,0.996639487304208,0.980426021034898,0.96619205670919,0.996209605157878,0.996254365357614,-2.92347492044672,-2.88296227876492,-2.90107942152207,-2.87945306076995,0.0206898829742119,0.017714795014659,0.0186458908904307,0.014325907645221,0.302283227443695,0.359868466854095,0.164712458848953,0.222101092338562,-0.00487086496614759,-0.00492172883139524,-0.00175259625050016,-0.00329335570675478,-1.25018518518519,-1.66790697674419,-1.64556074766355,-1.39206572769953,3.1347614770416,3.01351148389698,3.0264559450658,2.7906473924408,12.4304311334122,12.5845185110435,13.552195123915,13.5643821203137,0.00143077257070766,-0.00392745111799738,-0.00492976507227594,-0.00443408218876578,0.00110009949779723,-0.00331421292602934,-0.00507789122025732,-0.00423074005592618,5.75111517131469e-4,-0.00219899264249606,-0.00240363592513587,-0.00497100374080258,-0.00142022345604157,-7.39539948401366e-4,-0.00137830159677819,-9.79070294450877e-4,-0.00188781213889596,-7.41715007958414e-4,-0.00139888581328405,-5.70419186276754e-4,-3.23533485813139e-4,0.00233799321594715,9.96916783774594e-4,0.00300663096675546,-0.0482277954860281,-0.0362190827390772,-0.034320913596417,-0.0219692019546884,0.00298066559183731,-0.00958729549979419,4.71098270301597e-4,0.00937617437753047,0.00254184128918003,0.00359160018397638,-0.00480722435029491,-0.00885699200636154,-3.60950188396964e-4,-5.24501833148001e-4,-8.30523755741784e-4,-7.11369948613379e-4,0.021598228716346306
2008-01-01,-0.104467760727272,94.2141232483005,182.050120010016,210.472726337071,146.620443599758,196.878432683654,0.0202731220644756,0.0620168528458576,0.00657712158527324,0.0659871986974663,0.0153711919402943,0.05719916045852,0.0020429761231826,0.0606878985883248,0.0501237981920002,-0.020663803,0.00812540465000011,0.00428538839600012,0.0256127033600002,-0.01878927184,-1.88148853000114e-4,0.013539811856,0.0389,0.0461,0.0494,0.0485,0.011525,0.01235,0.012125,0.012025,0.343228301909944,0.308169696476186,0.306602525556224,0.305287694761379,0.01,0.006,-1.0000000000001e-4,6.00000000000003e-4,0.0085,0.0091,0.00969999999999999,0.00899999999999999,-0.024511094832,0.00187453116000003,-0.00831355350300023,0.00925442345999983,6.62340654277394e-4,0.0146090615138883,0.0176015857284439,-0.0054213898472153,-0.013015005136692,-0.0110640044546275,-0.012486355834109,-0.0150367765235773,0.00942870215184571,0.00275115578454136,0.00351486482473053,0.00140031408863923,0.0381678989676032,0.0380694627201824,0.0377165722167335,0.0375128468228786,-2.21389836286451,-2.06756337797445,-2.01421327574586,-1.83349452632441,0.103541497702082,0.100749765698219,0.0673357073486565,-0.0336668254724471,0.00850061323590743,0.0163519228536052,0.0304422295644037,0.0326548950542151,0.0640499368309975,0.0226680636405945,0.00378684233874083,0.0315000675618649,0.40882271528244,0.425498008728027,0.444805383682251,0.447606056928635,0.992515933461949,0.980426021034898,0.96619205670919,0.996209605157878,0.992515933461949,0.980426021034898,0.96619205670919,0.996209605157878,-3.01072365772428,-2.92347492044672,-2.88296227876492,-2.90107942152207,0.0223834065926883,0.0206898829742119,0.017714795014659,0.0186458908904307,0.465328931808472,0.302283227443695,0.359868466854095,0.164712458848953,-0.00500532803045647,-0.00487086496614759,-0.00492172883139524,-0.00175259625050016,-0.92442396313364,-1.25018518518519,-1.66790697674419,-1.64556074766355,3.36539050247846,3.1347614770416,3.01351148389698,3.0264559450658,4.28550962739898,12.4304311334122,12.5845185110435,13.552195123915,-0.0012890760594964,0.00143077257070766,-0.00392745111799738,-0.00492976507227594,-0.00200692315069593,0.00110009949779723,-0.00331421292602934,-0.00507789122025732,-0.00398880419761588,5.75111517131469e-4,-0.00219899264249606,-0.00240363592513587,-9.16367586021493e-4,-0.00142022345604157,-7.39539948401366e-4,-0.00137830159677819,-1.93485635259848e-4,-0.00188781213889596,-7.41715007958414e-4,-0.00139888581328405,-0.00457185461682576,-3.23533485813139e-4,0.00233799321594715,9.96916783774594e-4,-0.0433841589693452,-0.0482277954860281,-0.0362190827390772,-0.034320913596417,0.00661658929519316,0.00298066559183731,-0.00958729549979419,4.71098270301597e-4,0.00570678395379778,0.00254184128918003,0.00359160018397638,-0.00480722435029491,-3.58459889588553e-4,-3.60950188396964e-4,-5.24501833148001e-4,-8.30523755741784e-4,0.020248687622117963
2008-04-01,-0.0328150241183388,-36.0590287664859,94.2141232483005,182.050120010016,210.472726337071,146.620443599758,-0.0307050792854636,0.0202731220644756,0.0620168528458576,0.00657712158527324,-0.0356817536441286,0.0153711919402943,0.05719916045852,0.0020429761231826,0.05994262634,0.0501237981920002,-0.020663803,0.00812540465000011,0.0196164746559999,0.0256127033600002,-0.01878927184,-1.88148853000114e-4,0.03,0.0389,0.0461,0.0494,0.009725,0.011525,0.01235,0.012125,0.41903427178335,0.343228301909944,0.308169696476186,0.306602525556224,0.015,0.01,0.006,-1.0000000000001e-4,0.0116,0.0085,0.0091,0.00969999999999999,-0.0403261516840001,-0.024511094832,0.00187453116000003,-0.00831355350300023,0.00741522375173864,6.62340654277394e-4,0.0146090615138883,0.0176015857284439,-0.040637293756402,-0.013015005136692,-0.0110640044546275,-0.012486355834109,0.00966504425418951,0.00942870215184571,0.00275115578454136,0.00351486482473053,0.0382528822696653,0.0381678989676032,0.0380694627201824,0.0377165722167335,-2.3583806286546,-2.21389836286451,-2.06756337797445,-2.01421327574586,0.0829571106094809,0.103541497702082,0.100749765698219,0.0673357073486565,0.0805777403023175,0.00850061323590743,0.0163519228536052,0.0304422295644037,-0.0334812141954899,0.0640499368309975,0.0226680636405945,0.00378684233874083,0.438335001468658,0.40882271528244,0.425498008728027,0.444805383682251,0.936481478735969,0.992515933461949,0.980426021034898,0.96619205670919,0.936481478735969,0.992515933461949,0.980426021034898,0.96619205670919,-3.1396936510977,-3.01072365772428,-2.92347492044672,-2.88296227876492,0.020052821676809,0.0223834065926883,0.0206898829742119,0.017714795014659,0.403755098581314,0.465328931808472,0.302283227443695,0.359868466854095,-0.00458604121452049,-0.00500532803045647,-0.00487086496614759,-0.00492172883139524,-0.480183486238532,-0.92442396313364,-1.25018518518519,-1.66790697674419,3.47060137904431,3.36539050247846,3.1347614770416,3.01351148389698,-5.85596926308527,4.28550962739898,12.4304311334122,12.5845185110435,-0.00399678073974994,-0.0012890760594964,0.00143077257070766,-0.00392745111799738,-0.00128392345119572,-0.00200692315069593,0.00110009949779723,-0.00331421292602934,-0.00660233590445612,-0.00398880419761588,5.75111517131469e-4,-0.00219899264249606,2.25581019939997e-4,-9.16367586021493e-4,-0.00142022345604157,-7.39539948401366e-4,-2.56549553736966e-4,-1.93485635259848e-4,-0.00188781213889596,-7.41715007958414e-4,-0.00841398455499646,-0.00457185461682576,-3.23533485813139e-4,0.00233799321594715,-0.0234053002223545,-0.0433841589693452,-0.0482277954860281,-0.0362190827390772,0.00466952680259201,0.00661658929519316,0.00298066559183731,-0.00958729549979419,-0.00202475428241952,0.00570678395379778,0.00254184128918003,0.00359160018397638,-2.21737160547885e-4,-3.58459889588553e-4,-3.60950188396964e-4,-5.24501833148001e-4,0.017907975938995697
2008-07-01,-0.0929722898001186,-7.99653559556213,-36.0590287664859,94.2141232483005,182.050120010016,210.472726337071,-0.0937549704794836,-0.0307050792854636,0.0202731220644756,0.0620168528458576,-0.0985041517425921,-0.0356817536441286,0.0153711919402943,0.05719916045852,0.033983606404,0.05994262634,0.0501237981920002,-0.020663803,-0.011280138787,0.0196164746559999,0.0256127033600002,-0.01878927184,0.0126,0.03,0.0389,0.0461,0.0075,0.009725,0.011525,0.01235,0.468647974472805,0.41903427178335,0.343228301909944,0.308169696476186,0.0306,0.015,0.01,0.006,0.0138,0.0116,0.0085,0.0091,-0.045263745191,-0.0403261516840001,-0.024511094832,0.00187453116000003,0.016625721304919,0.00741522375173864,6.62340654277394e-4,0.0146090615138883,-0.0518304618783812,-0.040637293756402,-0.013015005136692,-0.0110640044546275,0.0143951001980505,0.00966504425418951,0.00942870215184571,0.00275115578454136,0.0379024595709942,0.0382528822696653,0.0381678989676032,0.0380694627201824,-2.38939205323618,-2.3583806286546,-2.21389836286451,-2.06756337797445,-0.00235802711731181,0.0829571106094809,0.103541497702082,0.100749765698219,0.0495898690347188,0.0805777403023175,0.00850061323590743,0.0163519228536052,0.079979695379734,-0.0334812141954899,0.0640499368309975,0.0226680636405945,0.453229635953903,0.438335001468658,0.40882271528244,0.425498008728027,0.8657463396244,0.936481478735969,0.992515933461949,0.980426021034898,0.8657463396244,0.936481478735969,0.992515933461949,0.980426021034898,-3.12109256806369,-3.1396936510977,-3.01072365772428,-2.92347492044672,0.0279226732248615,0.020052821676809,0.0223834065926883,0.0206898829742119,0.389729380607605,0.403755098581314,0.465328931808472,0.302283227443695,-0.0125740642732933,-0.00458604121452049,-0.00500532803045647,-0.00487086496614759,0.272009132420092,-0.480183486238532,-0.92442396313364,-1.25018518518519,3.39872805124618,3.47060137904431,3.36539050247846,3.1347614770416,-5.27180685877469,-5.85596926308527,4.28550962739898,12.4304311334122,-0.00267212521886962,-0.00399678073974994,-0.0012890760594964,0.00143077257070766,7.77329783122474e-4,-0.00128392345119572,-0.00200692315069593,0.00110009949779723,-0.00619168752806305,-0.00660233590445612,-0.00398880419761588,5.75111517131469e-4,0.00212490477117445,2.25581019939997e-4,-9.16367586021493e-4,-0.00142022345604157,0.0019876581487942,-2.56549553736966e-4,-1.93485635259848e-4,-0.00188781213889596,-0.0040215282066239,-0.00841398455499646,-0.00457185461682576,-3.23533485813139e-4,-0.0221561142989917,-0.0234053002223545,-0.0433841589693452,-0.0482277954860281,7.03619925901135e-4,0.00466952680259201,0.00661658929519316,0.00298066559183731,-0.00300504009298145,-0.00202475428241952,0.00570678395379778,0.00254184128918003,-6.35059869780747e-4,-2.21737160547885e-4,-3.58459889588553e-4,-3.60950188396964e-4,0.017403178156794305
2008-10-01,-0.255643697085795,-85.5109718691526,-7.99653559556213,-36.0590287664859,94.2141232483005,182.050120010016,-0.0257521280437034,-0.0937549704794836,-0.0307050792854636,0.0202731220644756,-0.0308272290168216,-0.0985041517425921,-0.0356817536441286,0.0153711919402943,-0.02371168896,0.033983606404,0.05994262634,0.0501237981920002,-0.0248370723729999,-0.011280138787,0.0196164746559999,0.0256127033600002,0.0186,0.0126,0.03,0.0389,0.00315,0.0075,0.009725,0.011525,0.558925442865486,0.468647974472805,0.41903427178335,0.343228301909944,0.0274,0.0306,0.015,0.01,0.0139,0.0138,0.0116,0.0085,-0.00112538341299995,-0.045263745191,-0.0403261516840001,-0.024511094832,0.0247602188003446,0.016625721304919,0.00741522375173864,6.62340654277394e-4,-0.0473768500166761,-0.0518304618783812,-0.040637293756402,-0.013015005136692,0.00796962295823524,0.0143951001980505,0.00966504425418951,0.00942870215184571,0.0374955022352517,0.0379024595709942,0.0382528822696653,0.0381678989676032,-2.07148261543025,-2.38939205323618,-2.3583806286546,-2.21389836286451,0.0990184530820575,-0.00235802711731181,0.0829571106094809,0.103541497702082,0.0138040450018631,0.0495898690347188,0.0805777403023175,0.00850061323590743,0.0167539212852716,0.079979695379734,-0.0334812141954899,0.0640499368309975,0.430386543273926,0.453229635953903,0.438335001468658,0.40882271528244,0.801298031067745,0.8657463396244,0.936481478735969,0.992515933461949,0.801298031067745,0.8657463396244,0.936481478735969,0.992515933461949,-3.25574280206732,-3.12109256806369,-3.1396936510977,-3.01072365772428,0.0426797040053513,0.0279226732248615,0.020052821676809,0.0223834065926883,0.29841935634613,0.389729380607605,0.403755098581314,0.465328931808472,-0.0105139324309391,-0.0125740642732933,-0.00458604121452049,-0.00500532803045647,0.910772727272728,0.272009132420092,-0.480183486238532,-0.92442396313364,3.25440096133844,3.39872805124618,3.47060137904431,3.36539050247846,-9.93960002029649,-5.27180685877469,-5.85596926308527,4.28550962739898,-8.20522588793467e-4,-0.00267212521886962,-0.00399678073974994,-0.0012890760594964,0.00128429132695312,7.77329783122474e-4,-0.00128392345119572,-0.00200692315069593,-0.0018776037801977,-0.00619168752806305,-0.00660233590445612,-0.00398880419761588,0.00175578632873837,0.00212490477117445,2.25581019939997e-4,-9.16367586021493e-4,-1.41365885494984e-4,0.0019876581487942,-2.56549553736966e-4,-1.93485635259848e-4,-0.00876564855249432,-0.0040215282066239,-0.00841398455499646,-0.00457185461682576,-0.00276266014650714,-0.0221561142989917,-0.0234053002223545,-0.0433841589693452,-0.0236014650978507,7.03619925901135e-4,0.00466952680259201,0.00661658929519316,-0.00269815679663944,-0.00300504009298145,-0.00202475428241952,0.00570678395379778,-4.0647423752743e-4,-6.35059869780747e-4,-2.21737160547885e-4,-3.58459889588553e-4,0.015545756235496005
2009-01-01,-0.124053693116942,-280.800072202241,-85.5109718691526,-7.99653559556213,-36.0590287664859,94.2141232483005,-0.0785716600834555,-0.0257521280437034,-0.0937549704794836,-0.0307050792854636,-0.0837884025075123,-0.0308272290168216,-0.0985041517425921,-0.0356817536441286,0.0330818624000002,-0.02371168896,0.033983606404,0.05994262634,-0.085324067893,-0.0248370723729999,-0.011280138787,0.0196164746559999,0.0113,0.0186,0.0126,0.03,0.00465,0.00315,0.0075,0.009725,0.627943416757345,0.558925442865486,0.468647974472805,0.41903427178335,0.033,0.0274,0.0306,0.015,0.0166,0.0139,0.0138,0.0116,-0.118405930293,-0.00112538341299995,-0.045263745191,-0.0403261516840001,-1.4624225944293e-4,0.0247602188003446,0.016625721304919,0.00741522375173864,-0.048922801359233,-0.0473768500166761,-0.0518304618783812,-0.040637293756402,0.0316883632478646,0.00796962295823524,0.0143951001980505,0.00966504425418951,0.0363413107844122,0.0374955022352517,0.0379024595709942,0.0382528822696653,-2.32145560921883,-2.07148261543025,-2.38939205323618,-2.3583806286546,-0.128515794028559,0.0990184530820575,-0.00235802711731181,0.0829571106094809,-0.00349223414770781,0.0138040450018631,0.0495898690347188,0.0805777403023175,-0.0462306626141071,0.0167539212852716,0.079979695379734,-0.0334812141954899,0.4324591755867,0.430386543273926,0.453229635953903,0.438335001468658,0.766044478708436,0.801298031067745,0.8657463396244,0.936481478735969,0.766044478708436,0.801298031067745,0.8657463396244,0.936481478735969,-3.27032471089394,-3.25574280206732,-3.12109256806369,-3.1396936510977,0.0513694705689521,0.0426797040053513,0.0279226732248615,0.020052821676809,0.461480110883713,0.29841935634613,0.389729380607605,0.403755098581314,-0.0175881643675052,-0.0105139324309391,-0.0125740642732933,-0.00458604121452049,1.01665158371041,0.910772727272728,0.272009132420092,-0.480183486238532,2.94071376192678,3.25440096133844,3.39872805124618,3.47060137904431,-9.50750514336958,-9.93960002029649,-5.27180685877469,-5.85596926308527,-0.00186720698292914,-8.20522588793467e-4,-0.00267212521886962,-0.00399678073974994,0.00244430214680362,0.00128429132695312,7.77329783122474e-4,-0.00128392345119572,-0.00442277834384932,-0.0018776037801977,-0.00619168752806305,-0.00660233590445612,0.00316110996760828,0.00175578632873837,0.00212490477117445,2.25581019939997e-4,0.00186643174724492,-1.41365885494984e-4,0.0019876581487942,-2.56549553736966e-4,-0.00626957885440888,-0.00876564855249432,-0.0040215282066239,-0.00841398455499646,1.27914370821787e-6,-0.00276266014650714,-0.0221561142989917,-0.0234053002223545,0.0142183360231276,-0.0236014650978507,7.03619925901135e-4,0.00466952680259201,-0.00822865360121389,-0.00269815679663944,-0.00300504009298145,-0.00202475428241952,-4.33958609559662e-4,-4.0647423752743e-4,-6.35059869780747e-4,-2.21737160547885e-4,0.01101414227701299
2009-04-01,0.141688589405922,-235.293058231451,-280.800072202241,-85.5109718691526,-7.99653559556213,-36.0590287664859,-0.218959428750049,-0.0785716600834555,-0.0257521280437034,-0.0937549704794836,-0.224992698919186,-0.0837884025075123,-0.0308272290168216,-0.0985041517425921,0.206889079077,0.0330818624000002,-0.02371168896,0.033983606404,0.233587252,-0.085324067893,-0.0248370723729999,-0.011280138787,3e-4,0.0113,0.0186,0.0126,0.002825,0.00465,0.00315,0.0075,1.90772849462366,0.627943416757345,0.558925442865486,0.468647974472805,0.03,0.033,0.0274,0.0306,0.0338,0.0166,0.0139,0.0138,0.0266981729229996,-0.118405930293,-0.00112538341299995,-0.045263745191,-0.0391026725111182,-1.4624225944293e-4,0.0247602188003446,0.016625721304919,-0.02449841790224,-0.048922801359233,-0.0473768500166761,-0.0518304618783812,0.114435486545609,0.0316883632478646,0.00796962295823524,0.0143951001980505,0.0338409487954257,0.0363413107844122,0.0374955022352517,0.0379024595709942,-2.13805639116643,-2.32145560921883,-2.07148261543025,-2.38939205323618,-0.289078065567832,-0.128515794028559,0.0990184530820575,-0.00235802711731181,-0.0880682493688706,-0.00349223414770781,0.0138040450018631,0.0495898690347188,-0.036852840334177,-0.0462306626141071,0.0167539212852716,0.079979695379734,0.435001075267792,0.4324591755867,0.430386543273926,0.453229635953903,0.672097992066288,0.766044478708436,0.801298031067745,0.8657463396244,0.619603333114477,0.766044478708436,0.801298031067745,0.8657463396244,-4.12989316066912,-3.27032471089394,-3.25574280206732,-3.12109256806369,0.0463524244885721,0.0513694705689521,0.0426797040053513,0.0279226732248615,0.652040898799896,0.461480110883713,0.29841935634613,0.389729380607605,-0.0363346779915414,-0.0175881643675052,-0.0105139324309391,-0.0125740642732933,1.59207207207207,1.01665158371041,0.910772727272728,0.272009132420092,2.17969805687909,2.94071376192678,3.25440096133844,3.39872805124618,-36.0641820861027,-9.50750514336958,-9.93960002029649,-5.27180685877469,-0.00785571684949094,-0.00186720698292914,-8.20522588793467e-4,-0.00267212521886962,0.0120535831506686,0.00244430214680362,0.00128429132695312,7.77329783122474e-4,-0.0175940207575907,-0.00442277834384932,-0.0018776037801977,-0.00619168752806305,0.00836919026138166,0.00316110996760828,0.00175578632873837,0.00212490477117445,0.00996224676647646,0.00186643174724492,-1.41365885494984e-4,0.0019876581487942,-0.0278302730109274,-0.00626957885440888,-0.00876564855249432,-0.0040215282066239,0.059458188057206,1.27914370821787e-6,-0.00276266014650714,-0.0221561142989917,-0.00765997146378491,0.0142183360231276,-0.0236014650978507,7.03619925901135e-4,-0.0148037937965696,-0.00822865360121389,-0.00269815679663944,-0.00300504009298145,-9.10205892728156e-4,-4.33958609559662e-4,-4.0647423752743e-4,-6.35059869780747e-4,0.009702375882907361
2009-07-01,0.139631402592975,-18.4240435369234,-235.293058231451,-280.800072202241,-85.5109718691526,-7.99653559556213,-0.105578826091119,-0.218959428750049,-0.0785716600834555,-0.0257521280437034,-0.11361199887772,-0.224992698919186,-0.0837884025075123,-0.0308272290168216,-0.0607940128960001,0.206889079077,0.0330818624000002,-0.02371168896,-0.124356081256,0.233587252,-0.085324067893,-0.0248370723729999,0.0021,3e-4,0.0113,0.0186,7.5e-5,0.002825,0.00465,0.00315,3.97303206997085,1.90772849462366,0.627943416757345,0.558925442865486,0.0334,0.03,0.033,0.0274,0.0292,0.0338,0.0166,0.0139,-0.0635620683599999,0.0266981729229996,-0.118405930293,-0.00112538341299995,0.0118014726867972,-0.0391026725111182,-1.4624225944293e-4,0.0247602188003446,-0.0374292748544098,-0.02449841790224,-0.048922801359233,-0.0473768500166761,0.0422966838582627,0.114435486545609,0.0316883632478646,0.00796962295823524,0.0310170683225281,0.0338409487954257,0.0363413107844122,0.0374955022352517,-2.09321563577577,-2.13805639116643,-2.32145560921883,-2.07148261543025,0.125028312570781,-0.289078065567832,-0.128515794028559,0.0990184530820575,-0.162299869537522,-0.0880682493688706,-0.00349223414770781,0.0138040450018631,0.0362880378961563,-0.036852840334177,-0.0462306626141071,0.0167539212852716,0.452934443950653,0.435001075267792,0.4324591755867,0.430386543273926,0.582692867317088,0.672097992066288,0.766044478708436,0.801298031067745,0.53718125486691,0.619603333114477,0.766044478708436,0.801298031067745,-4.78404793581228,-4.12989316066912,-3.27032471089394,-3.25574280206732,0.0510041758950239,0.0463524244885721,0.0513694705689521,0.0426797040053513,0.498335659503937,0.652040898799896,0.461480110883713,0.29841935634613,-0.041939413577276,-0.0363346779915414,-0.0175881643675052,-0.0105139324309391,1.16493273542601,1.59207207207207,1.01665158371041,0.910772727272728,1.10547196684657,2.17969805687909,2.94071376192678,3.25440096133844,-26.9198670920468,-36.0641820861027,-9.50750514336958,-9.93960002029649,-3.67576821519504e-4,-0.00785571684949094,-0.00186720698292914,-8.20522588793467e-4,0.00584963656820601,0.0120535831506686,0.00244430214680362,0.00128429132695312,-0.00513376840413203,-0.0175940207575907,-0.00442277834384932,-0.0018776037801977,0.00728136798622166,0.00836919026138166,0.00316110996760828,0.00175578632873837,0.0104612782630463,0.00996224676647646,0.00186643174724492,-1.41365885494984e-4,-0.0236188428055133,-0.0278302730109274,-0.00626957885440888,-0.00876564855249432,0.114300472719425,0.059458188057206,1.27914370821787e-6,-0.00276266014650714,0.00604886512590772,-0.00765997146378491,0.0142183360231276,-0.0236014650978507,-0.017873734938354,-0.0148037937965696,-0.00822865360121389,-0.00269815679663944,-7.81293449040037e-4,-9.10205892728156e-4,-4.33958609559662e-4,-4.0647423752743e-4,0.012120029676653462
2009-10-01,0.0534336970616116,94.2259678677462,-18.4240435369234,-235.293058231451,-280.800072202241,-85.5109718691526,0.156876077568547,-0.105578826091119,-0.218959428750049,-0.0785716600834555,0.149977986042032,-0.11361199887772,-0.224992698919186,-0.0837884025075123,-0.080521630984,-0.0607940128960001,0.206889079077,0.0330818624000002,0.0823546654999998,-0.124356081256,0.233587252,-0.085324067893,0.0018,0.0021,3e-4,0.0113,5.25e-4,7.5e-5,0.002825,0.00465,3.40798934753662,3.97303206997085,1.90772849462366,0.627943416757345,0.0411,0.0334,0.03,0.033,0.0189,0.0292,0.0338,0.0166,0.162876296484,-0.0635620683599999,0.0266981729229996,-0.118405930293,0.0140285554442925,0.0118014726867972,-0.0391026725111182,-1.4624225944293e-4,-0.0220974983154645,-0.0374292748544098,-0.02449841790224,-0.048922801359233,0.0174047067543651,0.0422966838582627,0.114435486545609,0.0316883632478646,0.0298937553827104,0.0310170683225281,0.0338409487954257,0.0363413107844122,-1.75060039463209,-2.09321563577577,-2.13805639116643,-2.32145560921883,0.0529331925803045,0.125028312570781,-0.289078065567832,-0.128515794028559,-0.107030174438496,-0.162299869537522,-0.0880682493688706,-0.00349223414770781,0.0299874488264322,0.0362880378961563,-0.036852840334177,-0.0462306626141071,0.417419612407684,0.452934443950653,0.435001075267792,0.4324591755867,0.716919799530654,0.582692867317088,0.672097992066288,0.766044478708436,0.596348766955204,0.53718125486691,0.619603333114477,0.766044478708436,-4.84392357522306,-4.78404793581228,-4.12989316066912,-3.27032471089394,0.0360480113280168,0.0510041758950239,0.0463524244885721,0.0513694705689521,0.345416843891144,0.498335659503937,0.652040898799896,0.461480110883713,-0.0377875514317694,-0.041939413577276,-0.0363346779915414,-0.0175881643675052,1.76973214285714,1.16493273542601,1.59207207207207,1.01665158371041,-0.0641194199651766,1.10547196684657,2.17969805687909,2.94071376192678,-17.4355524343807,-26.9198670920468,-36.0641820861027,-9.50750514336958,-7.60559830932161e-4,-3.67576821519504e-4,-0.00785571684949094,-0.00186720698292914,-0.00498230771680237,0.00584963656820601,0.0120535831506686,0.00244430214680362,0.00159277175560505,-0.00513376840413203,-0.0175940207575907,-0.00442277834384932,-0.00151153532081885,0.00728136798622166,0.00836919026138166,0.00316110996760828,-0.0027936742744146,0.0104612782630463,0.00996224676647646,0.00186643174724492,-0.0168358793579622,-0.0236188428055133,-0.0278302730109274,-0.00626957885440888,0.0148291127232256,0.114300472719425,0.059458188057206,1.27914370821787e-6,-0.0147139253238752,0.00604886512590772,-0.00765997146378491,0.0142183360231276,-0.0224727364705883,-0.017873734938354,-0.0148037937965696,-0.00822865360121389,-3.83727783891591e-4,-7.81293449040037e-4,-9.10205892728156e-4,-4.33958609559662e-4,0.013769419349241994
2010-01-01,0.0475723636228228,89.0120010166586,94.2259678677462,-18.4240435369234,-235.293058231451,-280.800072202241,0.152440604232358,0.156876077568547,-0.105578826091119,-0.218959428750049,0.146459488596224,0.149977986042032,-0.11361199887772,-0.224992698919186,0.043084662464,-0.080521630984,-0.0607940128960001,0.206889079077,0.110847997575,0.0823546654999998,-0.124356081256,0.233587252,0.0012,0.0018,0.0021,3e-4,4.5e-4,5.25e-4,7.5e-5,0.002825,1.90598086124402,3.40798934753662,3.97303206997085,1.90772849462366,0.0391,0.0411,0.0334,0.03,0.0118,0.0189,0.0292,0.0338,0.0677633351110001,0.162876296484,-0.0635620683599999,0.0266981729229996,0.00127959646349196,0.0140285554442925,0.0118014726867972,-0.0391026725111182,-1.43347185577658e-5,-0.0220974983154645,-0.0374292748544098,-0.02449841790224,0.00786140723486,0.0174047067543651,0.0422966838582627,0.114435486545609,0.0295751265576658,0.0298937553827104,0.0310170683225281,0.0338409487954257,-1.80976595796901,-1.75060039463209,-2.09321563577577,-2.13805639116643,0.00700300128626541,0.0529331925803045,0.125028312570781,-0.289078065567832,-0.0940317888944954,-0.107030174438496,-0.162299869537522,-0.0880682493688706,0.0274407509714365,0.0299874488264322,0.0362880378961563,-0.036852840334177,0.436781644821167,0.417419612407684,0.452934443950653,0.435001075267792,0.896705496317538,0.716919799530654,0.582692867317088,0.672097992066288,0.685676121975103,0.596348766955204,0.53718125486691,0.619603333114477,-4.46777690979117,-4.84392357522306,-4.78404793581228,-4.12989316066912,0.0294210788653305,0.0360480113280168,0.0510041758950239,0.0463524244885721,0.341999143362045,0.345416843891144,0.498335659503937,0.652040898799896,-0.0293915510326009,-0.0377875514317694,-0.041939413577276,-0.0363346779915414,1.98186666666667,1.76973214285714,1.16493273542601,1.59207207207207,-0.864097773740415,-0.0641194199651766,1.10547196684657,2.17969805687909,-9.1607149162917,-17.4355524343807,-26.9198670920468,-36.0641820861027,-0.00628514627084739,-7.60559830932161e-4,-3.67576821519504e-4,-0.00785571684949094,-0.0131581974799611,-0.00498230771680237,0.00584963656820601,0.0120535831506686,-0.00434518160145139,0.00159277175560505,-0.00513376840413203,-0.0175940207575907,-0.00452852930573787,-0.00151153532081885,0.00728136798622166,0.00836919026138166,-0.00397722425662948,-0.0027936742744146,0.0104612782630463,0.00996224676647646,-0.010212538292416,-0.0168358793579622,-0.0236188428055133,-0.0278302730109274,-0.0317368191803615,0.0148291127232256,0.114300472719425,0.059458188057206,0.0040957553079061,-0.0147139253238752,0.00604886512590772,-0.00765997146378491,-0.023625533636556,-0.0224727364705883,-0.017873734938354,-0.0148037937965696,-5.02195269284147e-4,-3.83727783891591e-4,-7.81293449040037e-4,-9.10205892728156e-4,0.014784351559320275
2010-04-01,-0.126268565454283,103.562114339104,89.0120010166586,94.2259678677462,-18.4240435369234,-235.293058231451,0.0606571297562564,0.152440604232358,0.156876077568547,-0.105578826091119,0.0550163721216139,0.146459488596224,0.149977986042032,-0.11361199887772,-0.0552509882880001,0.043084662464,-0.080521630984,-0.0607940128960001,-0.0216581535999999,0.110847997575,0.0823546654999998,-0.124356081256,5e-4,0.0012,0.0018,0.0021,3e-4,4.5e-4,5.25e-4,7.5e-5,0.439572297429861,1.90598086124402,3.40798934753662,3.97303206997085,0.0453,0.0391,0.0411,0.0334,0.0111,0.0118,0.0189,0.0292,0.0335928346880002,0.0677633351110001,0.162876296484,-0.0635620683599999,-9.26058832516619e-5,0.00127959646349196,0.0140285554442925,0.0118014726867972,0.0105944691976338,-1.43347185577658e-5,-0.0220974983154645,-0.0374292748544098,0.00683272063543529,0.00786140723486,0.0174047067543651,0.0422966838582627,0.0296374061029856,0.0295751265576658,0.0298937553827104,0.0310170683225281,-1.63910431812404,-1.80976595796901,-1.75060039463209,-2.09321563577577,0.0285011011789091,0.00700300128626541,0.0529331925803045,0.125028312570781,-0.114454968685746,-0.0940317888944954,-0.107030174438496,-0.162299869537522,-0.0179021805524826,0.0274407509714365,0.0299874488264322,0.0362880378961563,0.462385177612305,0.436781644821167,0.417419612407684,0.452934443950653,0.988580377702633,0.896705496317538,0.716919799530654,0.582692867317088,0.736208684651026,0.685676121975103,0.596348766955204,0.53718125486691,-3.12073275570129,-4.46777690979117,-4.84392357522306,-4.78404793581228,0.0371977814357254,0.0294210788653305,0.0360480113280168,0.0510041758950239,0.385914415121078,0.341999143362045,0.345416843891144,0.498335659503937,-0.0162301730854442,-0.0293915510326009,-0.0377875514317694,-0.041939413577276,2.01309734513274,1.98186666666667,1.76973214285714,1.16493273542601,-1.30839266645796,-0.864097773740415,-0.0641194199651766,1.10547196684657,28.8357300069827,-9.1607149162917,-17.4355524343807,-26.9198670920468,-0.00275565937292341,-0.00628514627084739,-7.60559830932161e-4,-3.67576821519504e-4,-0.00602500729372792,-0.0131581974799611,-0.00498230771680237,0.00584963656820601,0.00185873079329944,-0.00434518160145139,0.00159277175560505,-0.00513376840413203,-0.00421175601737262,-0.00452852930573787,-0.00151153532081885,0.00728136798622166,-0.00436291397658714,-0.00397722425662948,-0.0027936742744146,0.0104612782630463,0.0234588692494784,-0.010212538292416,-0.0168358793579622,-0.0236188428055133,-0.0328246411926545,-0.0317368191803615,0.0148291127232256,0.114300472719425,0.00209505695614826,0.0040957553079061,-0.0147139253238752,0.00604886512590772,-0.0200772123835352,-0.023625533636556,-0.0224727364705883,-0.017873734938354,-9.38462449828242e-4,-5.02195269284147e-4,-3.83727783891591e-4,-7.81293449040037e-4,0.014137410640308885
2010-07-01,0.10183245519949,-72.7027875275485,103.562114339104,89.0120010166586,94.2259678677462,-18.4240435369234,0.054207925776498,0.0606571297562564,0.152440604232358,0.156876077568547,0.0490503585982325,0.0550163721216139,0.146459488596224,0.149977986042032,0.0111964226991741,-0.0552509882880001,0.043084662464,-0.080521630984,0.0180388910557665,-0.0216581535999999,0.110847997575,0.0823546654999998,0.0015,5e-4,0.0012,0.0018,1.25e-4,3e-4,4.5e-4,5.25e-4,0.359494501887412,0.439572297429861,1.90598086124402,3.40798934753662,0.0442777,0.0453,0.0391,0.0411,0.01,0.0111,0.0118,0.0189,0.00684246835659241,0.0335928346880002,0.0677633351110001,0.162876296484,0.00778887607722178,-9.26058832516619e-5,0.00127959646349196,0.0140285554442925,0.0263901004630317,0.0105944691976338,-1.43347185577658e-5,-0.0220974983154645,0.00499835674925333,0.00683272063543529,0.00786140723486,0.0174047067543651,0.0297109425525994,0.0296374061029856,0.0295751265576658,0.0298937553827104,-1.62488078564188,-1.63910431812404,-1.80976595796901,-1.75060039463209,0.0467887606623181,0.0285011011789091,0.00700300128626541,0.0529331925803045,-0.0060481682777964,-0.114454968685746,-0.0940317888944954,-0.107030174438496,0.0429088920354843,-0.0179021805524826,0.0274407509714365,0.0299874488264322,0.462467819452286,0.462385177612305,0.436781644821167,0.417419612407684,0.995343536785051,0.988580377702633,0.896705496317538,0.716919799530654,0.766465954041539,0.736208684651026,0.685676121975103,0.596348766955204,-2.99116724878938,-3.12073275570129,-4.46777690979117,-4.84392357522306,0.0283363014823812,0.0371977814357254,0.0294210788653305,0.0360480113280168,0.374265730381012,0.385914415121078,0.341999143362045,0.345416843891144,-0.0100765683213604,-0.0162301730854442,-0.0293915510326009,-0.0377875514317694,2.21422907488987,2.01309734513274,1.98186666666667,1.76973214285714,-0.768136963892926,-1.30839266645796,-0.864097773740415,-0.0641194199651766,20.4197443679171,28.8357300069827,-9.1607149162917,-17.4355524343807,-0.00276646028494271,-0.00275565937292341,-0.00628514627084739,-7.60559830932161e-4,-0.00565947511117249,-0.00602500729372792,-0.0131581974799611,-0.00498230771680237,-7.75756922251613e-4,0.00185873079329944,-0.00434518160145139,0.00159277175560505,-0.00366120534347335,-0.00421175601737262,-0.00452852930573787,-0.00151153532081885,-0.00289538880238104,-0.00436291397658714,-0.00397722425662948,-0.0027936742744146,0.0136405456664424,0.0234588692494784,-0.010212538292416,-0.0168358793579622,0.0391123708548488,-0.0328246411926545,-0.0317368191803615,0.0148291127232256,3.89482298154353e-4,0.00209505695614826,0.0040957553079061,-0.0147139253238752,-0.018947514572219,-0.0200772123835352,-0.023625533636556,-0.0224727364705883,-0.00135356612688201,-9.38462449828242e-4,-5.02195269284147e-4,-3.83727783891591e-4,0.010627936505252109
2010-10-01,0.0971566084455536,95.7974225739998,-72.7027875275485,103.562114339104,89.0120010166586,94.2259678677462,-0.115437652659249,0.054207925776498,0.0606571297562564,0.152440604232358,-0.119944990886836,0.0490503585982325,0.0550163721216139,0.146459488596224,0.123332730097565,0.0111964226991741,-0.0552509882880001,0.043084662464,0.083982096495625,0.0180388910557665,-0.0216581535999999,0.110847997575,0.0012,0.0015,5e-4,0.0012,3.75e-4,1.25e-4,3e-4,4.5e-4,0.328420268256334,0.359494501887412,0.439572297429861,1.90598086124402,0.0364074,0.0442777,0.0453,0.0391,0.0135,0.01,0.0111,0.0118,-0.03935063360194,0.00684246835659241,0.0335928346880002,0.0677633351110001,0.0015347078311454,0.00778887607722178,-9.26058832516619e-5,0.00127959646349196,0.0187758765034321,0.0263901004630317,0.0105944691976338,-1.43347185577658e-5,0.0154934327370285,0.00499835674925333,0.00683272063543529,0.00786140723486,0.0305454804305133,0.0297109425525994,0.0296374061029856,0.0295751265576658,-1.96659467406858,-1.62488078564188,-1.63910431812404,-1.80976595796901,0.0214864864864865,0.0467887606623181,0.0285011011789091,0.00700300128626541,-0.0183952612364327,-0.0060481682777964,-0.114454968685746,-0.0940317888944954,-0.0416355170309544,0.0429088920354843,-0.0179021805524826,0.0274407509714365,0.42936584353447,0.462467819452286,0.462385177612305,0.436781644821167,0.872288606099225,0.995343536785051,0.988580377702633,0.896705496317538,0.690034897027999,0.766465954041539,0.736208684651026,0.685676121975103,-2.76331778722159,-2.99116724878938,-3.12073275570129,-4.46777690979117,0.0378403538637735,0.0283363014823812,0.0371977814357254,0.0294210788653305,0.602016866207123,0.374265730381012,0.385914415121078,0.341999143362045,-0.00109770262834137,-0.0100765683213604,-0.0162301730854442,-0.0293915510326009,1.93451754385965,2.21422907488987,2.01309734513274,1.98186666666667,-0.0560854180045385,-0.768136963892926,-1.30839266645796,-0.864097773740415,17.5833473853311,20.4197443679171,28.8357300069827,-9.1607149162917,-0.00660140117359485,-0.00276646028494271,-0.00275565937292341,-0.00628514627084739,-0.00483080875512519,-0.00565947511117249,-0.00602500729372792,-0.0131581974799611,-0.0095232115150151,-7.75756922251613e-4,0.00185873079329944,-0.00434518160145139,2.62167229439694e-4,-0.00366120534347335,-0.00421175601737262,-0.00452852930573787,-0.00157027027023318,-0.00289538880238104,-0.00436291397658714,-0.00397722425662948,0.019836353172663,0.0136405456664424,0.0234588692494784,-0.010212538292416,0.0571791211956559,0.0391123708548488,-0.0328246411926545,-0.0317368191803615,-0.00758760680123424,3.89482298154353e-4,0.00209505695614826,0.0040957553079061,-0.0136760109509938,-0.018947514572219,-0.0200772123835352,-0.023625533636556,-4.11855295221693e-4,-0.00135356612688201,-9.38462449828242e-4,-5.02195269284147e-4,0.01115388046736305
2011-01-01,0.0528017296137241,168.617785020124,95.7974225739998,-72.7027875275485,103.562114339104,89.0120010166586,0.114170936477449,-0.115437652659249,0.054207925776498,0.0606571297562564,0.107801114901219,-0.119944990886836,0.0490503585982325,0.0550163721216139,0.0563754185556085,0.123332730097565,0.0111964226991741,-0.0552509882880001,0.0497701325728241,0.083982096495625,0.0180388910557665,-0.0216581535999999,0.0015,0.0012,0.0015,5e-4,3e-4,3.75e-4,1.25e-4,3e-4,0.311063178402449,0.328420268256334,0.359494501887412,0.439572297429861,0.032563,0.0364074,0.0442777,0.0453,0.0113,0.0135,0.01,0.0111,-0.00660528598278431,-0.03935063360194,0.00684246835659241,0.0335928346880002,0.00217466106943776,0.0015347078311454,0.00778887607722178,-9.26058832516619e-5,0.00333750310583065,0.0187758765034321,0.0263901004630317,0.0105944691976338,0.00839057129716775,0.0154934327370285,0.00499835674925333,0.00683272063543529,0.0312038439823123,0.0305454804305133,0.0297109425525994,0.0296374061029856,-1.7545985870608,-1.96659467406858,-1.62488078564188,-1.63910431812404,0.111497289031002,0.0214864864864865,0.0467887606623181,0.0285011011789091,0.0361783794417727,-0.0183952612364327,-0.0060481682777964,-0.114454968685746,0.056827805936336503,-0.0416355170309544,0.0429088920354843,-0.0179021805524826,0.438681602478027,0.42936584353447,0.462467819452286,0.462385177612305,0.962786355770578,0.872288606099225,0.995343536785051,0.988580377702633,0.761624282627097,0.690034897027999,0.766465954041539,0.736208684651026,-2.79127079513082,-2.76331778722159,-2.99116724878938,-3.12073275570129,0.0272892623054179,0.0378403538637735,0.0283363014823812,0.0371977814357254,0.500420272350311,0.602016866207123,0.374265730381012,0.385914415121078,0.00454755443276837,-0.00109770262834137,-0.0100765683213604,-0.0162301730854442,1.21606986899563,1.93451754385965,2.21422907488987,2.01309734513274,0.429666371204071,-0.0560854180045385,-0.768136963892926,-1.30839266645796,16.2675236106416,17.5833473853311,20.4197443679171,28.8357300069827,-0.008064277477506,-0.00660140117359485,-0.00276646028494271,-0.00275565937292341,-0.00976143775067069,-0.00483080875512519,-0.00565947511117249,-0.00602500729372792,-0.00923818020935326,-0.0095232115150151,-7.75756922251613e-4,0.00185873079329944,-0.0023819016900371,2.62167229439694e-4,-0.00366120534347335,-0.00421175601737262,-3.07850394280315e-4,-0.00157027027023318,-0.00289538880238104,-0.00436291397658714,0.00882306916047623,0.019836353172663,0.0136405456664424,0.0234588692494784,-0.0092092844115505,0.0571791211956559,0.0391123708548488,-0.0328246411926545,-0.0048306848488515,-0.00758760680123424,3.89482298154353e-4,0.00209505695614826,-0.0169774631352395,-0.0136760109509938,-0.018947514572219,-0.0200772123835352,-6.12213833493594e-4,-4.11855295221693e-4,-0.00135356612688201,-9.38462449828242e-4,0.011897648451201946
2011-04-01,-0.00392221083440559,169.999452919975,168.617785020124,95.7974225739998,-72.7027875275485,103.562114339104,0.108321244663632,0.114170936477449,-0.115437652659249,0.054207925776498,0.101909187209208,0.107801114901219,-0.119944990886836,0.0490503585982325,-0.0820959556412579,0.0563754185556085,0.123332730097565,0.0111964226991741,-0.0294111966029219,0.0497701325728241,0.083982096495625,0.0180388910557665,0.0014,0.0015,0.0012,0.0015,3.75e-4,3e-4,3.75e-4,1.25e-4,0.293846153846154,0.311063178402449,0.328420268256334,0.359494501887412,0.0399782,0.032563,0.0364074,0.0442777,0.0108,0.0113,0.0135,0.01,0.052684759038336,-0.00660528598278431,-0.03935063360194,0.00684246835659241,0.00338767344659163,0.00217466106943776,0.0015347078311454,0.00778887607722178,0.012611848285473,0.00333750310583065,0.0187758765034321,0.0263901004630317,0.00365015850579055,0.00839057129716775,0.0154934327370285,0.00499835674925333,0.0316196585235053,0.0312038439823123,0.0305454804305133,0.0297109425525994,-1.50899391088887,-1.7545985870608,-1.96659467406858,-1.62488078564188,0.086305278174037,0.111497289031002,0.0214864864864865,0.0467887606623181,-0.0199747178040495,0.0361783794417727,-0.0183952612364327,-0.0060481682777964,0.103825435042381,0.056827805936336503,-0.0416355170309544,0.0429088920354843,0.4559426009655,0.438681602478027,0.42936584353447,0.462467819452286,0.999320695566309,0.962786355770578,0.872288606099225,0.995343536785051,0.817359277010956,0.761624282627097,0.690034897027999,0.766465954041539,-2.82102203079627,-2.79127079513082,-2.76331778722159,-2.99116724878938,0.0309117726710456,0.0272892623054179,0.0378403538637735,0.0283363014823812,0.33638459444046,0.500420272350311,0.602016866207123,0.374265730381012,0.00700520113758211,0.00454755443276837,-0.00109770262834137,-0.0100765683213604,1.30078260869565,1.21606986899563,1.93451754385965,2.21422907488987,0.769401233509851,0.429666371204071,-0.0560854180045385,-0.768136963892926,17.0328880205173,16.2675236106416,17.5833473853311,20.4197443679171,-8.49454275459909e-4,-0.008064277477506,-0.00660140117359485,-0.00276646028494271,-0.0021005679646153,-0.00976143775067069,-0.00483080875512519,-0.00565947511117249,7.38775379194075e-4,-0.00923818020935326,-0.0095232115150151,-7.75756922251613e-4,-0.00306478447960432,-0.0023819016900371,2.62167229439694e-4,-0.00366120534347335,-0.0027207679622415,-3.07850394280315e-4,-0.00157027027023318,-0.00289538880238104,0.00551438792207472,0.00882306916047623,0.019836353172663,0.0136405456664424,-0.0234775869391795,-0.0092092844115505,0.0571791211956559,0.0391123708548488,-0.00136617590048519,-0.0048306848488515,-0.00758760680123424,3.89482298154353e-4,-0.0215008301206369,-0.0169774631352395,-0.0136760109509938,-0.018947514572219,-0.00110933204060178,-6.12213833493594e-4,-4.11855295221693e-4,-0.00135356612688201,0.011996145785198772
2011-07-01,-0.154642986597331,112.353458353864,169.999452919975,168.617785020124,95.7974225739998,-72.7027875275485,0.0572764143103075,0.108321244663632,0.114170936477449,-0.115437652659249,0.0523320085048162,0.101909187209208,0.107801114901219,-0.119944990886836,-0.00911636711199992,-0.0820959556412579,0.0563754185556085,0.123332730097565,-0.011579101808,-0.0294111966029219,0.0497701325728241,0.083982096495625,0.001,0.0014,0.0015,0.0012,3.5e-4,3.75e-4,3e-4,3.75e-4,0.288168736932727,0.293846153846154,0.311063178402449,0.328420268256334,0.0419,0.0399782,0.032563,0.0364074,0.009,0.0108,0.0113,0.0135,-0.00246273469600011,0.052684759038336,-0.00660528598278431,-0.03935063360194,0.0195639180760931,0.00338767344659163,0.00217466106943776,0.0015347078311454,0.0124760330223142,0.012611848285473,0.00333750310583065,0.0187758765034321,0.0042760277006119,0.00365015850579055,0.00839057129716775,0.0154934327370285,0.0313760450274194,0.0316196585235053,0.0312038439823123,0.0305454804305133,-1.91098302555547,-1.50899391088887,-1.7545985870608,-1.96659467406858,0.0936148300720907,0.086305278174037,0.111497289031002,0.0214864864864865,0.0268390003943519,-0.0199747178040495,0.0361783794417727,-0.0183952612364327,0.0163371209055185,0.103825435042381,0.056827805936336503,-0.0416355170309544,0.444564521312714,0.4559426009655,0.438681602478027,0.42936584353447,0.994228185211339,0.999320695566309,0.962786355770578,0.872288606099225,0.869759180149288,0.817359277010956,0.761624282627097,0.690034897027999,-2.82505643038767,-2.82102203079627,-2.79127079513082,-2.76331778722159,0.0226952185859907,0.0309117726710456,0.0272892623054179,0.0378403538637735,0.327014237642288,0.33638459444046,0.500420272350311,0.602016866207123,0.00272781466648671,0.00700520113758211,0.00454755443276837,-0.00109770262834137,1.90515151515152,1.30078260869565,1.21606986899563,1.93451754385965,1.32638452054083,0.769401233509851,0.429666371204071,-0.0560854180045385,16.2932690119309,17.0328880205173,16.2675236106416,17.5833473853311,-0.00144596940796832,-8.49454275459909e-4,-0.008064277477506,-0.00660140117359485,-0.0040017384612851,-0.0021005679646153,-0.00976143775067069,-0.00483080875512519,-5.10201088648615e-4,7.38775379194075e-4,-0.00923818020935326,-0.0095232115150151,-0.00247613585329765,-0.00306478447960432,-0.0023819016900371,2.62167229439694e-4,-0.00331075172548758,-0.0027207679622415,-3.07850394280315e-4,-0.00157027027023318,0.0047213865670623,0.00551438792207472,0.00882306916047623,0.019836353172663,-0.0136290325443582,-0.0234775869391795,-0.0092092844115505,0.0571791211956559,-0.0104063124669978,-0.00136617590048519,-0.0048306848488515,-0.00758760680123424,-0.0178929125763668,-0.0215008301206369,-0.0169774631352395,-0.0136760109509938,-0.00134355519515533,-0.00110933204060178,-6.12213833493594e-4,-4.11855295221693e-4,0.011294236291257587
2011-10-01,0.105731661708056,-92.2881793524627,112.353458353864,169.999452919975,168.617785020124,95.7974225739998,9.55516784516108e-4,0.0572764143103075,0.108321244663632,0.114170936477449,-0.00396562154930558,0.0523320085048162,0.101909187209208,0.107801114901219,0.0372021445450001,-0.00911636711199992,-0.0820959556412579,0.0563754185556085,0.0281597311700001,-0.011579101808,-0.0294111966029219,0.0497701325728241,4e-4,0.001,0.0014,0.0015,2.5e-4,3.5e-4,3.75e-4,3e-4,0.290222964111124,0.288168736932727,0.293846153846154,0.311063178402449,0.04,0.0419,0.0399782,0.032563,0.0076,0.009,0.0108,0.0113,-0.009042413375,-0.00246273469600011,0.052684759038336,-0.00660528598278431,0.0100909754012897,0.0195639180760931,0.00338767344659163,0.00217466106943776,0.0117335605883474,0.0124760330223142,0.012611848285473,0.00333750310583065,0.00386548131380883,0.0042760277006119,0.00365015850579055,0.00839057129716775,0.0319897456129209,0.0313760450274194,0.0316196585235053,0.0312038439823123,-1.86157214706395,-1.91098302555547,-1.50899391088887,-1.7545985870608,-0.0720545277507303,0.0936148300720907,0.086305278174037,0.111497289031002,-0.016262601219448,0.0268390003943519,-0.0199747178040495,0.0361783794417727,0.0301847197115421,0.0163371209055185,0.103825435042381,0.056827805936336503,0.457331746816635,0.444564521312714,0.4559426009655,0.438681602478027,0.96907234199339,0.994228185211339,0.999320695566309,0.962786355770578,0.876438540495166,0.869759180149288,0.817359277010956,0.761624282627097,-2.78616256780944,-2.82505643038767,-2.82102203079627,-2.79127079513082,0.0157486576722558,0.0226952185859907,0.0309117726710456,0.0272892623054179,0.355348527431488,0.327014237642288,0.33638459444046,0.500420272350311,0.00653656189443781,0.00272781466648671,0.00700520113758211,0.00454755443276837,1.72693965517241,1.90515151515152,1.30078260869565,1.21606986899563,1.87672305049241,1.32638452054083,0.769401233509851,0.429666371204071,14.9861387852008,16.2932690119309,17.0328880205173,16.2675236106416,-0.00357496944405912,-0.00144596940796832,-8.49454275459909e-4,-0.008064277477506,-0.00643390920197493,-0.0040017384612851,-0.0021005679646153,-0.00976143775067069,-0.00418300152722324,-5.10201088648615e-4,7.38775379194075e-4,-0.00923818020935326,-0.00119775011898047,-0.00247613585329765,-0.00306478447960432,-0.0023819016900371,-0.00179771726481071,-0.00331075172548758,-0.0027207679622415,-3.07850394280315e-4,0.00625143883762899,0.0047213865670623,0.00551438792207472,0.00882306916047623,-0.0115864414862808,-0.0136290325443582,-0.0234775869391795,-0.0092092844115505,0.00147311586807845,-0.0104063124669978,-0.00136617590048519,-0.0048306848488515,-0.0209336803101887,-0.0178929125763668,-0.0215008301206369,-0.0169774631352395,-0.00148511197053083,-0.00134355519515533,-0.00110933204060178,-6.12213833493594e-4,0.008307388870966522
2012-01-01,0.113298866160127,118.818303475191,-92.2881793524627,112.353458353864,169.999452919975,168.617785020124,-0.138179320122794,9.55516784516108e-4,0.0572764143103075,0.108321244663632,-0.142775645460446,-0.00396562154930558,0.0523320085048162,0.101909187209208,0.211733089856,0.0372021445450001,-0.00911636711199992,-0.0820959556412579,0.134100224,0.0281597311700001,-0.011579101808,-0.0294111966029219,1e-4,4e-4,0.001,0.0014,1e-4,2.5e-4,3.5e-4,3.75e-4,0.289503334099793,0.290222964111124,0.288168736932727,0.293846153846154,0.0264,0.04,0.0419,0.0399782,0.0118,0.0076,0.009,0.0108,-0.0776328658560002,-0.009042413375,-0.00246273469600011,0.052684759038336,0.00517007646574097,0.0100909754012897,0.0195639180760931,0.00338767344659163,0.0130493056705019,0.0117335605883474,0.0124760330223142,0.012611848285473,0.0279688155682553,0.00386548131380883,0.0042760277006119,0.00365015850579055,0.0332620058798538,0.0319897456129209,0.0313760450274194,0.0316196585235053,-2.23705236913669,-1.86157214706395,-1.91098302555547,-1.50899391088887,-0.0781443531133881,-0.0720545277507303,0.0936148300720907,0.086305278174037,-0.0134146844405135,-0.016262601219448,0.0268390003943519,-0.0199747178040495,-0.0082920603454113,0.0301847197115421,0.0163371209055185,0.103825435042381,0.407312750816345,0.457331746816635,0.444564521312714,0.4559426009655,0.851906320888893,0.96907234199339,0.994228185211339,0.999320695566309,0.770472440666933,0.876438540495166,0.869759180149288,0.817359277010956,-2.58515708243631,-2.78616256780944,-2.82505643038767,-2.82102203079627,0.0286554786218535,0.0157486576722558,0.0226952185859907,0.0309117726710456,0.707788825035095,0.355348527431488,0.327014237642288,0.33638459444046,0.00386625297197087,0.00653656189443781,0.00272781466648671,0.00700520113758211,0.969527896995708,1.72693965517241,1.90515151515152,1.30078260869565,2.18024762176392,1.87672305049241,1.32638452054083,0.769401233509851,15.1435753075583,14.9861387852008,16.2932690119309,17.0328880205173,-0.0120206059698126,-0.00357496944405912,-0.00144596940796832,-8.49454275459909e-4,-0.00963390058088997,-0.00643390920197493,-0.0040017384612851,-0.0021005679646153,-0.0171401616899603,-0.00418300152722324,-5.10201088648615e-4,7.38775379194075e-4,0.00248121291742891,-0.00119775011898047,-0.00247613585329765,-0.00306478447960432,8.95290210129876e-4,-0.00179771726481071,-0.00331075172548758,-0.0027207679622415,0.0179808512541467,0.00625143883762899,0.0047213865670623,0.00551438792207472,0.0396248576350117,-0.0115864414862808,-0.0136290325443582,-0.0234775869391795,-0.00136492179646536,0.00147311586807845,-0.0104063124669978,-0.00136617590048519,-0.0192396698389201,-0.0209336803101887,-0.0178929125763668,-0.0215008301206369,-0.00141231127181022,-0.00148511197053083,-0.00134355519515533,-0.00110933204060178,0.008821845585727397
2012-04-01,-0.0334323337226804,223.693457131288,118.818303475191,-92.2881793524627,112.353458353864,169.999452919975,0.116415883901335,-0.138179320122794,9.55516784516108e-4,0.0572764143103075,0.109789855392642,-0.142775645460446,-0.00396562154930558,0.0523320085048162,0.0205627023799999,0.211733089856,0.0372021445450001,-0.00911636711199992,0.023306786432,0.134100224,0.0281597311700001,-0.011579101808,1e-4,1e-4,4e-4,0.001,2.5e-5,1e-4,2.5e-4,3.5e-4,0.303910293271995,0.289503334099793,0.290222964111124,0.288168736932727,0.0247,0.0264,0.04,0.0419,0.0132,0.0118,0.0076,0.009,0.00274408405200011,-0.0776328658560002,-0.009042413375,-0.00246273469600011,-0.00536385633503611,0.00517007646574097,0.0100909754012897,0.0195639180760931,-0.00649732860675042,0.0130493056705019,0.0117335605883474,0.0124760330223142,0.0178445502965292,0.0279688155682553,0.00386548131380883,0.0042760277006119,0.0338373819338597,0.0332620058798538,0.0319897456129209,0.0313760450274194,-1.85586583944322,-2.23705236913669,-1.86157214706395,-1.91098302555547,-0.0152451175767238,-0.0781443531133881,-0.0720545277507303,0.0936148300720907,0.0474222347527094,-0.0134146844405135,-0.016262601219448,0.0268390003943519,0.0516251735389233,-0.0082920603454113,0.0301847197115421,0.0163371209055185,0.464654266834259,0.407312750816345,0.457331746816635,0.444564521312714,0.953711553142959,0.851906320888893,0.96907234199339,0.994228185211339,0.862546092245913,0.770472440666933,0.876438540495166,0.869759180149288,-2.69123371051357,-2.58515708243631,-2.78616256780944,-2.82505643038767,0.0208199166235122,0.0286554786218535,0.0157486576722558,0.0226952185859907,0.619006335735321,0.707788825035095,0.355348527431488,0.327014237642288,0.0107515724810791,0.00386625297197087,0.00653656189443781,0.00272781466648671,0.595384615384615,0.969527896995708,1.72693965517241,1.90515151515152,2.85441532594062,2.18024762176392,1.87672305049241,1.32638452054083,12.1564669058306,15.1435753075583,14.9861387852008,16.2932690119309,-0.00898449129393969,-0.0120206059698126,-0.00357496944405912,-0.00144596940796832,-0.00692330350176208,-0.00963390058088997,-0.00643390920197493,-0.0040017384612851,-0.0117103480456005,-0.0171401616899603,-0.00418300152722324,-5.10201088648615e-4,-6.18984888280657e-4,0.00248121291742891,-0.00119775011898047,-0.00247613585329765,2.90604249597551e-4,8.95290210129876e-4,-0.00179771726481071,-0.00331075172548758,0.00286206952797925,0.0179808512541467,0.00625143883762899,0.0047213865670623,-0.0262206303431109,0.0396248576350117,-0.0115864414862808,-0.0136290325443582,0.00380105623544406,-0.00136492179646536,0.00147311586807845,-0.0104063124669978,-0.0215626186312382,-0.0192396698389201,-0.0209336803101887,-0.0178929125763668,-0.00120099226660738,-0.00141231127181022,-0.00148511197053083,-0.00134355519515533,0.010345625441418375
2012-07-01,0.0560366080272937,93.1684389225803,223.693457131288,118.818303475191,-92.2881793524627,112.353458353864,0.126345774791058,0.116415883901335,-0.138179320122794,9.55516784516108e-4,0.120528998077214,0.109789855392642,-0.142775645460446,-0.00396562154930558,-0.049017921616,0.0205627023799999,0.211733089856,0.0372021445450001,-0.0058533005739998,0.023306786432,0.134100224,0.0281597311700001,8e-4,1e-4,1e-4,4e-4,2.5e-5,2.5e-5,1e-4,2.5e-4,0.308933815224757,0.303910293271995,0.289503334099793,0.290222964111124,0.0282,0.0247,0.0264,0.04,0.0124,0.0132,0.0118,0.0076,0.0431646210420003,0.00274408405200011,-0.0776328658560002,-0.009042413375,0.0164841008188876,-0.00536385633503611,0.00517007646574097,0.0100909754012897,-0.0137750544383464,-0.00649732860675042,0.0130493056705019,0.0117335605883474,0.00242710394197457,0.0178445502965292,0.0279688155682553,0.00386548131380883,0.0344032548298742,0.0338373819338597,0.0332620058798538,0.0319897456129209,-1.88381671320961,-1.85586583944322,-2.23705236913669,-1.86157214706395,-0.037822189017557,-0.0152451175767238,-0.0781443531133881,-0.0720545277507303,0.014976262468143,0.0474222347527094,-0.0134146844405135,-0.016262601219448,0.0308620743453503,0.0516251735389233,-0.0082920603454113,0.0301847197115421,0.449146836996078,0.464654266834259,0.407312750816345,0.457331746816635,0.996927432474443,0.953711553142959,0.851906320888893,0.96907234199339,0.932755269677144,0.862546092245913,0.770472440666933,0.876438540495166,-2.78827276714632,-2.69123371051357,-2.58515708243631,-2.78616256780944,0.0218601415400061,0.0208199166235122,0.0286554786218535,0.0157486576722558,0.219844818115234,0.619006335735321,0.707788825035095,0.355348527431488,0.0137636723231309,0.0107515724810791,0.00386625297197087,0.00653656189443781,0.522851063829787,0.595384615384615,0.969527896995708,1.72693965517241,2.97769948636364,2.85441532594062,2.18024762176392,1.87672305049241,12.4245205709054,12.1564669058306,15.1435753075583,14.9861387852008,-0.00636865171113467,-0.00898449129393969,-0.0120206059698126,-0.00357496944405912,-0.00611099253277449,-0.00692330350176208,-0.00963390058088997,-0.00643390920197493,-0.00482275953868246,-0.0117103480456005,-0.0171401616899603,-0.00418300152722324,-0.00200839080112963,-6.18984888280657e-4,0.00248121291742891,-0.00119775011898047,-0.00135194302010712,2.90604249597551e-4,8.95290210129876e-4,-0.00179771726481071,-0.00171011855194281,0.00286206952797925,0.0179808512541467,0.00625143883762899,-0.0215051561204123,-0.0262206303431109,0.0396248576350117,-0.0115864414862808,-0.00476920945362217,0.00380105623544406,-0.00136492179646536,0.00147311586807845,-0.0182287249585598,-0.0215626186312382,-0.0192396698389201,-0.0209336803101887,-0.00162118590175981,-0.00120099226660738,-0.00141231127181022,-0.00148511197053083,0.007184685492085235
2012-10-01,-0.0101017302093818,171.663316946286,93.1684389225803,223.693457131288,118.818303475191,-92.2881793524627,-0.02671265985336,0.126345774791058,0.116415883901335,-0.138179320122794,-0.0320911468388536,0.120528998077214,0.109789855392642,-0.142775645460446,0.092763383768,-0.049017921616,0.0205627023799999,0.211733089856,0.0671497660159999,-0.0058533005739998,0.023306786432,0.134100224,9e-4,8e-4,1e-4,1e-4,2e-4,2.5e-5,2.5e-5,1e-4,0.322111010009099,0.308933815224757,0.303910293271995,0.289503334099793,0.0216,0.0282,0.0247,0.0264,0.0138,0.0124,0.0132,0.0118,-0.0256136177520001,0.0431646210420003,0.00274408405200011,-0.0776328658560002,3.7490409430152e-4,0.0164841008188876,-0.00536385633503611,0.00517007646574097,-0.0190430708589326,-0.0137750544383464,-0.00649732860675042,0.0130493056705019,0.00656086380573373,0.00242710394197457,0.0178445502965292,0.0279688155682553,0.0348531145709758,0.0344032548298742,0.0338373819338597,0.0332620058798538,-1.8624996879092,-1.88381671320961,-1.85586583944322,-2.23705236913669,-0.0171058714748034,-0.037822189017557,-0.0152451175767238,-0.0781443531133881,-0.0125738431176041,0.014976262468143,0.0474222347527094,-0.0134146844405135,0.00404606247320771,0.0308620743453503,0.0516251735389233,-0.0082920603454113,0.444675713777542,0.449146836996078,0.464654266834259,0.407312750816345,0.969935960576295,0.996927432474443,0.953711553142959,0.851906320888893,0.909319970376709,0.932755269677144,0.862546092245913,0.770472440666933,-2.75646982419452,-2.78827276714632,-2.69123371051357,-2.58515708243631,0.0254307863937866,0.0218601415400061,0.0208199166235122,0.0286554786218535,0.449869096279144,0.219844818115234,0.619006335735321,0.707788825035095,0.012748166182642,0.0137636723231309,0.0107515724810791,0.00386625297197087,0.280635593220339,0.522851063829787,0.595384615384615,0.969527896995708,3.22270125187249,2.97769948636364,2.85441532594062,2.18024762176392,10.1095561201341,12.4245205709054,12.1564669058306,15.1435753075583,-0.00933083870741803,-0.00636865171113467,-0.00898449129393969,-0.0120206059698126,-0.00755877558341529,-0.00611099253277449,-0.00692330350176208,-0.00963390058088997,-0.012263198179009,-0.00482275953868246,-0.0117103480456005,-0.0171401616899603,1.25107044856743e-4,-0.00200839080112963,-6.18984888280657e-4,0.00248121291742891,6.67600227970283e-4,-0.00135194302010712,2.90604249597551e-4,8.95290210129876e-4,0.0028661314215121,-0.00171011855194281,0.00286206952797925,0.0179808512541467,-0.00450038771236036,-0.0215051561204123,-0.0262206303431109,0.0396248576350117,-0.0044567203430049,-0.00476920945362217,0.00380105623544406,-0.00136492179646536,-0.0194631981266666,-0.0182287249585598,-0.0215626186312382,-0.0192396698389201,-0.00148104457274176,-0.00162118590175981,-0.00120099226660738,-0.00141231127181022,0.006987814035283033
2013-01-01,0.0955530097108175,111.467408881931,171.663316946286,93.1684389225803,223.693457131288,118.818303475191,0.0634940059144489,-0.02671265985336,0.126345774791058,0.116415883901335,0.0576261079572062,-0.0320911468388536,0.120528998077214,0.109789855392642,0.00287315221599993,0.092763383768,-0.049017921616,0.0205627023799999,0.038084071416,0.0671497660159999,-0.0058533005739998,0.023306786432,0.0011,9e-4,8e-4,1e-4,2.25e-4,2e-4,2.5e-5,2.5e-5,0.342080924855491,0.322111010009099,0.308933815224757,0.303910293271995,0.0215,0.0216,0.0282,0.0247,0.0135,0.0138,0.0124,0.0132,0.0352109192000001,-0.0256136177520001,0.0431646210420003,0.00274408405200011,0.0084060345654049,3.7490409430152e-4,0.0164841008188876,-0.00536385633503611,-0.0174248984527333,-0.0190430708589326,-0.0137750544383464,-0.00649732860675042,0.00332460262587267,0.00656086380573373,0.00242710394197457,0.0178445502965292,0.0343993714087897,0.0348531145709758,0.0344032548298742,0.0338373819338597,-1.57560570854407,-1.8624996879092,-1.88381671320961,-1.85586583944322,-0.0444697833523374,-0.0171058714748034,-0.037822189017557,-0.0152451175767238,0.00155355770534632,-0.0125738431176041,0.014976262468143,0.0474222347527094,0.07313022762537,0.00404606247320771,0.0308620743453503,0.0516251735389233,0.485328406095505,0.444675713777542,0.449146836996078,0.464654266834259,0.988247347011421,0.969935960576295,0.996927432474443,0.953711553142959,0.948646372311683,0.909319970376709,0.932755269677144,0.862546092245913,-2.82977290276768,-2.75646982419452,-2.78827276714632,-2.69123371051357,0.0192013243435212,0.0254307863937866,0.0218601415400061,0.0208199166235122,0.324293076992035,0.449869096279144,0.219844818115234,0.619006335735321,0.00924170609518755,0.012748166182642,0.0137636723231309,0.0107515724810791,0.0894514767932488,0.280635593220339,0.522851063829787,0.595384615384615,3.74639082553627,3.22270125187249,2.97769948636364,2.85441532594062,8.12017354315278,10.1095561201341,12.4245205709054,12.1564669058306,-0.00864048446538612,-0.00933083870741803,-0.00636865171113467,-0.00898449129393969,-0.00790566092622511,-0.00755877558341529,-0.00611099253277449,-0.00692330350176208,-0.00872854849773737,-0.012263198179009,-0.00482275953868246,-0.0117103480456005,-6.39172159385423e-4,1.25107044856743e-4,-0.00200839080112963,-6.18984888280657e-4,-6.23131296477699e-4,6.67600227970283e-4,-0.00135194302010712,2.90604249597551e-4,-0.00202598405326758,0.0028661314215121,-0.00171011855194281,0.00286206952797925,-0.021391456399876,-0.00450038771236036,-0.0215051561204123,-0.0262206303431109,-0.00276631525437394,-0.0044567203430049,-0.00476920945362217,0.00380105623544406,-0.0194600439345063,-0.0194631981266666,-0.0182287249585598,-0.0215626186312382,-0.0017318647041474,-0.00148104457274176,-0.00162118590175981,-0.00120099226660738,0.006417042661529341
2013-04-01,0.0233613838707998,246.744851046158,111.467408881931,171.663316946286,93.1684389225803,223.693457131288,-0.00420525170882602,0.0634940059144489,-0.02671265985336,0.126345774791058,-0.0113134242350821,0.0576261079572062,-0.0320911468388536,0.120528998077214,-0.00748235276799991,0.00287315221599993,0.092763383768,-0.049017921616,0.00494097502399993,0.038084071416,0.0671497660159999,-0.0058533005739998,7e-4,0.0011,9e-4,8e-4,2.75e-4,2.25e-4,2e-4,2.5e-5,0.361194567888906,0.342080924855491,0.322111010009099,0.308933815224757,0.0234,0.0215,0.0216,0.0282,0.0098,0.0135,0.0138,0.0124,0.0124233277919998,0.0352109192000001,-0.0256136177520001,0.0431646210420003,-0.00780443115376805,0.0084060345654049,3.7490409430152e-4,0.0164841008188876,-0.0115491210383637,-0.0174248984527333,-0.0190430708589326,-0.0137750544383464,0.00386388942665235,0.00332460262587267,0.00656086380573373,0.00242710394197457,0.0344498265265958,0.0343993714087897,0.0348531145709758,0.0344032548298742,-1.49163906332072,-1.57560570854407,-1.8624996879092,-1.88381671320961,0.0371583465100518,-0.0444697833523374,-0.0171058714748034,-0.037822189017557,0.0398541508845997,0.00155355770534632,-0.0125738431176041,0.014976262468143,0.0746559947729111,0.07313022762537,0.00404606247320771,0.0308620743453503,0.484641999006271,0.485328406095505,0.444675713777542,0.449146836996078,0.962821129818554,0.988247347011421,0.969935960576295,0.996927432474443,0.925137650172649,0.948646372311683,0.909319970376709,0.932755269677144,-2.81955557230385,-2.82977290276768,-2.75646982419452,-2.78827276714632,0.0200450633228708,0.0192013243435212,0.0254307863937866,0.0218601415400061,0.368939369916916,0.324293076992035,0.449869096279144,0.219844818115234,0.00600526200954172,0.00924170609518755,0.012748166182642,0.0137636723231309,0.169075630252101,0.0894514767932488,0.280635593220339,0.522851063829787,4.48950973351663,3.74639082553627,3.22270125187249,2.97769948636364,8.27506535149171,8.12017354315278,10.1095561201341,12.4245205709054,-0.00552344589694878,-0.00864048446538612,-0.00933083870741803,-0.00636865171113467,-0.00854456622009944,-0.00790566092622511,-0.00755877558341529,-0.00611099253277449,-0.00622469328013521,-0.00872854849773737,-0.012263198179009,-0.00482275953868246,7.6671588266326e-4,-6.39172159385423e-4,1.25107044856743e-4,-0.00200839080112963,5.28501654205824e-4,-6.23131296477699e-4,6.67600227970283e-4,-0.00135194302010712,7.13685148872252e-4,-0.00202598405326758,0.0028661314215121,-0.00171011855194281,-0.00540861819222535,-0.021391456399876,-0.00450038771236036,-0.0215051561204123,-0.0165199662879324,-0.00276631525437394,-0.0044567203430049,-0.00476920945362217,-0.0242738348620483,-0.0194600439345063,-0.0194631981266666,-0.0182287249585598,-0.00166171465757154,-0.0017318647041474,-0.00148104457274176,-0.00162118590175981,0.005894328965317049
2013-07-01,0.0457950405816571,205.220178064579,246.744851046158,111.467408881931,171.663316946286,93.1684389225803,0.106121998857878,-0.00420525170882602,0.0634940059144489,-0.02671265985336,0.100332432324335,-0.0113134242350821,0.0576261079572062,-0.0320911468388536,-0.0282409734239999,-0.00748235276799991,0.00287315221599993,0.092763383768,-0.0240509660379999,0.00494097502399993,0.038084071416,0.0671497660159999,9e-4,7e-4,0.0011,9e-4,1.75e-4,2.75e-4,2.25e-4,2e-4,0.36615669404868,0.361194567888906,0.342080924855491,0.322111010009099,0.0275,0.0234,0.0215,0.0216,0.00919999999999999,0.0098,0.0135,0.0138,0.00419000738599995,0.0124233277919998,0.0352109192000001,-0.0256136177520001,0.0138152708394128,-0.00780443115376805,0.0084060345654049,3.7490409430152e-4,-0.00891063799762705,-0.0115491210383637,-0.0174248984527333,-0.0190430708589326,0.00263406393777251,0.00386388942665235,0.00332460262587267,0.00656086380573373,0.0346535709762119,0.0344498265265958,0.0343993714087897,0.0348531145709758,-1.52283527819664,-1.49163906332072,-1.57560570854407,-1.8624996879092,0.0566119743561881,0.0371583465100518,-0.0444697833523374,-0.0171058714748034,-0.0283646432563807,0.0398541508845997,0.00155355770534632,-0.0125738431176041,0.0291355773806572,0.0746559947729111,0.07313022762537,0.00404606247320771,0.470915913581848,0.484641999006271,0.485328406095505,0.444675713777542,1,0.962821129818554,0.988247347011421,0.969935960576295,1,0.925137650172649,0.948646372311683,0.909319970376709,-2.9038033357828,-2.81955557230385,-2.82977290276768,-2.75646982419452,0.016096040848541,0.0200450633228708,0.0192013243435212,0.0254307863937866,0.304631859064102,0.368939369916916,0.324293076992035,0.449869096279144,0.010208071650559,0.00600526200954172,0.00924170609518755,0.012748166182642,0.40836820083682,0.169075630252101,0.0894514767932488,0.280635593220339,4.1959091223617,4.48950973351663,3.74639082553627,3.22270125187249,9.1661260460294791,8.27506535149171,8.12017354315278,10.1095561201341,-0.00285704990403088,-0.00552344589694878,-0.00864048446538612,-0.00933083870741803,-0.00470176916805894,-0.00854456622009944,-0.00790566092622511,-0.00755877558341529,-0.00205990826661492,-0.00622469328013521,-0.00872854849773737,-0.012263198179009,-0.0013669950737716,7.6671588266326e-4,-6.39172159385423e-4,1.25107044856743e-4,-8.53177592216381e-4,5.28501654205824e-4,-6.23131296477699e-4,6.67600227970283e-4,-0.00392743648168962,7.13685148872252e-4,-0.00202598405326758,0.0028661314215121,-0.0107246028778067,-0.00540861819222535,-0.021391456399876,-0.00450038771236036,0.00828456639149494,-0.0165199662879324,-0.00276631525437394,-0.0044567203430049,-0.0193007624772727,-0.0242738348620483,-0.0194600439345063,-0.0194631981266666,-0.00191769420900481,-0.00166171465757154,-0.0017318647041474,-0.00148104457274176,0.005805180744221154
2013-10-01,0.0945827723307917,238.620333326737,205.220178064579,246.744851046158,111.467408881931,171.663316946286,0.0290061472550904,0.106121998857878,-0.00420525170882602,0.0634940059144489,0.0234389818964427,0.100332432324335,-0.0113134242350821,0.0576261079572062,-0.0551945078299998,-0.0282409734239999,-0.00748235276799991,0.00287315221599993,-0.0569074692560001,-0.0240509660379999,0.00494097502399993,0.038084071416,5e-4,9e-4,7e-4,0.0011,2.25e-4,1.75e-4,2.75e-4,2.25e-4,0.365765160225669,0.36615669404868,0.361194567888906,0.342080924855491,0.0324,0.0275,0.0234,0.0215,0.00920000000000001,0.00919999999999999,0.0098,0.0135,-0.0017129614260003,0.00419000738599995,0.0124233277919998,0.0352109192000001,0.00314039858574655,0.0138152708394128,-0.00780443115376805,0.0084060345654049,1.18711364696538e-4,-0.00891063799762705,-0.0115491210383637,-0.0174248984527333,0.00494597717091049,0.00263406393777251,0.00386388942665235,0.00332460262587267,0.034499470921225,0.0346535709762119,0.0344498265265958,0.0343993714087897,-1.89837299510166,-1.52283527819664,-1.49163906332072,-1.57560570854407,0.048188839334276,0.0566119743561881,0.0371583465100518,-0.0444697833523374,0.0911865991359683,-0.0283646432563807,0.0398541508845997,0.00155355770534632,-0.0140535654500127,0.0291355773806572,0.0746559947729111,0.07313022762537,0.446944385766983,0.470915913581848,0.484641999006271,0.485328406095505,0.967565880284684,1,0.962821129818554,0.988247347011421,0.967565880284684,1,0.925137650172649,0.948646372311683,-2.89410580751727,-2.9038033357828,-2.81955557230385,-2.82977290276768,0.0199061120874971,0.016096040848541,0.0200450633228708,0.0192013243435212,0.394337952136993,0.304631859064102,0.368939369916916,0.324293076992035,0.00762819870773457,0.010208071650559,0.00600526200954172,0.00924170609518755,0.496666666666667,0.40836820083682,0.169075630252101,0.0894514767932488,4.50882406081309,4.1959091223617,4.48950973351663,3.74639082553627,11.510736449657,9.1661260460294791,8.27506535149171,8.12017354315278,-6.13256664638418e-4,-0.00285704990403088,-0.00552344589694878,-0.00864048446538612,-0.00174706056609556,-0.00470176916805894,-0.00854456622009944,-0.00790566092622511,5.45750821738763e-4,-0.00205990826661492,-0.00622469328013521,-0.00872854849773737,-5.72336071922301e-4,-0.0013669950737716,7.6671588266326e-4,-6.39172159385423e-4,-0.00135996915771084,-8.53177592216381e-4,5.28501654205824e-4,-6.23131296477699e-4,-7.35083062651842e-4,-0.00392743648168962,7.13685148872252e-4,-0.00202598405326758,-0.0170771696623219,-0.0107246028778067,-0.00540861819222535,-0.021391456399876,-0.00369037848977005,0.00828456639149494,-0.0165199662879324,-0.00276631525437394,-0.0123490192924637,-0.0193007624772727,-0.0242738348620483,-0.0194600439345063,-0.00149307669098932,-0.00191769420900481,-0.00166171465757154,-0.0017318647041474,0.008380817287527789
2014-01-01,0.0128902260531652,349.899898561893,238.620333326737,205.220178064579,246.744851046158,111.467408881931,0.0522777487208874,0.0290061472550904,0.106121998857878,-0.00420525170882602,0.0466373773689253,0.0234389818964427,0.100332432324335,-0.0113134242350821,-0.0191162163130001,-0.0551945078299998,-0.0282409734239999,-0.00748235276799991,-0.00292899211599984,-0.0569074692560001,-0.0240509660379999,0.00494097502399993,2e-4,5e-4,9e-4,7e-4,1.25e-4,2.25e-4,1.75e-4,2.75e-4,0.364564071009846,0.365765160225669,0.36615669404868,0.361194567888906,0.034,0.0324,0.0275,0.0234,0.0083,0.00920000000000001,0.00919999999999999,0.0098,0.0161872241970002,-0.0017129614260003,0.00419000738599995,0.0124233277919998,0.00276226531451296,0.00314039858574655,0.0138152708394128,-0.00780443115376805,0.0101187005180924,1.18711364696538e-4,-0.00891063799762705,-0.0115491210383637,0.00207471225803647,0.00494597717091049,0.00263406393777251,0.00386388942665235,0.034803444778984,0.034499470921225,0.0346535709762119,0.0344498265265958,-1.58577736549221,-1.89837299510166,-1.52283527819664,-1.49163906332072,-0.0520466753102427,0.048188839334276,0.0566119743561881,0.0371583465100518,0.0541181778872723,0.0911865991359683,-0.0283646432563807,0.0398541508845997,-0.022110179066658,-0.0140535654500127,0.0291355773806572,0.0746559947729111,0.463101327419281,0.446944385766983,0.470915913581848,0.484641999006271,0.96509076388632,0.967565880284684,1,0.962821129818554,0.96509076388632,0.967565880284684,1,0.925137650172649,-2.90796047862687,-2.89410580751727,-2.9038033357828,-2.81955557230385,0.0208492330339967,0.0199061120874971,0.016096040848541,0.0200450633228708,0.262465447187424,0.394337952136993,0.304631859064102,0.368939369916916,0.0100360806521931,0.00762819870773457,0.010208071650559,0.00600526200954172,1.22460580912863,0.496666666666667,0.40836820083682,0.169075630252101,4.71343629983732,4.50882406081309,4.1959091223617,4.48950973351663,12.8706237149179,11.510736449657,9.1661260460294791,8.27506535149171,0.0012711029900567,-6.13256664638418e-4,-0.00285704990403088,-0.00552344589694878,-4.94221484663887e-4,-0.00174706056609556,-0.00470176916805894,-0.00854456622009944,-6.89898750248471e-4,5.45750821738763e-4,-0.00205990826661492,-0.00622469328013521,-8.50913086568231e-4,-5.72336071922301e-4,-0.0013669950737716,7.6671588266326e-4,-2.5415141389746e-4,-0.00135996915771084,-8.53177592216381e-4,5.28501654205824e-4,-9.86367193049839e-4,-7.35083062651842e-4,-0.00392743648168962,7.13685148872252e-4,-0.0177457169932917,-0.0170771696623219,-0.0107246028778067,-0.00540861819222535,0.00183341912500938,-0.00369037848977005,0.00828456639149494,-0.0165199662879324,-0.0156655491695846,-0.0123490192924637,-0.0193007624772727,-0.0242738348620483,-0.00126966342009949,-0.00149307669098932,-0.00191769420900481,-0.00166171465757154,0.006798513372467718
2014-04-01,0.0458728278011933,269.628593323321,349.899898561893,238.620333326737,205.220178064579,246.744851046158,0.106498197278808,0.0522777487208874,0.0290061472550904,0.106121998857878,0.100629264105814,0.0466373773689253,0.0234389818964427,0.100332432324335,-0.0315722669440001,-0.0191162163130001,-0.0551945078299998,-0.0282409734239999,0.0125210037079999,-0.00292899211599984,-0.0569074692560001,-0.0240509660379999,7e-4,2e-4,5e-4,9e-4,5e-5,1.25e-4,2.25e-4,1.75e-4,0.349221997103165,0.364564071009846,0.365765160225669,0.36615669404868,0.036,0.034,0.0324,0.0275,0.0076,0.0083,0.00920000000000001,0.00919999999999999,0.044093270652,0.0161872241970002,-0.0017129614260003,0.00419000738599995,-0.00469786332634348,0.00276226531451296,0.00314039858574655,0.0138152708394128,0.0121439460323615,0.0101187005180924,1.18711364696538e-4,-0.00891063799762705,0.0028282839785523,0.00207471225803647,0.00494597717091049,0.00263406393777251,0.0352928736777003,0.034803444778984,0.034499470921225,0.0346535709762119,-1.76188737570165,-1.58577736549221,-1.89837299510166,-1.52283527819664,0.0607239330091842,-0.0520466753102427,0.048188839334276,0.0566119743561881,0.0535801210716979,0.0541181778872723,0.0911865991359683,-0.0283646432563807,0.0583680905401707,-0.022110179066658,-0.0140535654500127,0.0291355773806572,0.455277353525162,0.463101327419281,0.446944385766983,0.470915913581848,1,0.96509076388632,0.967565880284684,1,1,0.96509076388632,0.967565880284684,1,-2.94347330662552,-2.90796047862687,-2.89410580751727,-2.9038033357828,0.0169818354252154,0.0208492330339967,0.0199061120874971,0.016096040848541,0.312075972557068,0.262465447187424,0.394337952136993,0.304631859064102,0.0118979940810944,0.0100360806521931,0.00762819870773457,0.010208071650559,1.22954545454545,1.22460580912863,0.496666666666667,0.40836820083682,4.35849384093358,4.71343629983732,4.50882406081309,4.1959091223617,16.2510423761043,12.8706237149179,11.510736449657,9.1661260460294791,-0.00117323963816919,0.0012711029900567,-6.13256664638418e-4,-0.00285704990403088,-0.00303609931321568,-4.94221484663887e-4,-0.00174706056609556,-0.00470176916805894,5.50973914407446e-4,-6.89898750248471e-4,5.45750821738763e-4,-0.00205990826661492,-0.0022468329251937,-8.50913086568231e-4,-5.72336071922301e-4,-0.0013669950737716,-0.00216967173356212,-2.5415141389746e-4,-0.00135996915771084,-8.53177592216381e-4,-0.00245116095219017,-9.86367193049839e-4,-7.35083062651842e-4,-0.00392743648168962,-0.0431945396002809,-0.0177457169932917,-0.0170771696623219,-0.0107246028778067,0.00414929402677121,0.00183341912500938,-0.00369037848977005,0.00828456639149494,-0.00907120007595297,-0.0156655491695846,-0.0123490192924637,-0.0193007624772727,-0.0014141867972347,-0.00126966342009949,-0.00149307669098932,-0.00191769420900481,0.006256078120338173
2014-07-01,0.00613349089529631,311.5900311885,269.628593323321,349.899898561893,238.620333326737,205.220178064579,0.0176373584088232,0.106498197278808,0.0522777487208874,0.0290061472550904,0.0124953318412109,0.100629264105814,0.0466373773689253,0.0234389818964427,0.0692999347759999,-0.0315722669440001,-0.0191162163130001,-0.0551945078299998,0.0569689076959998,0.0125210037079999,-0.00292899211599984,-0.0569074692560001,5e-4,7e-4,2e-4,5e-4,1.75e-4,5e-5,1.25e-4,2.25e-4,0.359223391896941,0.349221997103165,0.364564071009846,0.365765160225669,0.0326,0.036,0.034,0.0324,0.0068,0.0076,0.0083,0.00920000000000001,-0.0123310270800001,0.044093270652,0.0161872241970002,-0.0017129614260003,0.0139198194371142,-0.00469786332634348,0.00276226531451296,0.00314039858574655,0.0164166031804492,0.0121439460323615,0.0101187005180924,1.18711364696538e-4,0.00342618569018812,0.0028282839785523,0.00207471225803647,0.00494597717091049,0.0354980109245241,0.0352928736777003,0.034803444778984,0.034499470921225,-1.95389210462339,-1.76188737570165,-1.58577736549221,-1.89837299510166,-0.0127332814930016,0.0607239330091842,-0.0520466753102427,0.048188839334276,0.0203016553219822,0.0535801210716979,0.0541181778872723,0.0911865991359683,0.0659557431936264,0.0583680905401707,-0.022110179066658,-0.0140535654500127,0.468239724636078,0.455277353525162,0.463101327419281,0.446944385766983,0.992821231780105,1,0.96509076388632,0.967565880284684,0.992821231780105,1,0.96509076388632,0.967565880284684,-2.94814665403087,-2.94347330662552,-2.90796047862687,-2.89410580751727,0.0281089398659483,0.0169818354252154,0.0208492330339967,0.0199061120874971,0.342488437891006,0.312075972557068,0.262465447187424,0.394337952136993,0.00341803031622438,0.0118979940810944,0.0100360806521931,0.00762819870773457,1.24448559670782,1.22954545454545,1.22460580912863,0.496666666666667,4.91647906217953,4.35849384093358,4.71343629983732,4.50882406081309,13.0760378919822,16.2510423761043,12.8706237149179,11.510736449657,-0.00408006931202423,-0.00117323963816919,0.0012711029900567,-6.13256664638418e-4,-0.00617941587160914,-0.00303609931321568,-4.94221484663887e-4,-0.00174706056609556,-0.00471436814628109,5.50973914407446e-4,-6.89898750248471e-4,5.45750821738763e-4,-0.0010292431167045,-0.0022468329251937,-8.50913086568231e-4,-5.72336071922301e-4,-0.00125041333698201,-0.00216967173356212,-2.5415141389746e-4,-0.00135996915771084,-0.00166682411791929,-0.00245116095219017,-9.86367193049839e-4,-7.35083062651842e-4,0.0188186605537645,-0.0431945396002809,-0.0177457169932917,-0.0170771696623219,-0.00771867961520155,0.00414929402677121,0.00183341912500938,-0.00369037848977005,-0.0112175277130536,-0.00907120007595297,-0.0156655491695846,-0.0123490192924637,-0.00161113509730708,-0.0014141867972347,-0.00126966342009949,-0.00149307669098932,0.005937915418911708
2014-10-01,0.0429765554086773,256.796676892355,311.5900311885,269.628593323321,349.899898561893,238.620333326737,0.0512711869668645,0.0176373584088232,0.106498197278808,0.0522777487208874,0.0459463653108887,0.0124953318412109,0.100629264105814,0.0466373773689253,0.0438887275250002,0.0692999347759999,-0.0315722669440001,-0.0191162163130001,0.0371710016,0.0569689076959998,0.0125210037079999,-0.00292899211599984,4e-4,5e-4,7e-4,2e-4,1.25e-4,1.75e-4,5e-5,1.25e-4,0.362496865757578,0.359223391896941,0.349221997103165,0.364564071009846,0.0303,0.0326,0.036,0.034,0.0055,0.0068,0.0076,0.0083,-0.0067177259250002,-0.0123310270800001,0.044093270652,0.0161872241970002,0.0086756696135728,0.0139198194371142,-0.00469786332634348,0.00276226531451296,0.0138854262407072,0.0164166031804492,0.0121439460323615,0.0101187005180924,0.00219989641849877,0.00342618569018812,0.0028282839785523,0.00207471225803647,0.0361356670621183,0.0354980109245241,0.0352928736777003,0.034803444778984,-1.71660982614703,-1.95389210462339,-1.76188737570165,-1.58577736549221,0.0258220502901352,-0.0127332814930016,0.0607239330091842,-0.0520466753102427,0.0235916697969978,0.0203016553219822,0.0535801210716979,0.0541181778872723,0.0363317653536797,0.0659557431936264,0.0583680905401707,-0.022110179066658,0.459131598472595,0.468239724636078,0.455277353525162,0.463101327419281,0.992890810688331,0.992821231780105,1,0.96509076388632,0.992890810688331,0.992821231780105,1,0.96509076388632,-2.97059148039637,-2.94814665403087,-2.94347330662552,-2.90796047862687,0.0242098357570864,0.0281089398659483,0.0169818354252154,0.0208492330339967,0.271863371133804,0.342488437891006,0.312075972557068,0.262465447187424,0.00958740557144348,0.00341803031622438,0.0118979940810944,0.0100360806521931,1.11938524590164,1.24448559670782,1.22954545454545,1.22460580912863,5.12893960716642,4.91647906217953,4.35849384093358,4.71343629983732,13.7067454062878,13.0760378919822,16.2510423761043,12.8706237149179,-0.00444064867102892,-0.00408006931202423,-0.00117323963816919,0.0012711029900567,-0.00722347118901095,-0.00617941587160914,-0.00303609931321568,-4.94221484663887e-4,-0.00583089991808595,-0.00471436814628109,5.50973914407446e-4,-6.89898750248471e-4,-0.0013062165891399,-0.0010292431167045,-0.0022468329251937,-8.50913086568231e-4,-0.00115155285775609,-0.00125041333698201,-0.00216967173356212,-2.5415141389746e-4,-0.00241089070445505,-0.00166682411791929,-0.00245116095219017,-9.86367193049839e-4,-0.00758906704324466,0.0188186605537645,-0.0431945396002809,-0.0177457169932917,-0.00307982744873108,-0.00771867961520155,0.00414929402677121,0.00183341912500938,-0.00873820828153299,-0.0112175277130536,-0.00907120007595297,-0.0156655491695846,-8.26607277846163e-4,-0.00161113509730708,-0.0014141867972347,-0.00126966342009949,0.007170337947390184
2015-01-01,0.00435685239797593,310.951421794302,256.796676892355,311.5900311885,269.628593323321,349.899898561893,0.0109675138104184,0.0512711869668645,0.0176373584088232,0.106498197278808,0.00579390673520952,0.0459463653108887,0.0124953318412109,0.100629264105814,0.02508255439,0.0438887275250002,0.0692999347759999,-0.0315722669440001,0.00995332457600018,0.0371710016,0.0569689076959998,0.0125210037079999,2e-4,4e-4,5e-4,7e-4,1e-4,1.25e-4,1.75e-4,5e-5,0.363293802345536,0.362496865757578,0.359223391896941,0.349221997103165,0.0293,0.0303,0.0326,0.036,0.0069,0.0055,0.0068,0.0076,-0.0151292298139998,-0.0067177259250002,-0.0123310270800001,0.044093270652,-0.00130903781524938,0.0086756696135728,0.0139198194371142,-0.00469786332634348,0.0079914181625154,0.0138854262407072,0.0164166031804492,0.0121439460323615,0.00221634684065233,0.00219989641849877,0.00342618569018812,0.0028282839785523,0.0365104909557876,0.0361356670621183,0.0354980109245241,0.0352928736777003,-1.78546548981341,-1.71660982614703,-1.95389210462339,-1.76188737570165,-0.0683629675045984,0.0258220502901352,-0.0127332814930016,0.0607239330091842,-0.0011674338088232,0.0235916697969978,0.0203016553219822,0.0535801210716979,-0.0300913341343403,0.0363317653536797,0.0659557431936264,0.0583680905401707,0.471517771482468,0.459131598472595,0.468239724636078,0.455277353525162,0.986293775253563,0.992890810688331,0.992821231780105,1,0.986293775253563,0.992890810688331,0.992821231780105,1,-2.94887417146406,-2.97059148039637,-2.94814665403087,-2.94347330662552,0.0241461623883879,0.0242098357570864,0.0281089398659483,0.0169818354252154,0.322432100772858,0.271863371133804,0.342488437891006,0.312075972557068,0.0137015543439207,0.00958740557144348,0.00341803031622438,0.0118979940810944,0.994816326530612,1.11938524590164,1.24448559670782,1.22954545454545,5.29007148722294,5.12893960716642,4.91647906217953,4.35849384093358,14.5266476212523,13.7067454062878,13.0760378919822,16.2510423761043,-0.00503462643899298,-0.00444064867102892,-0.00408006931202423,-0.00117323963816919,-0.00553338796063228,-0.00722347118901095,-0.00617941587160914,-0.00303609931321568,-0.00564620884255999,-0.00583089991808595,-0.00471436814628109,5.50973914407446e-4,-6.61859845682117e-4,-0.0013062165891399,-0.0010292431167045,-0.0022468329251937,-0.00125605673418874,-0.00115155285775609,-0.00125041333698201,-0.00216967173356212,-4.40339900430323e-4,-0.00241089070445505,-0.00166682411791929,-0.00245116095219017,-0.0115670388274018,-0.00758906704324466,0.0188186605537645,-0.0431945396002809,-0.0030136020673551,-0.00307982744873108,-0.00771867961520155,0.00414929402677121,0.00811948862425876,-0.00873820828153299,-0.0112175277130536,-0.00907120007595297,-7.7272521693947e-4,-8.26607277846163e-4,-0.00161113509730708,-0.0014141867972347,0.005623663218165672
2015-04-01,-0.00231410706028365,258.094357690328,310.951421794302,256.796676892355,311.5900311885,269.628593323321,0.0496631180711691,0.0109675138104184,0.0512711869668645,0.0176373584088232,0.044077410075525,0.00579390673520952,0.0459463653108887,0.0124953318412109,0.090182282,0.02508255439,0.0438887275250002,0.0692999347759999,0.0592247132750001,0.00995332457600018,0.0371710016,0.0569689076959998,3e-4,2e-4,4e-4,5e-4,5e-5,1e-4,1.25e-4,1.75e-4,0.385525765738735,0.363293802345536,0.362496865757578,0.359223391896941,0.0237,0.0293,0.0303,0.0326,0.0095,0.0069,0.0055,0.0068,-0.0309575687249999,-0.0151292298139998,-0.0067177259250002,-0.0123310270800001,-0.0135234486264394,-0.00130903781524938,0.0086756696135728,0.0139198194371142,0.00562501173365185,0.0079914181625154,0.0138854262407072,0.0164166031804492,0.00508709169264938,0.00221634684065233,0.00219989641849877,0.00342618569018812,0.0364104625681407,0.0365104909557876,0.0361356670621183,0.0354980109245241,-1.85468127912969,-1.78546548981341,-1.71660982614703,-1.95389210462339,-0.189414619350925,-0.0683629675045984,0.0258220502901352,-0.0127332814930016,-0.0505806556419982,-0.0011674338088232,0.0235916697969978,0.0203016553219822,0.00188125285785645,-0.0300913341343403,0.0363317653536797,0.0659557431936264,0.476879566907883,0.471517771482468,0.459131598472595,0.468239724636078,0.987224786484329,0.986293775253563,0.992890810688331,0.992821231780105,0.987224786484329,0.986293775253563,0.992890810688331,0.992821231780105,-3.02377905304474,-2.94887417146406,-2.97059148039637,-2.94814665403087,0.0270891221671929,0.0241461623883879,0.0242098357570864,0.0281089398659483,0.400246977806091,0.322432100772858,0.271863371133804,0.342488437891006,0.0110593791872509,0.0137015543439207,0.00958740557144348,0.00341803031622438,0.780772357723577,0.994816326530612,1.11938524590164,1.24448559670782,5.29041031690998,5.29007148722294,5.12893960716642,4.91647906217953,8.54940718069204,14.5266476212523,13.7067454062878,13.0760378919822,-0.00730598225407907,-0.00503462643899298,-0.00444064867102892,-0.00408006931202423,-0.00559518845349044,-0.00553338796063228,-0.00722347118901095,-0.00617941587160914,-0.0101773707542052,-0.00564620884255999,-0.00583089991808595,-0.00471436814628109,-0.00116750118200745,-6.61859845682117e-4,-0.0013062165891399,-0.0010292431167045,-0.00122085668913601,-0.00125605673418874,-0.00115155285775609,-0.00125041333698201,-0.00473834063759186,-4.40339900430323e-4,-0.00241089070445505,-0.00166682411791929,-0.0246448246705861,-0.0115670388274018,-0.00758906704324466,0.0188186605537645,-0.00686993501059306,-0.0030136020673551,-0.00307982744873108,-0.00771867961520155,0.0129079159448119,0.00811948862425876,-0.00873820828153299,-0.0112175277130536,-5.43056302318138e-4,-7.7272521693947e-4,-8.26607277846163e-4,-0.00161113509730708,0.0053668453154820835
2015-07-01,-0.0718737789167023,224.62510048299,258.094357690328,310.951421794302,256.796676892355,311.5900311885,0.0104883394595741,0.0496631180711691,0.0109675138104184,0.0512711869668645,0.00518558572649663,0.044077410075525,0.00579390673520952,0.0459463653108887,0.0287959494409999,0.090182282,0.02508255439,0.0438887275250002,0.0319339025600001,0.0592247132750001,0.00995332457600018,0.0371710016,3e-4,3e-4,2e-4,4e-4,7.5e-5,5e-5,1e-4,1.25e-4,0.411149721379717,0.385525765738735,0.363293802345536,0.362496865757578,0.022,0.0237,0.0293,0.0303,0.009,0.0095,0.0069,0.0055,0.00313795311900011,-0.0309575687249999,-0.0151292298139998,-0.0067177259250002,0.00556615505170099,-0.0135234486264394,-0.00130903781524938,0.0086756696135728,-0.0068897072679605,0.00562501173365185,0.0079914181625154,0.0138854262407072,0.00476054393450565,0.00508709169264938,0.00221634684065233,0.00219989641849877,0.0360167171641355,0.0364104625681407,0.0365104909557876,0.0361356670621183,-1.82340410243986,-1.85468127912969,-1.78546548981341,-1.71660982614703,-0.0425361155698235,-0.189414619350925,-0.0683629675045984,0.0258220502901352,-0.0229697397045665,-0.0505806556419982,-0.0011674338088232,0.0235916697969978,0.0450593158602715,0.00188125285785645,-0.0300913341343403,0.0363317653536797,0.46881312131881703,0.476879566907883,0.471517771482468,0.459131598472595,0.971976577797243,0.987224786484329,0.986293775253563,0.992890810688331,0.971976577797243,0.987224786484329,0.986293775253563,0.992890810688331,-3.05683677869889,-3.02377905304474,-2.94887417146406,-2.97059148039637,0.0202874861429799,0.0270891221671929,0.0241461623883879,0.0242098357570864,0.384082943201065,0.400246977806091,0.322432100772858,0.271863371133804,0.0118336885718498,0.0110593791872509,0.0137015543439207,0.00958740557144348,0.457611336032389,0.780772357723577,0.994816326530612,1.11938524590164,5.78252658601356,5.29041031690998,5.29007148722294,5.12893960716642,6.33123542544089,8.54940718069204,14.5266476212523,13.7067454062878,-0.00690615087436229,-0.00730598225407907,-0.00503462643899298,-0.00444064867102892,-0.00698261545505105,-0.00559518845349044,-0.00553338796063228,-0.00722347118901095,-0.00878711066721488,-0.0101773707542052,-0.00564620884255999,-0.00583089991808595,-4.16429023155446e-4,-0.00116750118200745,-6.61859845682117e-4,-0.0013062165891399,-7.66989734013141e-4,-0.00122085668913601,-0.00125605673418874,-0.00115155285775609,-0.00439170134527267,-0.00473834063759186,-4.40339900430323e-4,-0.00241089070445505,-0.0332505066577825,-0.0246448246705861,-0.0115670388274018,-0.00758906704324466,-0.0161166812946302,-0.00686993501059306,-0.0030136020673551,-0.00307982744873108,0.0142075903485538,0.0129079159448119,0.00811948862425876,-0.00873820828153299,-7.43989084404337e-4,-5.43056302318138e-4,-7.7272521693947e-4,-8.26607277846163e-4,0.005824727603332536
2015-10-01,0.0625384628158084,66.9462923788667,224.62510048299,258.094357690328,310.951421794302,256.796676892355,0.00197350465206814,0.0104883394595741,0.0496631180711691,0.0109675138104184,-0.00317694549921532,0.00518558572649663,0.044077410075525,0.00579390673520952,-0.0690955255000001,0.0287959494409999,0.090182282,0.02508255439,-0.07289323744,0.0319339025600001,0.0592247132750001,0.00995332457600018,2e-4,3e-4,3e-4,2e-4,7.5e-5,7.5e-5,5e-5,1e-4,0.439806151195174,0.411149721379717,0.385525765738735,0.363293802345536,0.0259,0.022,0.0237,0.0293,0.00939999999999999,0.009,0.0095,0.0069,-0.00379771193999989,0.00313795311900011,-0.0309575687249999,-0.0151292298139998,0.0106683494339719,0.00556615505170099,-0.0135234486264394,-0.00130903781524938,-0.00872535659718155,-0.0068897072679605,0.00562501173365185,0.0079914181625154,0.0025134956449704,0.00476054393450565,0.00508709169264938,0.00221634684065233,0.0358718044202676,0.0360167171641355,0.0364104625681407,0.0365104909557876,-1.69407402557401,-1.82340410243986,-1.85468127912969,-1.78546548981341,-0.012780082987552,-0.0425361155698235,-0.189414619350925,-0.0683629675045984,-0.0170820385894206,-0.0229697397045665,-0.0505806556419982,-0.0011674338088232,-0.0708117485046387,0.0450593158602715,0.00188125285785645,-0.0300913341343403,0.469555467367172,0.46881312131881703,0.476879566907883,0.471517771482468,0.962163322209717,0.971976577797243,0.987224786484329,0.986293775253563,0.962163322209717,0.971976577797243,0.987224786484329,0.986293775253563,-3.10236663508149,-3.05683677869889,-3.02377905304474,-2.94887417146406,0.0269586573577024,0.0202874861429799,0.0270891221671929,0.0241461623883879,0.330907076597214,0.384082943201065,0.400246977806091,0.322432100772858,0.00995805866584229,0.0118336885718498,0.0110593791872509,0.0137015543439207,0.665766129032258,0.457611336032389,0.780772357723577,0.994816326530612,5.65397002107181,5.78252658601356,5.29041031690998,5.29007148722294,3.31265504704994,6.33123542544089,8.54940718069204,14.5266476212523,-8.00078293459029e-5,-0.00690615087436229,-0.00730598225407907,-0.00503462643899298,2.12442149647246e-4,-0.00698261545505105,-0.00559518845349044,-0.00553338796063228,-0.00324544591431018,-0.00878711066721488,-0.0101773707542052,-0.00564620884255999,-1.5027608534182e-4,-4.16429023155446e-4,-0.00116750118200745,-6.61859845682117e-4,-4.41271063857583e-4,-7.66989734013141e-4,-0.00122085668913601,-0.00125605673418874,-0.00499008048471856,-0.00439170134527267,-0.00473834063759186,-4.40339900430323e-4,-0.0203941486376558,-0.0332505066577825,-0.0246448246705861,-0.0115670388274018,-0.0100533325295205,-0.0161166812946302,-0.00686993501059306,-0.0030136020673551,0.0176038267096087,0.0142075903485538,0.0129079159448119,0.00811948862425876,4.92690837186448e-5,-7.43989084404337e-4,-5.43056302318138e-4,-7.7272521693947e-4,0.004835404420735809
2016-01-01,0.00770047240629086,250.458959015422,66.9462923788667,224.62510048299,258.094357690328,310.951421794302,-0.0636191353987057,0.00197350465206814,0.0104883394595741,0.0496631180711691,-0.0686865527741518,-0.00317694549921532,0.00518558572649663,0.044077410075525,0.0521335069520001,-0.0690955255000001,0.0287959494409999,0.090182282,0.0305665002710001,-0.07289323744,0.0319339025600001,0.0592247132750001,2e-4,2e-4,3e-4,3e-4,5e-5,7.5e-5,7.5e-5,5e-5,0.46889914526222,0.439806151195174,0.411149721379717,0.385525765738735,0.0238,0.0259,0.022,0.0237,0.0127,0.00939999999999999,0.009,0.0095,-0.0215670066810001,-0.00379771193999989,0.00313795311900011,-0.0309575687249999,-0.00290398008699377,0.0106683494339719,0.00556615505170099,-0.0135234486264394,-0.0136376380100128,-0.00872535659718155,-0.0068897072679605,0.00562501173365185,0.0110602192908761,0.0025134956449704,0.00476054393450565,0.00508709169264938,0.0357025297845719,0.0358718044202676,0.0360167171641355,0.0364104625681407,-1.93794739320224,-1.69407402557401,-1.82340410243986,-1.85468127912969,-0.0841463414634146,-0.012780082987552,-0.0425361155698235,-0.189414619350925,-0.0691324278082529,-0.0170820385894206,-0.0229697397045665,-0.0505806556419982,0.0187529530376196,-0.0708117485046387,0.0450593158602715,0.00188125285785645,0.498499810695648,0.469555467367172,0.46881312131881703,0.476879566907883,0.889272235901485,0.962163322209717,0.971976577797243,0.987224786484329,0.889272235901485,0.962163322209717,0.971976577797243,0.987224786484329,-3.07444776610623,-3.10236663508149,-3.05683677869889,-3.02377905304474,0.0297012658612575,0.0269586573577024,0.0202874861429799,0.0270891221671929,0.574624836444855,0.330907076597214,0.384082943201065,0.400246977806091,0.0064928317060862,0.00995805866584229,0.0118336885718498,0.0110593791872509,0.693092369477912,0.665766129032258,0.457611336032389,0.780772357723577,5.52558654903346,5.65397002107181,5.78252658601356,5.29041031690998,1.33171405489847,3.31265504704994,6.33123542544089,8.54940718069204,-0.00351295143082004,-8.00078293459029e-5,-0.00690615087436229,-0.00730598225407907,-1.74402039367171e-4,2.12442149647246e-4,-0.00698261545505105,-0.00559518845349044,-0.00653989765741155,-0.00324544591431018,-0.00878711066721488,-0.0101773707542052,0.00147115101419084,-1.5027608534182e-4,-4.16429023155446e-4,-0.00116750118200745,0.00110298462217537,-4.41271063857583e-4,-7.66989734013141e-4,-0.00122085668913601,-0.00227893345557233,-0.00499008048471856,-0.00439170134527267,-0.00473834063759186,0.00671355194428557,-0.0203941486376558,-0.0332505066577825,-0.0246448246705861,-0.00707685211487246,-0.0100533325295205,-0.0161166812946302,-0.00686993501059306,0.0107504908505681,0.0176038267096087,0.0142075903485538,0.0129079159448119,-7.60770449215682e-5,4.92690837186448e-5,-7.43989084404337e-4,-5.43056302318138e-4,0.007283924225358067
2016-04-01,0.0188145789425832,212.58923465843,250.458959015422,66.9462923788667,224.62510048299,258.094357690328,0.0705284068168961,-0.0636191353987057,0.00197350465206814,0.0104883394595741,0.0644408695438525,-0.0686865527741518,-0.00317694549921532,0.00518558572649663,-0.0139396657899998,0.0521335069520001,-0.0690955255000001,0.0287959494409999,0.0040039999999999,0.0305665002710001,-0.07289323744,0.0319339025600001,0.0023,2e-4,2e-4,3e-4,5e-5,5e-5,7.5e-5,7.5e-5,0.501420170587428,0.46889914526222,0.439806151195174,0.411149721379717,0.022,0.0238,0.0259,0.022,0.0149,0.0127,0.00939999999999999,0.009,0.0179436657899997,-0.0215670066810001,-0.00379771193999989,0.00313795311900011,-0.00596776566013146,-0.00290398008699377,0.0106683494339719,0.00556615505170099,-0.0222515502958407,-0.0136376380100128,-0.00872535659718155,-0.0068897072679605,0.00557615068061897,0.0110602192908761,0.0025134956449704,0.00476054393450565,0.0351681670789503,0.0357025297845719,0.0358718044202676,0.0360167171641355,-1.93780206852164,-1.93794739320224,-1.69407402557401,-1.82340410243986,-0.0816225575068018,-0.0841463414634146,-0.012780082987552,-0.0425361155698235,-0.0324232724829945,-0.0691324278082529,-0.0170820385894206,-0.0229697397045665,-0.00441905111074448,0.0187529530376196,-0.0708117485046387,0.0450593158602715,0.485961019992828,0.498499810695648,0.469555467367172,0.46881312131881703,0.951543190157047,0.889272235901485,0.962163322209717,0.971976577797243,0.951543190157047,0.889272235901485,0.962163322209717,0.971976577797243,-3.18429619784198,-3.07444776610623,-3.10236663508149,-3.05683677869889,0.0268808279436683,0.0297012658612575,0.0269586573577024,0.0202874861429799,0.386385530233383,0.574624836444855,0.330907076597214,0.384082943201065,0.00185754422183405,0.0064928317060862,0.00995805866584229,0.0118336885718498,0.58032,0.693092369477912,0.665766129032258,0.457611336032389,5.61908599404343,5.52558654903346,5.65397002107181,5.78252658601356,-0.215192816434256,1.33171405489847,3.31265504704994,6.33123542544089,-0.00428228145713193,-0.00351295143082004,-8.00078293459029e-5,-0.00690615087436229,-4.69970418796404e-4,-1.74402039367171e-4,2.12442149647246e-4,-0.00698261545505105,-0.00522898637556793,-0.00653989765741155,-0.00324544591431018,-0.00878711066721488,-4.66762293561011e-4,0.00147115101419084,-1.5027608534182e-4,-4.16429023155446e-4,-5.0748924363436e-4,0.00110298462217537,-4.41271063857583e-4,-7.66989734013141e-4,-0.00722471393878487,-0.00227893345557233,-0.00499008048471856,-0.00439170134527267,-0.0266285719867796,0.00671355194428557,-0.0203941486376558,-0.0332505066577825,-0.00859809649837906,-0.00707685211487246,-0.0100533325295205,-0.0161166812946302,0.00660603431308757,0.0107504908505681,0.0176038267096087,0.0142075903485538,-6.51018730586726e-4,-7.60770449215682e-5,4.92690837186448e-5,-7.43989084404337e-4,0.009564588563738432
2016-07-01,0.0325352743822472,229.216688213542,212.58923465843,250.458959015422,66.9462923788667,224.62510048299,0.013165591658348,0.0705284068168961,-0.0636191353987057,0.00197350465206814,0.00711361240303043,0.0644408695438525,-0.0686865527741518,-0.00317694549921532,0.078075920168000107,-0.0139396657899998,0.0521335069520001,-0.0690955255000001,0.0736267851119998,0.0040039999999999,0.0305665002710001,-0.07289323744,0.0029,0.0023,2e-4,2e-4,5.75e-4,5e-5,5e-5,7.5e-5,0.507588380301925,0.501420170587428,0.46889914526222,0.439806151195174,0.0189,0.022,0.0238,0.0259,0.0131,0.0149,0.0127,0.00939999999999999,-0.00444913505600031,0.0179436657899997,-0.0215670066810001,-0.00379771193999989,0.00679420780044393,-0.00596776566013146,-0.00290398008699377,0.0106683494339719,-0.0237096365599866,-0.0222515502958407,-0.0136376380100128,-0.00872535659718155,0.00817701540066549,0.00557615068061897,0.0110602192908761,0.0025134956449704,0.0348433440420552,0.0351681670789503,0.0357025297845719,0.0358718044202676,-1.9450212367372,-1.93780206852164,-1.93794739320224,-1.69407402557401,0.12828344532681701,-0.0816225575068018,-0.0841463414634146,-0.012780082987552,-0.0284445965915707,-0.0324232724829945,-0.0691324278082529,-0.0170820385894206,0.0612867958843708,-0.00441905111074448,0.0187529530376196,-0.0708117485046387,0.49277451634407,0.485961019992828,0.498499810695648,0.469555467367172,0.96574450413081,0.951543190157047,0.889272235901485,0.962163322209717,0.96574450413081,0.951543190157047,0.889272235901485,0.962163322209717,-3.1896081225852,-3.18429619784198,-3.07444776610623,-3.10236663508149,0.0286227456777577,0.0268808279436683,0.0297012658612575,0.0269586573577024,0.401841580867767,0.386385530233383,0.574624836444855,0.330907076597214,0.00125648186100369,0.00185754422183405,0.0064928317060862,0.00995805866584229,0.13800796812749,0.58032,0.693092369477912,0.665766129032258,5.3003043382576,5.61908599404343,5.52558654903346,5.65397002107181,2.42706765746059,-0.215192816434256,1.33171405489847,3.31265504704994,-0.00524661087704376,-0.00428228145713193,-0.00351295143082004,-8.00078293459029e-5,-0.0047843023485927,-4.69970418796404e-4,-1.74402039367171e-4,2.12442149647246e-4,-0.00754001291143389,-0.00522898637556793,-0.00653989765741155,-0.00324544591431018,-2.07502077030455e-4,-4.66762293561011e-4,0.00147115101419084,-1.5027608534182e-4,0.00146442378559465,-5.0748924363436e-4,0.00110298462217537,-4.41271063857583e-4,-0.00498203514458083,-0.00722471393878487,-0.00227893345557233,-0.00499008048471856,-0.00359930180067502,-0.0266285719867796,0.00671355194428557,-0.0203941486376558,-0.00488731865697938,-0.00859809649837906,-0.00707685211487246,-0.0100533325295205,0.00360390196251744,0.00660603431308757,0.0107504908505681,0.0176038267096087,3.65255104090074e-4,-6.51018730586726e-4,-7.60770449215682e-5,4.92690837186448e-5,0.008982117961655389
2016-10-01,0.0320237934125397,268.049713161336,229.216688213542,212.58923465843,250.458959015422,66.9462923788667,0.0250379320383605,0.013165591658348,0.0705284068168961,-0.0636191353987057,0.0195234622641807,0.00711361240303043,0.0644408695438525,-0.0686865527741518,0.0620250758600001,0.078075920168000107,-0.0139396657899998,0.0521335069520001,0.0545349806719999,0.0736267851119998,0.0040039999999999,0.0305665002710001,0.0027,0.0029,0.0023,2e-4,7.25e-4,5.75e-4,5e-5,5e-5,0.511503421281293,0.507588380301925,0.501420170587428,0.46889914526222,0.0152,0.0189,0.022,0.0238,0.0103,0.0131,0.0149,0.0127,-0.00749009518800015,-0.00444913505600031,0.0179436657899997,-0.0215670066810001,0.0121193287756369,0.00679420780044393,-0.00596776566013146,-0.00290398008699377,-0.0286793233904651,-0.0237096365599866,-0.0222515502958407,-0.0136376380100128,0.0046777408650381,0.00817701540066549,0.00557615068061897,0.0110602192908761,0.034798125478005,0.0348433440420552,0.0351681670789503,0.0357025297845719,-1.89472602585481,-1.9450212367372,-1.93780206852164,-1.93794739320224,-0.0169042769857434,0.12828344532681701,-0.0816225575068018,-0.0841463414634146,-0.0814575685413432,-0.0284445965915707,-0.0324232724829945,-0.0691324278082529,-0.0383741371333599,0.0612867958843708,-0.00441905111074448,0.0187529530376196,0.495874494314194,0.49277451634407,0.485961019992828,0.498499810695648,0.989500144865551,0.96574450413081,0.951543190157047,0.889272235901485,0.979117963302442,0.96574450413081,0.951543190157047,0.889272235901485,-3.20042843624401,-3.1896081225852,-3.18429619784198,-3.07444776610623,0.0282786970100304,0.0286227456777577,0.0268808279436683,0.0297012658612575,0.361305922269821,0.401841580867767,0.386385530233383,0.574624836444855,-0.00130858561556934,0.00125648186100369,0.00185754422183405,0.0064928317060862,-0.00253968253968262,0.13800796812749,0.58032,0.693092369477912,5.27378195501398,5.3003043382576,5.61908599404343,5.52558654903346,3.75522349067001,2.42706765746059,-0.215192816434256,1.33171405489847,-0.00753252253796302,-0.00524661087704376,-0.00428228145713193,-0.00351295143082004,-0.00947407436751046,-0.0047843023485927,-4.69970418796404e-4,-1.74402039367171e-4,-0.0100026023236498,-0.00754001291143389,-0.00522898637556793,-0.00653989765741155,-3.85648419301761e-4,-2.07502077030455e-4,-4.66762293561011e-4,0.00147115101419084,-9.89708193231058e-4,0.00146442378559465,-5.0748924363436e-4,0.00110298462217537,-0.00459045056746915,-0.00498203514458083,-0.00722471393878487,-0.00227893345557233,-0.0133753477362503,-0.00359930180067502,-0.0266285719867796,0.00671355194428557,4.87771897252557e-4,-0.00488731865697938,-0.00859809649837906,-0.00707685211487246,-0.00154467074117021,0.00360390196251744,0.00660603431308757,0.0107504908505681,-2.93777609007656e-4,3.65255104090074e-4,-6.51018730586726e-4,-7.60770449215682e-5,0.012230091058072141
2017-01-01,0.0538600774883161,291.099794630585,268.049713161336,229.216688213542,212.58923465843,250.458959015422,0.0383264912044003,0.0250379320383605,0.013165591658348,0.0705284068168961,0.0328106910116102,0.0195234622641807,0.00711361240303043,0.0644408695438525,-0.01833883384,0.0620250758600001,0.078075920168000107,-0.0139396657899998,0.01392814352,0.0545349806719999,0.0736267851119998,0.0040039999999999,0.0029,0.0027,0.0029,0.0023,6.75e-4,7.25e-4,5.75e-4,5e-5,0.505395569735579,0.511503421281293,0.507588380301925,0.501420170587428,0.0167,0.0152,0.0189,0.022,0.009,0.0103,0.0131,0.0149,0.0322669773600001,-0.00749009518800015,-0.00444913505600031,0.0179436657899997,0.00170111775883952,0.0121193287756369,0.00679420780044393,-0.00596776566013146,-0.0326071132164229,-0.0286793233904651,-0.0237096365599866,-0.0222515502958407,0.00242993937403206,0.0046777408650381,0.00817701540066549,0.00557615068061897,0.034979702235515,0.034798125478005,0.0348433440420552,0.0351681670789503,-1.87190664993156,-1.89472602585481,-1.9450212367372,-1.93780206852164,0.0767681289167412,-0.0169042769857434,0.12828344532681701,-0.0816225575068018,-0.0413291473492109,-0.0814575685413432,-0.0284445965915707,-0.0324232724829945,-0.0667930319905281,-0.0383741371333599,0.0612867958843708,-0.00441905111074448,0.478664666414261,0.495874494314194,0.49277451634407,0.485961019992828,0.982405069743857,0.989500144865551,0.96574450413081,0.951543190157047,0.982405069743857,0.979117963302442,0.96574450413081,0.951543190157047,-3.20820637997965,-3.20042843624401,-3.1896081225852,-3.18429619784198,0.0337823950713548,0.0282786970100304,0.0286227456777577,0.0268808279436683,0.312957346439362,0.361305922269821,0.401841580867767,0.386385530233383,-2.41899884241485e-4,-0.00130858561556934,0.00125648186100369,0.00185754422183405,-0.232529644268775,-0.00253968253968262,0.13800796812749,0.58032,5.23192378599121,5.27378195501398,5.3003043382576,5.61908599404343,6.08995514882125,3.75522349067001,2.42706765746059,-0.215192816434256,-0.00654010184137342,-0.00753252253796302,-0.00524661087704376,-0.00428228145713193,-0.00843718388679489,-0.00947407436751046,-0.0047843023485927,-4.69970418796404e-4,-0.00588442641608595,-0.0100026023236498,-0.00754001291143389,-0.00522898637556793,-7.79919473377565e-4,-3.85648419301761e-4,-2.07502077030455e-4,-4.66762293561011e-4,-9.54158193167509e-4,-9.89708193231058e-4,0.00146442378559465,-5.0748924363436e-4,-0.00416495930095327,-0.00459045056746915,-0.00498203514458083,-0.00722471393878487,-0.0186820368451921,-0.0133753477362503,-0.00359930180067502,-0.0266285719867796,-0.00246076869075301,4.87771897252557e-4,-0.00488731865697938,-0.00859809649837906,-0.00230177814213776,-0.00154467074117021,0.00360390196251744,0.00660603431308757,-3.14110198403794e-4,-2.93777609007656e-4,3.65255104090074e-4,-6.51018730586726e-4,0.011131040435008057
2017-04-01,0.0253621174589004,362.209442300581,291.099794630585,268.049713161336,229.216688213542,212.58923465843,0.0367601858514204,0.0383264912044003,0.0250379320383605,0.013165591658348,0.0310111272647815,0.0328106910116102,0.0195234622641807,0.00711361240303043,-0.094609450902,-0.01833883384,0.0620250758600001,0.078075920168000107,-0.07050685633,0.01392814352,0.0545349806719999,0.0736267851119998,0.0051,0.0029,0.0027,0.0029,7.25e-4,6.75e-4,7.25e-4,5.75e-4,0.483348529722875,0.505395569735579,0.511503421281293,0.507588380301925,0.0221,0.0167,0.0152,0.0189,0.00770000000000001,0.009,0.0103,0.0131,0.024102594572,0.0322669773600001,-0.00749009518800015,-0.00444913505600031,1.65680865515938e-5,0.00170111775883952,0.0121193287756369,0.00679420780044393,-0.0251078835720438,-0.0326071132164229,-0.0286793233904651,-0.0237096365599866,0.00183444613945116,0.00242993937403206,0.0046777408650381,0.00817701540066549,0.0349123528047287,0.034979702235515,0.034798125478005,0.0348433440420552,-1.26857826735809,-1.87190664993156,-1.89472602585481,-1.9450212367372,0.087836470350131493,0.0767681289167412,-0.0169042769857434,0.12828344532681701,-0.0358157349438119,-0.0413291473492109,-0.0814575685413432,-0.0284445965915707,0.0112575171515346,-0.0667930319905281,-0.0383741371333599,0.0612867958843708,0.479801028966904,0.478664666414261,0.495874494314194,0.49277451634407,0.989385530237872,0.982405069743857,0.989500144865551,0.96574450413081,0.989385530237872,0.982405069743857,0.979117963302442,0.96574450413081,-3.18917493871407,-3.20820637997965,-3.20042843624401,-3.1896081225852,0.0275974808366343,0.0337823950713548,0.0282786970100304,0.0286227456777577,0.173441007733345,0.312957346439362,0.361305922269821,0.401841580867767,-6.15819339712849e-4,-2.41899884241485e-4,-0.00130858561556934,0.00125648186100369,0.208385826771654,-0.232529644268775,-0.00253968253968262,0.13800796812749,5.32189803636974,5.23192378599121,5.27378195501398,5.3003043382576,10.6321360116914,6.08995514882125,3.75522349067001,2.42706765746059,9.87802242840437e-4,-0.00654010184137342,-0.00753252253796302,-0.00524661087704376,-0.0012809092094384,-0.00843718388679489,-0.00947407436751046,-0.0047843023485927,0.00164573079800388,-0.00588442641608595,-0.0100026023236498,-0.00754001291143389,-9.36444849961993e-4,-7.79919473377565e-4,-3.85648419301761e-4,-2.07502077030455e-4,-6.23690741096067e-4,-9.54158193167509e-4,-9.89708193231058e-4,0.00146442378559465,-0.00247519560387802,-0.00416495930095327,-0.00459045056746915,-0.00498203514458083,-0.0383859739505766,-0.0186820368451921,-0.0133753477362503,-0.00359930180067502,-0.00420092526272269,-0.00246076869075301,4.87771897252557e-4,-0.00488731865697938,0.00122926349292783,-0.00230177814213776,-0.00154467074117021,0.00360390196251744,-5.31064117294255e-6,-3.14110198403794e-4,-2.93777609007656e-4,3.65255104090074e-4,0.012038728127969035
2017-07-01,0.0388293405568304,340.864037063667,362.209442300581,291.099794630585,268.049713161336,229.216688213542,0.0613721203649711,0.0367601858514204,0.0383264912044003,0.0250379320383605,0.0560995414522543,0.0310111272647815,0.0328106910116102,0.0195234622641807,0.0139866743599999,-0.094609450902,-0.01833883384,0.0620250758600001,0.012737336024,-0.07050685633,0.01392814352,0.0545349806719999,0.0074,0.0051,0.0029,0.0027,0.001275,7.25e-4,6.75e-4,7.25e-4,0.462483037707071,0.483348529722875,0.505395569735579,0.511503421281293,0.02,0.0221,0.0167,0.0152,0.0067,0.00770000000000001,0.009,0.0103,-0.00124933833599994,0.024102594572,0.0322669773600001,-0.00749009518800015,0.00981228668941969,1.65680865515938e-5,0.00170111775883952,0.0121193287756369,-0.0161988603680072,-0.0251078835720438,-0.0326071132164229,-0.0286793233904651,0.00113478812305197,0.00183444613945116,0.00242993937403206,0.0046777408650381,0.0349151550940618,0.0349123528047287,0.034979702235515,0.034798125478005,-1.2763064079714601,-1.26857826735809,-1.87190664993156,-1.89472602585481,-0.0640740740740741,0.087836470350131493,0.0767681289167412,-0.0169042769857434,-0.0220600602999261,-0.0358157349438119,-0.0413291473492109,-0.0814575685413432,0.0347299799323082,0.0112575171515346,-0.0667930319905281,-0.0383741371333599,0.475015461444855,0.479801028966904,0.478664666414261,0.495874494314194,0.97857834628982,0.989385530237872,0.982405069743857,0.989500144865551,0.97857834628982,0.989385530237872,0.982405069743857,0.979117963302442,-3.18400024695174,-3.18917493871407,-3.20820637997965,-3.20042843624401,0.0244113907491462,0.0275974808366343,0.0337823950713548,0.0282786970100304,0.153533592820168,0.173441007733345,0.312957346439362,0.361305922269821,-0.00143708693899271,-6.15819339712849e-4,-2.41899884241485e-4,-0.00130858561556934,0.357568627450981,0.208385826771654,-0.232529644268775,-0.00253968253968262,5.37644514143328,5.32189803636974,5.23192378599121,5.27378195501398,13.4762895371409,10.6321360116914,6.08995514882125,3.75522349067001,-0.00231474662537727,9.87802242840437e-4,-0.00654010184137342,-0.00753252253796302,-0.00465809930836304,-0.0012809092094384,-0.00843718388679489,-0.00947407436751046,-0.00170214295226516,0.00164573079800388,-0.00588442641608595,-0.0100026023236498,-0.00150244441343285,-9.36444849961993e-4,-7.79919473377565e-4,-3.85648419301761e-4,-0.00173943776277994,-6.23690741096067e-4,-9.54158193167509e-4,-9.89708193231058e-4,-0.00252393601380269,-0.00247519560387802,-0.00416495930095327,-0.00459045056746915,-0.0376107469241782,-0.0383859739505766,-0.0186820368451921,-0.0133753477362503,-8.27992504111877e-4,-0.00420092526272269,-0.00246076869075301,4.87771897252557e-4,0.00647728733221669,0.00122926349292783,-0.00230177814213776,-0.00154467074117021,-1.77743999735869e-4,-5.31064117294255e-6,-3.14110198403794e-4,-2.93777609007656e-4,0.014923631273208409
2017-10-01,0.0594247156630086,378.049895028112,340.864037063667,362.209442300581,291.099794630585,268.049713161336,0.031241792935105,0.0613721203649711,0.0367601858514204,0.0383264912044003,0.0259292145622081,0.0560995414522543,0.0310111272647815,0.0328106910116102,0.0294985709000002,0.0139866743599999,-0.094609450902,-0.01833883384,0.0518362158079999,0.012737336024,-0.07050685633,0.01392814352,0.0098,0.0074,0.0051,0.0029,0.00185,0.001275,7.25e-4,6.75e-4,0.453941736393364,0.462483037707071,0.483348529722875,0.505395569735579,0.016,0.02,0.0221,0.0167,0.0069,0.0067,0.00770000000000001,0.009,0.0223376449079997,-0.00124933833599994,0.024102594572,0.0322669773600001,0.00473336860800422,0.00981228668941969,1.65680865515938e-5,0.00170111775883952,-0.00978499064840529,-0.0161988603680072,-0.0251078835720438,-0.0326071132164229,0.00134120533612134,0.00113478812305197,0.00183444613945116,0.00242993937403206,0.0349612727323355,0.0349151550940618,0.0349123528047287,0.034979702235515,-1.25339965835887,-1.2763064079714601,-1.26857826735809,-1.87190664993156,-0.0470076620418305,-0.0640740740740741,0.087836470350131493,0.0767681289167412,0.0312465067523597,-0.0220600602999261,-0.0358157349438119,-0.0413291473492109,-0.0249785650521517,0.0347299799323082,0.0112575171515346,-0.0667930319905281,0.456469506025314,0.475015461444855,0.479801028966904,0.478664666414261,0.99166890783079,0.97857834628982,0.989385530237872,0.982405069743857,0.99166890783079,0.97857834628982,0.989385530237872,0.982405069743857,-3.17001133320147,-3.18400024695174,-3.18917493871407,-3.20820637997965,0.0324853760256273,0.0244113907491462,0.0275974808366343,0.0337823950713548,0.194867610931396,0.153533592820168,0.173441007733345,0.312957346439362,-0.001481106028699,-0.00143708693899271,-6.15819339712849e-4,-2.41899884241485e-4,-0.123828125,0.357568627450981,0.208385826771654,-0.232529644268775,5.57699356879679,5.37644514143328,5.32189803636974,5.23192378599121,13.5803162890925,13.4762895371409,10.6321360116914,6.08995514882125,-0.00589032178226698,-0.00231474662537727,9.87802242840437e-4,-0.00654010184137342,-0.00723195747304159,-0.00465809930836304,-0.0012809092094384,-0.00843718388679489,-0.00413181080927437,-0.00170214295226516,0.00164573079800388,-0.00588442641608595,-0.00119900854175364,-0.00150244441343285,-9.36444849961993e-4,-7.79919473377565e-4,-0.00118190851098999,-0.00173943776277994,-6.23690741096067e-4,-9.54158193167509e-4,-0.00207476842237398,-0.00252393601380269,-0.00247519560387802,-0.00416495930095327,-0.0372541349030623,-0.0376107469241782,-0.0383859739505766,-0.0186820368451921,-0.00455910453403401,-8.27992504111877e-4,-0.00420092526272269,-0.00246076869075301,0.00656547550230042,0.00647728733221669,0.00122926349292783,-0.00230177814213776,-9.37560938272538e-5,-1.77743999735869e-4,-5.31064117294255e-6,-3.14110198403794e-4,0.018803605738288882
2018-01-01,-0.0123212508234831,459.321173776258,378.049895028112,340.864037063667,362.209442300581,291.099794630585,0.0434910730168423,0.031241792935105,0.0613721203649711,0.0367601858514204,0.0379267369485179,0.0259292145622081,0.0560995414522543,0.0310111272647815,0.00508646961499992,0.0294985709000002,0.0139866743599999,-0.094609450902,0.01761265034,0.0518362158079999,0.012737336024,-0.07050685633,0.0103,0.0098,0.0074,0.0051,0.00245,0.00185,0.001275,7.25e-4,0.449879557135427,0.453941736393364,0.462483037707071,0.483348529722875,0.0156,0.016,0.02,0.0221,0.0067,0.0069,0.0067,0.00770000000000001,0.0125261807250001,0.0223376449079997,-0.00124933833599994,0.024102594572,0.00760956093976439,0.00473336860800422,0.00981228668941969,1.65680865515938e-5,-0.0110861435714254,-0.00978499064840529,-0.0161988603680072,-0.0251078835720438,0.0012694665455867,0.00134120533612134,0.00113478812305197,0.00183444613945116,0.0349501824446535,0.0349612727323355,0.0349151550940618,0.0349123528047287,-1.20603792568859,-1.25339965835887,-1.2763064079714601,-1.26857826735809,0.0933135844265764,-0.0470076620418305,-0.0640740740740741,0.087836470350131493,-0.0177232585537017,0.0312465067523597,-0.0220600602999261,-0.0358157349438119,-0.0135320527479053,-0.0249785650521517,0.0347299799323082,0.0112575171515346,0.480268567800522,0.456469506025314,0.475015461444855,0.479801028966904,0.999665366653296,0.99166890783079,0.97857834628982,0.989385530237872,0.999665366653296,0.99166890783079,0.97857834628982,0.989385530237872,-3.17994549559657,-3.17001133320147,-3.18400024695174,-3.18917493871407,0.0335411129559694,0.0324853760256273,0.0244113907491462,0.0275974808366343,0.171819522976875,0.194867610931396,0.153533592820168,0.173441007733345,3.32510319549209e-4,-0.001481106028699,-0.00143708693899271,-6.15819339712849e-4,-0.293346303501945,-0.123828125,0.357568627450981,0.208385826771654,5.81603358610876,5.57699356879679,5.37644514143328,5.32189803636974,13.6643876803813,13.5803162890925,13.4762895371409,10.6321360116914,-0.00487345913013711,-0.00589032178226698,-0.00231474662537727,9.87802242840437e-4,-0.00622352036358011,-0.00723195747304159,-0.00465809930836304,-0.0012809092094384,-0.00354594190486718,-0.00413181080927437,-0.00170214295226516,0.00164573079800388,-0.00136201269775429,-0.00119900854175364,-0.00150244441343285,-9.36444849961993e-4,-0.00109045213136218,-0.00118190851098999,-0.00173943776277994,-6.23690741096067e-4,-0.00265583677585307,-0.00207476842237398,-0.00252393601380269,-0.00247519560387802,-0.042238981545877,-0.0372541349030623,-0.0376107469241782,-0.0383859739505766,-0.0079180140037023,-0.00455910453403401,-8.27992504111877e-4,-0.00420092526272269,0.00665836017006839,0.00656547550230042,0.00647728733221669,0.00122926349292783,-5.81905204981339e-5,-9.37560938272538e-5,-1.77743999735869e-4,-5.31064117294255e-6,0.018524459950579716
2018-04-01,0.0289240276465683,321.054138062247,459.321173776258,378.049895028112,340.864037063667,362.209442300581,0.0680549281142508,0.0434910730168423,0.031241792935105,0.0613721203649711,0.062897373198626,0.0379267369485179,0.0259292145622081,0.0560995414522543,0.0125187322639999,0.00508646961499992,0.0294985709000002,0.0139866743599999,0.0354613491200002,0.01761265034,0.0518362158079999,0.012737336024,0.0132,0.0103,0.0098,0.0074,0.002575,0.00245,0.00185,0.001275,0.445322345609826,0.449879557135427,0.453941736393364,0.462483037707071,0.0122,0.0156,0.016,0.02,0.0071,0.0067,0.0069,0.0067,0.0229426168560003,0.0125261807250001,0.0223376449079997,-0.00124933833599994,-0.00119520782435711,0.00760956093976439,0.00473336860800422,0.00981228668941969,-0.0198797967425457,-0.0110861435714254,-0.00978499064840529,-0.0161988603680072,8.176030927711e-4,0.0012694665455867,0.00134120533612134,0.00113478812305197,0.0354326890696636,0.0349501824446535,0.0349612727323355,0.0349151550940618,-1.25001408862331,-1.20603792568859,-1.25339965835887,-1.2763064079714601,0.0533101045296167,0.0933135844265764,-0.0470076620418305,-0.0640740740740741,0.0163769519521854,-0.0177232585537017,0.0312465067523597,-0.0220600602999261,-0.00763534195721149,-0.0135320527479053,-0.0249785650521517,0.0347299799323082,0.511355936527252,0.480268567800522,0.456469506025314,0.475015461444855,0.995237445299469,0.999665366653296,0.99166890783079,0.97857834628982,0.995237445299469,0.999665366653296,0.99166890783079,0.97857834628982,-3.21551260352046,-3.17994549559657,-3.17001133320147,-3.18400024695174,0.0237700705164625,0.0335411129559694,0.0324853760256273,0.0244113907491462,0.0976114571094513,0.171819522976875,0.194867610931396,0.153533592820168,0.00445558701582416,3.32510319549209e-4,-0.001481106028699,-0.00143708693899271,-0.332209302325581,-0.293346303501945,-0.123828125,0.357568627450981,5.78171292372889,5.81603358610876,5.57699356879679,5.37644514143328,13.849477920346,13.6643876803813,13.5803162890925,13.4762895371409,-0.00546498826806716,-0.00487345913013711,-0.00589032178226698,-0.00231474662537727,-0.00616917892809669,-0.00622352036358011,-0.00723195747304159,-0.00465809930836304,-0.00404451805777368,-0.00354594190486718,-0.00413181080927437,-0.00170214295226516,-0.00191462035911268,-0.00136201269775429,-0.00119900854175364,-0.00150244441343285,-0.0015209753978469,-0.00109045213136218,-0.00118190851098999,-0.00173943776277994,-0.00382559550231402,-0.00265583677585307,-0.00207476842237398,-0.00252393601380269,-0.0570528525104932,-0.042238981545877,-0.0372541349030623,-0.0376107469241782,-0.00514316381619224,-0.0079180140037023,-0.00455910453403401,-8.27992504111877e-4,0.0152822033040992,0.00665836017006839,0.00656547550230042,0.00647728733221669,4.87759664704861e-4,-5.81905204981339e-5,-9.37560938272538e-5,-1.77743999735869e-4,0.018929513498145555
2018-07-01,0.0694874083603157,377.303461548158,321.054138062247,459.321173776258,378.049895028112,340.864037063667,-0.00771026721117396,0.0680549281142508,0.0434910730168423,0.031241792935105,-0.0124475247717935,0.062897373198626,0.0379267369485179,0.0259292145622081,-0.02867213496,0.0125187322639999,0.00508646961499992,0.0294985709000002,-0.043119418684,0.0354613491200002,0.01761265034,0.0518362158079999,0.017,0.0132,0.0103,0.0098,0.0033,0.002575,0.00245,0.00185,0.433151676962693,0.445322345609826,0.449879557135427,0.453941736393364,0.0115,0.0122,0.0156,0.016,0.0077,0.0071,0.0067,0.0069,-0.0144472837240001,0.0229426168560003,0.0125261807250001,0.0223376449079997,0.0122908925702974,-0.00119520782435711,0.00760956093976439,0.00473336860800422,-0.0182222989827525,-0.0198797967425457,-0.0110861435714254,-0.00978499064840529,0.00938266516130459,8.176030927711e-4,0.0012694665455867,0.00134120533612134,0.0360479488463858,0.0354326890696636,0.0349501824446535,0.0349612727323355,-1.49331943219494,-1.25001408862331,-1.20603792568859,-1.25339965835887,0.0559986977047047,0.0533101045296167,0.0933135844265764,-0.0470076620418305,0.00906890479354171,0.0163769519521854,-0.0177232585537017,0.0312465067523597,0.0299317818135023,-0.00763534195721149,-0.0135320527479053,-0.0249785650521517,0.474986642599106,0.511355936527252,0.480268567800522,0.456469506025314,0.905563084242944,0.995237445299469,0.999665366653296,0.99166890783079,0.905563084242944,0.995237445299469,0.999665366653296,0.99166890783079,-3.15811696925071,-3.21551260352046,-3.17994549559657,-3.17001133320147,0.0234002914351488,0.0237700705164625,0.0335411129559694,0.0324853760256273,0.496686041355133,0.0976114571094513,0.171819522976875,0.194867610931396,0.00516890089781888,0.00445558701582416,3.32510319549209e-4,-0.001481106028699,-0.290926640926641,-0.332209302325581,-0.293346303501945,-0.123828125,6.13297894231186,5.78171292372889,5.81603358610876,5.57699356879679,16.9748379683292,13.849477920346,13.6643876803813,13.5803162890925,-0.00101456823727165,-0.00546498826806716,-0.00487345913013711,-0.00589032178226698,-0.00118956529854496,-0.00616917892809669,-0.00622352036358011,-0.00723195747304159,-6.82148275766007e-4,-0.00404451805777368,-0.00354594190486718,-0.00413181080927437,-7.75409675162586e-4,-0.00191462035911268,-0.00136201269775429,-0.00119900854175364,-0.00168244548828756,-0.0015209753978469,-0.00109045213136218,-0.00118190851098999,-4.06351283635241e-4,-0.00382559550231402,-0.00265583677585307,-0.00207476842237398,-0.0172450645120981,-0.0570528525104932,-0.042238981545877,-0.0372541349030623,-0.00345541209251721,-0.00514316381619224,-0.0079180140037023,-0.00455910453403401,0.00867145190527819,0.0152822033040992,0.00665836017006839,0.00656547550230042,3.20402030850812e-6,4.87759664704861e-4,-5.81905204981339e-5,-9.37560938272538e-5,0.01709754890642804
2018-10-01,-0.150492859414441,514.998456469413,377.303461548158,321.054138062247,459.321173776258,378.049895028112,0.0346889185258399,-0.00771026721117396,0.0680549281142508,0.0434910730168423,0.0296689490580617,-0.0124475247717935,0.062897373198626,0.0379267369485179,-8.91393196000179e-4,-0.02867213496,0.0125187322639999,0.00508646961499992,-0.0186021279999999,-0.043119418684,0.0354613491200002,0.01761265034,0.019,0.017,0.0132,0.0103,0.00425,0.0033,0.002575,0.00245,0.416315236356771,0.433151676962693,0.445322345609826,0.449879557135427,0.0101,0.0115,0.0122,0.0156,0.00870000000000001,0.0077,0.0071,0.0067,-0.0177107348039998,-0.0144472837240001,0.0229426168560003,0.0125261807250001,0.0097574072144706,0.0122908925702974,-0.00119520782435711,0.00760956093976439,-0.0221012781057798,-0.0182222989827525,-0.0198797967425457,-0.0110861435714254,0.00390824595710207,0.00938266516130459,8.176030927711e-4,0.0012694665455867,0.0360579569615423,0.0360479488463858,0.0354326890696636,0.0349501824446535,-1.413717239097,-1.49331943219494,-1.25001408862331,-1.20603792568859,0.106748283069573,0.0559986977047047,0.0533101045296167,0.0933135844265764,-0.0174143344901626,0.00906890479354171,0.0163769519521854,-0.0177232585537017,0.0138100394979119,0.0299317818135023,-0.00763534195721149,-0.0135320527479053,0.491355925798416,0.474986642599106,0.511355936527252,0.480268567800522,0.91188617977203,0.905563084242944,0.995237445299469,0.999665366653296,0.91188617977203,0.905563084242944,0.995237445299469,0.999665366653296,-3.12852459746378,-3.15811696925071,-3.21551260352046,-3.17994549559657,0.0212947540035827,0.0234002914351488,0.0237700705164625,0.0335411129559694,0.306179076433182,0.496686041355133,0.0976114571094513,0.171819522976875,0.00337959078932451,0.00516890089781888,0.00445558701582416,3.32510319549209e-4,-0.409807692307693,-0.290926640926641,-0.332209302325581,-0.293346303501945,6.25588015302735,6.13297894231186,5.78171292372889,5.81603358610876,20.2342608457317,16.9748379683292,13.849477920346,13.6643876803813,-0.00160152164443526,-0.00101456823727165,-0.00546498826806716,-0.00487345913013711,-0.00103556152306366,-0.00118956529854496,-0.00616917892809669,-0.00622352036358011,-0.00154771094003108,-6.82148275766007e-4,-0.00404451805777368,-0.00354594190486718,-0.00110637196493983,-7.75409675162586e-4,-0.00191462035911268,-0.00136201269775429,-8.94323415622022e-4,-0.00168244548828756,-0.0015209753978469,-0.00109045213136218,-1.10957018504126e-4,-4.06351283635241e-4,-0.00382559550231402,-0.00265583677585307,-0.0258996869103189,-0.0172450645120981,-0.0570528525104932,-0.042238981545877,-0.00201059999398407,-0.00345541209251721,-0.00514316381619224,-0.0079180140037023,0.0100086287898937,0.00867145190527819,0.0152822033040992,0.00665836017006839,5.03004261181976e-4,3.20402030850812e-6,4.87759664704861e-4,-5.81905204981339e-5,0.017892633111076268
2019-01-01,0.12280325507687,-14.4342782582908,514.998456469413,377.303461548158,321.054138062247,459.321173776258,0.076809816469332,0.0346889185258399,-0.00771026721117396,0.0680549281142508,0.0717318619921932,0.0296689490580617,-0.0124475247717935,0.062897373198626,-0.0499975855839999,-8.91393196000179e-4,-0.02867213496,0.0125187322639999,0.00376707704000001,-0.0186021279999999,-0.043119418684,0.0354613491200002,0.0213,0.019,0.017,0.0132,0.00475,0.00425,0.0033,0.002575,0.401403447540772,0.416315236356771,0.433151676962693,0.445322345609826,0.0121,0.0101,0.0115,0.0122,0.00899999999999999,0.00870000000000001,0.0077,0.0071,0.0537646626239999,-0.0177107348039998,-0.0144472837240001,0.0229426168560003,0.00178579223696262,0.0097574072144706,0.0122908925702974,-0.00119520782435711,-0.020834447976861,-0.0221012781057798,-0.0182222989827525,-0.0198797967425457,0.0013557765636941,0.00390824595710207,0.00938266516130459,8.176030927711e-4,0.0358834885226589,0.0360579569615423,0.0360479488463858,0.0354326890696636,-1.39737722939112,-1.413717239097,-1.49331943219494,-1.25001408862331,0.0475372279495989,0.106748283069573,0.0559986977047047,0.0533101045296167,-0.00782411624932831,-0.0174143344901626,0.00906890479354171,0.0163769519521854,-0.0225675646215677,0.0138100394979119,0.0299317818135023,-0.00763534195721149,0.492407351732254,0.491355925798416,0.474986642599106,0.511355936527252,0.989336100360835,0.91188617977203,0.905563084242944,0.995237445299469,0.989336100360835,0.91188617977203,0.905563084242944,0.995237445299469,-3.13630396611978,-3.12852459746378,-3.15811696925071,-3.21551260352046,0.0225900324996136,0.0212947540035827,0.0234002914351488,0.0237700705164625,0.131202831864357,0.306179076433182,0.496686041355133,0.0976114571094513,0.00261179468544533,0.00337959078932451,0.00516890089781888,0.00445558701582416,-0.59823754789272,-0.409807692307693,-0.290926640926641,-0.332209302325581,6.74681024041378,6.25588015302735,6.13297894231186,5.78171292372889,23.282524234113,20.2342608457317,16.9748379683292,13.849477920346,-0.00210504074493538,-0.00160152164443526,-0.00101456823727165,-0.00546498826806716,-0.00176944514585563,-0.00103556152306366,-0.00118956529854496,-0.00616917892809669,0.00212238259843727,-0.00154771094003108,-6.82148275766007e-4,-0.00404451805777368,-0.00180066544261392,-0.00110637196493983,-7.75409675162586e-4,-0.00191462035911268,-0.00178624852278539,-8.94323415622022e-4,-0.00168244548828756,-0.0015209753978469,-0.00126040754248725,-1.10957018504126e-4,-4.06351283635241e-4,-0.00382559550231402,-0.046251208896332,-0.0258996869103189,-0.0172450645120981,-0.0570528525104932,-0.00623003972091102,-0.00201059999398407,-0.00345541209251721,-0.00514316381619224,0.0126955873038469,0.0100086287898937,0.00867145190527819,0.0152822033040992,1.89491501461495e-4,5.03004261181976e-4,3.20402030850812e-6,4.87759664704861e-4,0.013548978902044534
2019-04-01,0.0371778050986725,475.276524257639,-14.4342782582908,514.998456469413,377.303461548158,321.054138062247,-0.136121169950269,0.076809816469332,0.0346889185258399,-0.00771026721117396,-0.140694539800488,0.0717318619921932,0.0296689490580617,-0.0124475247717935,0.0785680573800001,-0.0499975855839999,-8.91393196000179e-4,-0.02867213496,0.0106297847900001,0.00376707704000001,-0.0186021279999999,-0.043119418684,0.0237,0.0213,0.019,0.017,0.005325,0.00475,0.00425,0.0033,0.405983670100588,0.401403447540772,0.416315236356771,0.433151676962693,0.0047,0.0121,0.0101,0.0115,0.0111,0.00899999999999999,0.00870000000000001,0.0077,-0.06793827259,0.0537646626239999,-0.0177107348039998,-0.0144472837240001,-0.0047773917659315,0.00178579223696262,0.0097574072144706,0.0122908925702974,-0.0192279101433078,-0.020834447976861,-0.0221012781057798,-0.0182222989827525,0.0142083453140146,0.0013557765636941,0.00390824595710207,0.00938266516130459,0.0358184959526193,0.0358834885226589,0.0360579569615423,0.0360479488463858,-2.11344489875566,-1.39737722939112,-1.413717239097,-1.49331943219494,-0.110870421425758,0.0475372279495989,0.106748283069573,0.0559986977047047,-0.0294036560573163,-0.00782411624932831,-0.0174143344901626,0.00906890479354171,0.111764214932919,-0.0225675646215677,0.0138100394979119,0.0299317818135023,0.462525814771652,0.492407351732254,0.491355925798416,0.474986642599106,0.869506519027046,0.989336100360835,0.91188617977203,0.905563084242944,0.869506519027046,0.989336100360835,0.91188617977203,0.905563084242944,-2.96893710520262,-3.13630396611978,-3.12852459746378,-3.15811696925071,0.0260728501036979,0.0225900324996136,0.0212947540035827,0.0234002914351488,0.490086078643799,0.131202831864357,0.306179076433182,0.496686041355133,-0.00189945716476256,0.00261179468544533,0.00337959078932451,0.00516890089781888,-0.775954198473283,-0.59823754789272,-0.409807692307693,-0.290926640926641,7.11003743985142,6.74681024041378,6.25588015302735,6.13297894231186,19.622053273459,23.282524234113,20.2342608457317,16.9748379683292,-0.00199710196510863,-0.00210504074493538,-0.00160152164443526,-0.00101456823727165,1.65641687466063e-4,-0.00176944514585563,-0.00103556152306366,-0.00118956529854496,-0.00524449345360303,0.00212238259843727,-0.00154771094003108,-6.82148275766007e-4,0.00212251430323029,-0.00180066544261392,-0.00110637196493983,-7.75409675162586e-4,7.77585125523671e-5,-0.00178624852278539,-8.94323415622022e-4,-0.00168244548828756,0.00674494248816566,-0.00126040754248725,-1.10957018504126e-4,-4.06351283635241e-4,-0.00301473594573573,-0.046251208896332,-0.0258996869103189,-0.0172450645120981,-0.00550700621431727,-0.00623003972091102,-0.00201059999398407,-0.00345541209251721,0.0114349440165379,0.0126955873038469,0.0100086287898937,0.00867145190527819,-8.11735115304516e-4,1.89491501461495e-4,5.03004261181976e-4,3.20402030850812e-6,0.015382870446290635
2019-07-01,0.011820693523108,444.556642347118,475.276524257639,-14.4342782582908,514.998456469413,377.303461548158,0.137489020392968,-0.136121169950269,0.076809816469332,0.0346889185258399,0.131794269793755,-0.140694539800488,0.0717318619921932,0.0296689490580617,0.04347477584,0.0785680573800001,-0.0499975855839999,-8.91393196000179e-4,0.06956962847,0.0106297847900001,0.00376707704000001,-0.0186021279999999,0.024,0.0237,0.0213,0.019,0.005925,0.005325,0.00475,0.00425,0.408787212228652,0.405983670100588,0.401403447540772,0.416315236356771,0.0017,0.0047,0.0121,0.0101,0.0107,0.0111,0.00899999999999999,0.00870000000000001,0.02609485263,-0.06793827259,0.0537646626239999,-0.0177107348039998,0.0118177150294747,-0.0047773917659315,0.00178579223696262,0.0097574072144706,-0.0232314977379815,-0.0192279101433078,-0.020834447976861,-0.0221012781057798,0.0046508662772312,0.0142083453140146,0.0013557765636941,0.00390824595710207,0.0356744064759945,0.0358184959526193,0.0358834885226589,0.0360579569615423,-1.78918467486269,-2.11344489875566,-1.39737722939112,-1.413717239097,0.0520887956650935,-0.110870421425758,0.0475372279495989,0.106748283069573,-0.0279104908461256,-0.0294036560573163,-0.00782411624932831,-0.0174143344901626,-0.0329681299626827,0.111764214932919,-0.0225675646215677,0.0138100394979119,0.496050447225571,0.462525814771652,0.492407351732254,0.491355925798416,0.966464256707167,0.869506519027046,0.989336100360835,0.91188617977203,0.966464256707167,0.869506519027046,0.989336100360835,0.91188617977203,-3.0742148047483,-2.96893710520262,-3.13630396611978,-3.12852459746378,0.0264075071375622,0.0260728501036979,0.0225900324996136,0.0212947540035827,0.327767878770828,0.490086078643799,0.131202831864357,0.306179076433182,-0.00161949916144205,-0.00189945716476256,0.00261179468544533,0.00337959078932451,-1.22300380228137,-0.775954198473283,-0.59823754789272,-0.409807692307693,7.1711046721347,7.11003743985142,6.74681024041378,6.25588015302735,18.5956497938978,19.622053273459,23.282524234113,20.2342608457317,-0.00480189075322382,-0.00199710196510863,-0.00210504074493538,-0.00160152164443526,-0.00417702795502921,1.65641687466063e-4,-0.00176944514585563,-0.00103556152306366,-0.00609774287320997,-0.00524449345360303,0.00212238259843727,-0.00154771094003108,-0.00153980609562379,0.00212251430323029,-0.00180066544261392,-0.00110637196493983,-2.51992928298275e-4,7.77585125523671e-5,-0.00178624852278539,-8.94323415622022e-4,-0.00273063614719179,0.00674494248816566,-0.00126040754248725,-1.10957018504126e-4,-0.0393027615293448,-0.00301473594573573,-0.046251208896332,-0.0258996869103189,-0.0192463470220875,-0.00550700621431727,-0.00623003972091102,-0.00201059999398407,0.00617158713653593,0.0114349440165379,0.0126955873038469,0.0100086287898937,1.13994098814349e-4,-8.11735115304516e-4,1.89491501461495e-4,5.03004261181976e-4,0.015787386865262966
2019-10-01,0.0818948645100836,392.031547269292,444.556642347118,475.276524257639,-14.4342782582908,514.998456469413,0.0426880396269995,0.137489020392968,-0.136121169950269,0.076809816469332,0.0374889444324011,0.131794269793755,-0.140694539800488,0.0717318619921932,0.05054541488,0.04347477584,0.0785680573800001,-0.0499975855839999,0.0630212726320001,0.06956962847,0.0106297847900001,0.00376707704000001,0.0217,0.024,0.0237,0.0213,0.006,0.005925,0.005325,0.00475,0.414558104101265,0.408787212228652,0.405983670100588,0.401403447540772,-0.001,0.0017,0.0047,0.0121,0.0104,0.0107,0.0111,0.00899999999999999,0.0124758577520001,0.02609485263,-0.06793827259,0.0537646626239999,0.00763565982958414,0.0118177150294747,-0.0047773917659315,0.00178579223696262,-0.0125383431922873,-0.0232314977379815,-0.0192279101433078,-0.020834447976861,0.00327088706576866,0.0046508662772312,0.0142083453140146,0.0013557765636941,0.0359687797062235,0.0356744064759945,0.0358184959526193,0.0358834885226589,-1.89439504318318,-1.78918467486269,-2.11344489875566,-1.39737722939112,0.0880538418395962,0.0520887956650935,-0.110870421425758,0.0475372279495989,-0.0992657249405641,-0.0279104908461256,-0.0294036560573163,-0.00782411624932831,-1.05719256680459e-4,-0.0329681299626827,0.111764214932919,-0.0225675646215677,0.475202679634094,0.496050447225571,0.462525814771652,0.492407351732254,0.991485512175721,0.966464256707167,0.869506519027046,0.989336100360835,0.991485512175721,0.966464256707167,0.869506519027046,0.989336100360835,-3.09997920940093,-3.0742148047483,-2.96893710520262,-3.13630396611978,0.0234190154987331,0.0264075071375622,0.0260728501036979,0.0225900324996136,0.268461436033249,0.327767878770828,0.490086078643799,0.131202831864357,3.13751891106049e-4,-0.00161949916144205,-0.00189945716476256,0.00261179468544533,-1.44837121212121,-1.22300380228137,-0.775954198473283,-0.59823754789272,7.25881300386791,7.1711046721347,7.11003743985142,6.74681024041378,16.9892584410142,18.5956497938978,19.622053273459,23.282524234113,-0.00715076861366384,-0.00480189075322382,-0.00199710196510863,-0.00210504074493538,-0.00693286997365506,-0.00417702795502921,1.65641687466063e-4,-0.00176944514585563,-0.00945769116021054,-0.00609774287320997,-0.00524449345360303,0.00212238259843727,-0.00118914359049746,-0.00153980609562379,0.00212251430323029,-0.00180066544261392,1.63509060910364e-4,-2.51992928298275e-4,7.77585125523671e-5,-0.00178624852278539,-0.00250147328794039,-0.00273063614719179,0.00674494248816566,-0.00126040754248725,-0.0354498533865694,-0.0393027615293448,-0.00301473594573573,-0.046251208896332,-0.00610674917850367,-0.0192463470220875,-0.00550700621431727,-0.00623003972091102,0.00945962317810583,0.00617158713653593,0.0114349440165379,0.0126955873038469,6.01786690154401e-4,1.13994098814349e-4,-8.11735115304516e-4,1.89491501461495e-4,0.0163725181046716
2020-01-01,-0.22315671509495,596.149521632362,392.031547269292,444.556642347118,475.276524257639,-14.4342782582908,0.0170418486790092,0.0426880396269995,0.137489020392968,-0.136121169950269,0.0119255791343593,0.0374889444324011,0.131794269793755,-0.140694539800488,0.0615112874239998,0.05054541488,0.04347477584,0.0785680573800001,0.0622463415200001,0.0630212726320001,0.06956962847,0.0106297847900001,0.0189,0.0217,0.024,0.0237,0.005425,0.006,0.005925,0.005325,0.430545574823083,0.414558104101265,0.408787212228652,0.405983670100588,-0.0019,-0.001,0.0017,0.0047,0.00880000000000001,0.0104,0.0107,0.0111,7.35054096000276e-4,0.0124758577520001,0.02609485263,-0.06793827259,0.00240490663418491,0.00763565982958414,0.0118177150294747,-0.0047773917659315,-0.0108381117187598,-0.0125383431922873,-0.0232314977379815,-0.0192279101433078,0.0055168431162565,0.00327088706576866,0.0046508662772312,0.0142083453140146,0.0359218048324379,0.0359687797062235,0.0356744064759945,0.0358184959526193,-1.72004692830898,-1.89439504318318,-1.78918467486269,-2.11344489875566,-0.0177955329580534,0.0880538418395962,0.0520887956650935,-0.110870421425758,-0.0594575561148222,-0.0992657249405641,-0.0279104908461256,-0.0294036560573163,-0.00398358516395092,-1.05719256680459e-4,-0.0329681299626827,0.111764214932919,0.442217588424683,0.475202679634094,0.496050447225571,0.462525814771652,0.983832471464767,0.991485512175721,0.966464256707167,0.869506519027046,0.983832471464767,0.991485512175721,0.966464256707167,0.869506519027046,-3.12584416894505,-3.09997920940093,-3.0742148047483,-2.96893710520262,0.0366700983849935,0.0234190154987331,0.0264075071375622,0.0260728501036979,0.396092265844345,0.268461436033249,0.327767878770828,0.490086078643799,0.00450267983998844,3.13751891106049e-4,-0.00161949916144205,-0.00189945716476256,-1.65290566037736,-1.44837121212121,-1.22300380228137,-0.775954198473283,7.37812780409739,7.25881300386791,7.1711046721347,7.11003743985142,12.9198219871321,16.9892584410142,18.5956497938978,19.622053273459,-0.00903563442469406,-0.00715076861366384,-0.00480189075322382,-0.00199710196510863,-0.010374265113083,-0.00693286997365506,-0.00417702795502921,1.65641687466063e-4,-0.0102164527946257,-0.00945769116021054,-0.00609774287320997,-0.00524449345360303,-7.7588665700103e-4,-0.00118914359049746,-0.00153980609562379,0.00212251430323029,-0.00105144269961655,1.63509060910364e-4,-2.51992928298275e-4,7.77585125523671e-5,-0.00296285572517556,-0.00250147328794039,-0.00273063614719179,0.00674494248816566,-0.0327048219202624,-0.0354498533865694,-0.0393027615293448,-0.00301473594573573,4.68142494012249e-4,-0.00610674917850367,-0.0192463470220875,-0.00550700621431727,0.0146193402372363,0.00945962317810583,0.00617158713653593,0.0114349440165379,1.10822576954834e-4,6.01786690154401e-4,1.13994098814349e-4,-8.11735115304516e-4,0.016341962070964007
2020-04-01,0.181928767472,-201.665400794804,596.149521632362,392.031547269292,444.556642347118,475.276524257639,0.0901426203342659,0.0170418486790092,0.0426880396269995,0.137489020392968,0.0848012681324963,0.0119255791343593,0.0374889444324011,0.131794269793755,-0.036089266204,0.0615112874239998,0.05054541488,0.04347477584,-0.00691696747600001,0.0622463415200001,0.0630212726320001,0.06956962847,0.0154,0.0189,0.0217,0.024,0.004725,0.005425,0.006,0.005925,0.4175853054832,0.430545574823083,0.414558104101265,0.408787212228652,0.0032,-0.0019,-0.001,0.0017,0.0087,0.00880000000000001,0.0104,0.0107,0.029172298728,7.35054096000276e-4,0.0124758577520001,0.02609485263,8.37361105160861e-4,0.00240490663418491,0.00763565982958414,0.0118177150294747,-0.00719915112059152,-0.0108381117187598,-0.0125383431922873,-0.0232314977379815,0.00231904415245926,0.0055168431162565,0.00327088706576866,0.0046508662772312,0.0353766895343863,0.0359218048324379,0.0359687797062235,0.0356744064759945,-1.50564594790301,-1.72004692830898,-1.89439504318318,-1.78918467486269,0.0984861976847728,-0.0177955329580534,0.0880538418395962,0.0520887956650935,-0.0578355536274688,-0.0594575561148222,-0.0992657249405641,-0.0279104908461256,0.0103587005287409,-0.00398358516395092,-1.05719256680459e-4,-0.0329681299626827,0.502352893352509,0.442217588424683,0.475202679634094,0.496050447225571,0.996270936273575,0.983832471464767,0.991485512175721,0.966464256707167,0.996270936273575,0.983832471464767,0.991485512175721,0.966464256707167,-3.16105849320567,-3.12584416894505,-3.09997920940093,-3.0742148047483,0.040852535663994,0.0366700983849935,0.0234190154987331,0.0264075071375622,0.250595241785049,0.396092265844345,0.268461436033249,0.327767878770828,0.00388436110563887,0.00450267983998844,3.13751891106049e-4,-0.00161949916144205,-1.25669172932331,-1.65290566037736,-1.44837121212121,-1.22300380228137,7.37953571284645,7.37812780409739,7.25881300386791,7.1711046721347,19.6760300876256,12.9198219871321,16.9892584410142,18.5956497938978,-0.00671519745988537,-0.00903563442469406,-0.00715076861366384,-0.00480189075322382,-0.0073893952014241,-0.010374265113083,-0.00693286997365506,-0.00417702795502921,-0.0059185478874038,-0.0102164527946257,-0.00945769116021054,-0.00609774287320997,-0.00197687597526611,-7.7588665700103e-4,-0.00118914359049746,-0.00153980609562379,-0.00176145474932582,-0.00105144269961655,1.63509060910364e-4,-2.51992928298275e-4,-0.00357222655917729,-0.00296285572517556,-0.00250147328794039,-0.00273063614719179,-0.0425046161296813,-0.0327048219202624,-0.0354498533865694,-0.0393027615293448,-0.00346317978540343,4.68142494012249e-4,-0.00610674917850367,-0.0192463470220875,0.00555372417592261,0.0146193402372363,0.00945962317810583,0.00617158713653593,-1.26359800215823e-4,1.10822576954834e-4,6.01786690154401e-4,1.13994098814349e-4,0.01305920957519329
2020-07-01,0.0813377772553128,588.062837905911,-201.665400794804,596.149521632362,392.031547269292,444.556642347118,-0.193793800749055,0.0901426203342659,0.0170418486790092,0.0426880396269995,-0.198272654362816,0.0848012681324963,0.0119255791343593,0.0374889444324011,0.19607342,-0.036089266204,0.0615112874239998,0.05054541488,0.0433977026800001,-0.00691696747600001,0.0622463415200001,0.0630212726320001,0.0029,0.0154,0.0189,0.0217,0.00385,0.004725,0.005425,0.006,0.512168860881803,0.4175853054832,0.430545574823083,0.414558104101265,0.0058,0.0032,-0.0019,-0.001,0.0127,0.0087,0.00880000000000001,0.0104,-0.15267571732,0.029172298728,7.35054096000276e-4,0.0124758577520001,0.00444013791278497,8.37361105160861e-4,0.00240490663418491,0.00763565982958414,-0.00770029226673434,-0.00719915112059152,-0.0108381117187598,-0.0125383431922873,0.0790488057078202,0.00231904415245926,0.0055168431162565,0.00327088706576866,0.0343480395880175,0.0353766895343863,0.0359218048324379,0.0359687797062235,-2.81241803119451,-1.50564594790301,-1.72004692830898,-1.89439504318318,-0.542448614834674,0.0984861976847728,-0.0177955329580534,0.0880538418395962,-0.0763958519852333,-0.0578355536274688,-0.0594575561148222,-0.0992657249405641,0.0334205590188503,0.0103587005287409,-0.00398358516395092,-1.05719256680459e-4,0.404299974441528,0.502352893352509,0.442217588424683,0.475202679634094,0.741661822003816,0.996270936273575,0.983832471464767,0.991485512175721,0.741661822003816,0.996270936273575,0.983832471464767,0.991485512175721,-3.10955356026293,-3.16105849320567,-3.12584416894505,-3.09997920940093,0.0778830071599986,0.040852535663994,0.0366700983849935,0.0234190154987331,0.70149564743042,0.250595241785049,0.396092265844345,0.268461436033249,-0.0127226311967629,0.00388436110563887,0.00450267983998844,3.13751891106049e-4,-1.19198501872659,-1.25669172932331,-1.65290566037736,-1.44837121212121,7.75974274971015,7.37953571284645,7.37812780409739,7.25881300386791,-7.1949245175868,19.6760300876256,12.9198219871321,16.9892584410142,-0.00571893687820181,-0.00671519745988537,-0.00903563442469406,-0.00715076861366384,-0.00217563915050533,-0.0073893952014241,-0.010374265113083,-0.00693286997365506,-0.0156991111198503,-0.0059185478874038,-0.0102164527946257,-0.00945769116021054,0.00366448233431909,-0.00197687597526611,-7.7588665700103e-4,-0.00118914359049746,4.16076188782826e-4,-0.00176145474932582,-0.00105144269961655,1.63509060910364e-4,-7.43513529338777e-4,-0.00357222655917729,-0.00296285572517556,-0.00250147328794039,0.0464905576875855,-0.0425046161296813,-0.0327048219202624,-0.0354498533865694,-0.0273595961580991,-0.00346317978540343,4.68142494012249e-4,-0.00610674917850367,-0.00730498758550276,0.00555372417592261,0.0146193402372363,0.00945962317810583,8.79727386752137e-4,-1.26359800215823e-4,1.10822576954834e-4,6.01786690154401e-4,0.01594042209038433
2020-10-01,0.11053976526193,644.6645281422,588.062837905911,-201.665400794804,596.149521632362,392.031547269292,0.206940326459583,-0.193793800749055,0.0901426203342659,0.0170418486790092,0.201325852518418,-0.198272654362816,0.0848012681324963,0.0119255791343593,7.16827058000025e-4,0.19607342,-0.036089266204,0.0615112874239998,0.0586249956079998,0.0433977026800001,-0.00691696747600001,0.0622463415200001,0.0016,0.0029,0.0154,0.0189,7.25e-4,0.00385,0.004725,0.005425,0.601465399602273,0.512168860881803,0.4175853054832,0.430545574823083,0.0057,0.0058,0.0032,-0.0019,0.012,0.0127,0.0087,0.00880000000000001,0.0579081685499998,-0.15267571732,0.029172298728,7.35054096000276e-4,-0.00123200898824161,0.00444013791278497,8.37361105160861e-4,0.00240490663418491,-0.0168450238940134,-0.00770029226673434,-0.00719915112059152,-0.0108381117187598,0.0255881216835338,0.0790488057078202,0.00231904415245926,0.0055168431162565,0.0312944410924259,0.0343480395880175,0.0353766895343863,0.0359218048324379,-2.35205697716915,-2.81241803119451,-1.50564594790301,-1.72004692830898,0.106508875739645,-0.542448614834674,0.0984861976847728,-0.0177955329580534,-0.0690873024707106,-0.0763958519852333,-0.0578355536274688,-0.0594575561148222,-0.103961497545242,0.0334205590188503,0.0103587005287409,-0.00398358516395092,0.452406823635101,0.404299974441528,0.502352893352509,0.442217588424683,0.873490343272844,0.741661822003816,0.996270936273575,0.983832471464767,0.873490343272844,0.741661822003816,0.996270936273575,0.983832471464767,-3.4490840305253,-3.10955356026293,-3.16105849320567,-3.12584416894505,0.0387720564512588,0.0778830071599986,0.040852535663994,0.0366700983849935,0.500443816184998,0.70149564743042,0.250595241785049,0.396092265844345,-0.0807104056674698,-0.0127226311967629,0.00388436110563887,0.00450267983998844,-0.907537313432836,-1.19198501872659,-1.25669172932331,-1.65290566037736,6.75669600381457,7.75974274971015,7.37953571284645,7.37812780409739,-14.0023735687315,-7.1949245175868,19.6760300876256,12.9198219871321,-0.0110942015961846,-0.00571893687820181,-0.00671519745988537,-0.00903563442469406,-0.0101624268508131,-0.00217563915050533,-0.0073893952014241,-0.010374265113083,-0.0118243904172088,-0.0156991111198503,-0.0059185478874038,-0.0102164527946257,-0.00248178784590481,0.00366448233431909,-0.00197687597526611,-7.7588665700103e-4,-8.1458539881014e-4,4.16076188782826e-4,-0.00176145474932582,-0.00105144269961655,-0.0143498488278777,-7.43513529338777e-4,-0.00357222655917729,-0.00296285572517556,-0.0365285598797375,0.0464905576875855,-0.0425046161296813,-0.0327048219202624,-0.227199656088103,-0.0273595961580991,-0.00346317978540343,4.68142494012249e-4,-0.107142970362808,-0.00730498758550276,0.00555372417592261,0.0146193402372363,3.11219225432404e-4,8.79727386752137e-4,-1.26359800215823e-4,1.10822576954834e-4,0.016779786855985735
2021-01-01,0.0561205915426262,861.541530496835,644.6645281422,588.062837905911,-201.665400794804,596.149521632362,0.089851278076688,0.206940326459583,-0.193793800749055,0.0901426203342659,0.0854250541540555,0.201325852518418,-0.198272654362816,0.0848012681324963,7.40756959999977e-4,7.16827058000025e-4,0.19607342,-0.036089266204,0.0133610151200001,0.0586249956079998,0.0433977026800001,-0.00691696747600001,0.0011,0.0016,0.0029,0.0154,4e-4,7.25e-4,0.00385,0.004725,0.599177730748425,0.601465399602273,0.512168860881803,0.4175853054832,0.0057,0.0057,0.0058,0.0032,0.0105,0.012,0.0127,0.0087,0.0126202581600001,0.0579081685499998,-0.15267571732,0.029172298728,0.00963160936705987,-0.00123200898824161,0.00444013791278497,8.37361105160861e-4,-0.0056980768983531,-0.0168450238940134,-0.00770029226673434,-0.00719915112059152,0.00725877970286748,0.0255881216835338,0.0790488057078202,0.00231904415245926,0.0324587151809123,0.0312944410924259,0.0343480395880175,0.0353766895343863,-1.99884481494546,-2.35205697716915,-2.81241803119451,-1.50564594790301,-0.0596104200891809,0.106508875739645,-0.542448614834674,0.0984861976847728,-0.016043030039156,-0.0690873024707106,-0.0763958519852333,-0.0578355536274688,-0.0283414237201214,-0.103961497545242,0.0334205590188503,0.0103587005287409,0.420436084270477,0.452406823635101,0.404299974441528,0.502352893352509,0.940113876084466,0.873490343272844,0.741661822003816,0.996270936273575,0.940113876084466,0.873490343272844,0.741661822003816,0.996270936273575,-3.5401558354082,-3.4490840305253,-3.10955356026293,-3.16105849320567,0.0351289522909466,0.0387720564512588,0.0778830071599986,0.040852535663994,0.293687552213669,0.500443816184998,0.70149564743042,0.250595241785049,-0.00790535051831983,-0.0807104056674698,-0.0127226311967629,0.00388436110563887,-0.914163568773234,-0.907537313432836,-1.19198501872659,-1.25669172932331,5.40257895115431,6.75669600381457,7.75974274971015,7.37953571284645,-4.39204070976136,-14.0023735687315,-7.1949245175868,19.6760300876256,-0.00919187071638852,-0.0110942015961846,-0.00571893687820181,-0.00671519745988537,-0.00986269353736527,-0.0101624268508131,-0.00217563915050533,-0.0073893952014241,-0.0101247064436114,-0.0118243904172088,-0.0156991111198503,-0.0059185478874038,-0.00287510628018926,-0.00248178784590481,0.00366448233431909,-0.00197687597526611,-0.00345458584472946,-8.1458539881014e-4,4.16076188782826e-4,-0.00176145474932582,-0.0107167433875752,-0.0143498488278777,-7.43513529338777e-4,-0.00357222655917729,-0.0402088920697712,-0.0365285598797375,0.0464905576875855,-0.0425046161296813,-0.00363772918928848,-0.227199656088103,-0.0273595961580991,-0.00346317978540343,0.0120025451583497,-0.107142970362808,-0.00730498758550276,0.00555372417592261,-7.81334546120993e-5,3.11219225432404e-4,8.79727386752137e-4,-1.26359800215823e-4,0.01835997638786834
2021-04-01,0.0785396687121781,825.870840518558,861.541530496835,644.6645281422,588.062837905911,-201.665400794804,0.125007905993189,0.089851278076688,0.206940326459583,-0.193793800749055,0.120390420549649,0.0854250541540555,0.201325852518418,-0.198272654362816,-0.0260520445899999,7.40756959999977e-4,7.16827058000025e-4,0.19607342,0.0309328999999998,0.0133610151200001,0.0586249956079998,0.0433977026800001,9e-4,0.0011,0.0016,0.0029,2.75e-4,4e-4,7.25e-4,0.00385,0.619131479188465,0.599177730748425,0.601465399602273,0.512168860881803,0.0084,0.0057,0.0057,0.0058,0.009,0.0105,0.012,0.0127,0.0569849445899997,0.0126202581600001,0.0579081685499998,-0.15267571732,7.45351160289065e-4,0.00963160936705987,-0.00123200898824161,0.00444013791278497,-9.78815302328833e-5,-0.0056980768983531,-0.0168450238940134,-0.00770029226673434,0.00683168544611042,0.00725877970286748,0.0255881216835338,0.0790488057078202,0.0330804001560554,0.0324587151809123,0.0312944410924259,0.0343480395880175,-1.98628796137919,-1.99884481494546,-2.35205697716915,-2.81241803119451,0.0648434053815614,-0.0596104200891809,0.106508875739645,-0.542448614834674,-0.00997655493626776,-0.016043030039156,-0.0690873024707106,-0.0763958519852333,0.0545641146600246,-0.0283414237201214,-0.103961497545242,0.0334205590188503,0.456953912973404,0.420436084270477,0.452406823635101,0.404299974441528,1,0.940113876084466,0.873490343272844,0.741661822003816,1,0.940113876084466,0.873490343272844,0.741661822003816,-3.69570869270575,-3.5401558354082,-3.4490840305253,-3.10955356026293,0.0393814127595291,0.0351289522909466,0.0387720564512588,0.0778830071599986,0.263883531093597,0.293687552213669,0.500443816184998,0.70149564743042,-2.78667568262611e-4,-0.00790535051831983,-0.0807104056674698,-0.0127226311967629,-0.680777777777778,-0.914163568773234,-0.907537313432836,-1.19198501872659,4.9127678753107,5.40257895115431,6.75669600381457,7.75974274971015,-5.01293769500911,-4.39204070976136,-14.0023735687315,-7.1949245175868,-0.00808752969587574,-0.00919187071638852,-0.0110942015961846,-0.00571893687820181,-0.00964101439533294,-0.00986269353736527,-0.0101624268508131,-0.00217563915050533,-0.00637185345486404,-0.0101247064436114,-0.0118243904172088,-0.0156991111198503,-0.00376547060630806,-0.00287510628018926,-0.00248178784590481,0.00366448233431909,-0.00276536439927846,-0.00345458584472946,-8.1458539881014e-4,4.16076188782826e-4,-0.01183787245275,-0.0107167433875752,-0.0143498488278777,-7.43513529338777e-4,-0.0511655888381674,-0.0402088920697712,-0.0365285598797375,0.0464905576875855,0.00138654509047647,-0.00363772918928848,-0.227199656088103,-0.0273595961580991,-0.00384952054495289,0.0120025451583497,-0.107142970362808,-0.00730498758550276,-1.11579169248166e-4,-7.81334546120993e-5,3.11219225432404e-4,8.79727386752137e-4,0.018685239619327776
2021-07-01,0.00233351723080956,960.794438078625,825.870840518558,861.541530496835,644.6645281422,588.062837905911,0.0597875134386698,0.125007905993189,0.089851278076688,0.206940326459583,0.055794693547554,0.120390420549649,0.0854250541540555,0.201325852518418,-0.116140932928,-0.0260520445899999,7.40756959999977e-4,7.16827058000025e-4,-0.10259439046,0.0309328999999998,0.0133610151200001,0.0586249956079998,3e-4,9e-4,0.0011,0.0016,2.25e-4,2.75e-4,4e-4,7.25e-4,0.449558401442298,0.619131479188465,0.599177730748425,0.601465399602273,0.0158,0.0084,0.0057,0.0057,0.007,0.009,0.0105,0.012,0.0135465424679999,0.0569849445899997,0.0126202581600001,0.0579081685499998,0.0169037984597311,7.45351160289065e-4,0.00963160936705987,-0.00123200898824161,0.0157183450389201,-9.78815302328833e-5,-0.0056980768983531,-0.0168450238940134,0.00605204747980993,0.00683168544611042,0.00725877970286748,0.0255881216835338,0.0335720027092434,0.0330804001560554,0.0324587151809123,0.0312944410924259,-2.28448721624594,-1.98628796137919,-1.99884481494546,-2.35205697716915,-0.068786400125924907,0.0648434053815614,-0.0596104200891809,0.106508875739645,0.0437001859526559,-0.00997655493626776,-0.016043030039156,-0.0690873024707106,0.00283410563133657,0.0545641146600246,-0.0283414237201214,-0.103961497545242,0.432750731706619,0.456953912973404,0.420436084270477,0.452406823635101,0.994277595408329,1,0.940113876084466,0.873490343272844,0.994277595408329,1,0.940113876084466,0.873490343272844,-3.44962929356796,-3.69570869270575,-3.5401558354082,-3.4490840305253,0.0514924094579424,0.0393814127595291,0.0351289522909466,0.0387720564512588,0.251886129379272,0.263883531093597,0.293687552213669,0.500443816184998,0.00789543049131953,-2.78667568262611e-4,-0.00790535051831983,-0.0807104056674698,-0.178265682656827,-0.680777777777778,-0.914163568773234,-0.907537313432836,4.4028516967091,4.9127678753107,5.40257895115431,6.75669600381457,32.6951543520719,-5.01293769500911,-4.39204070976136,-14.0023735687315,6.70238685006708e-4,-0.00808752969587574,-0.00919187071638852,-0.0110942015961846,-0.00203739977522029,-0.00964101439533294,-0.00986269353736527,-0.0101624268508131,-1.11986157297958e-4,-0.00637185345486404,-0.0101247064436114,-0.0118243904172088,-0.00348139106729253,-0.00376547060630806,-0.00287510628018926,-0.00248178784590481,-0.00301987285118635,-0.00276536439927846,-0.00345458584472946,-8.1458539881014e-4,-0.00138441149257802,-0.01183787245275,-0.0107167433875752,-0.0143498488278777,-0.0599313484774379,-0.0511655888381674,-0.0402088920697712,-0.0365285598797375,-0.134664708240227,0.00138654509047647,-0.00363772918928848,-0.227199656088103,0.00702759405680265,-0.00384952054495289,0.0120025451583497,-0.107142970362808,-4.60046494930997e-4,-1.11579169248166e-4,-7.81334546120993e-5,3.11219225432404e-4,0.020314318164802187
2021-10-01,0.101178169977632,734.55821497851,960.794438078625,825.870840518558,861.541530496835,644.6645281422,0.0855601332665097,0.0597875134386698,0.125007905993189,0.089851278076688,0.081851256937433,0.055794693547554,0.120390420549649,0.0854250541540555,0.052981207592,-0.116140932928,-0.0260520445899999,7.40756959999977e-4,0.07218445558,-0.10259439046,0.0309328999999998,0.0133610151200001,4e-4,3e-4,9e-4,0.0011,7.5e-5,2.25e-4,2.75e-4,4e-4,0.364481242973143,0.449558401442298,0.619131479188465,0.599177730748425,0.0148,0.0158,0.0084,0.0057,0.0065,0.007,0.009,0.0105,0.019203247988,0.0135465424679999,0.0569849445899997,0.0126202581600001,0.025744024584996,0.0169037984597311,7.45351160289065e-4,0.00963160936705987,0.0172545903617987,0.0157183450389201,-9.78815302328833e-5,-0.0056980768983531,0.00316314321301176,0.00605204747980993,0.00683168544611042,0.00725877970286748,0.0340068166278684,0.0335720027092434,0.0330804001560554,0.0324587151809123,-1.37535368709861,-2.28448721624594,-1.98628796137919,-1.99884481494546,0.110072376357057,-0.068786400125924907,0.0648434053815614,-0.0596104200891809,0.0289545044105965,0.0437001859526559,-0.00997655493626776,-0.016043030039156,9.1487199824769e-5,0.00283410563133657,0.0545641146600246,-0.0283414237201214,0.431003570556641,0.432750731706619,0.456953912973404,0.420436084270477,0.992085459213014,0.994277595408329,1,0.940113876084466,0.992085459213014,0.994277595408329,1,0.940113876084466,-3.31348074676018,-3.44962929356796,-3.69570869270575,-3.5401558354082,0.0472948380107798,0.0514924094579424,0.0393814127595291,0.0351289522909466,0.245315715670586,0.251886129379272,0.263883531093597,0.293687552213669,0.0166632536924409,0.00789543049131953,-2.78667568262611e-4,-0.00790535051831983,0.112389705882353,-0.178265682656827,-0.680777777777778,-0.914163568773234,4.87249578470775,4.4028516967091,4.9127678753107,5.40257895115431,47.6779821457767,32.6951543520719,-5.01293769500911,-4.39204070976136,-0.0052037384489692,6.70238685006708e-4,-0.00808752969587574,-0.00919187071638852,-0.0071968706821295,-0.00203739977522029,-0.00964101439533294,-0.00986269353736527,-0.00421915787423261,-1.11986157297958e-4,-0.00637185345486404,-0.0101247064436114,-0.003617383984325,-0.00348139106729253,-0.00376547060630806,-0.00287510628018926,-0.00362515262925547,-0.00301987285118635,-0.00276536439927846,-0.00345458584472946,9.1014852602993e-4,-0.00138441149257802,-0.01183787245275,-0.0107167433875752,-0.0527637836100785,-0.0599313484774379,-0.0511655888381674,-0.0402088920697712,0.0521177025496002,-0.134664708240227,0.00138654509047647,-0.00363772918928848,0.0316080453789458,0.00702759405680265,-0.00384952054495289,0.0120025451583497,-9.51853752866983e-4,-4.60046494930997e-4,-1.11579169248166e-4,-7.81334546120993e-5,0.019513357131788894
2022-01-01,-0.0507327023576737,1101.56868018149,734.55821497851,960.794438078625,825.870840518558,861.541530496835,0.00700760632955899,0.0855601332665097,0.0597875134386698,0.125007905993189,0.00353450099540442,0.081851256937433,0.055794693547554,0.120390420549649,0.00122091875000008,0.052981207592,-0.116140932928,-0.0260520445899999,-4.81823529999925e-4,0.07218445558,-0.10259439046,0.0309328999999998,4e-4,4e-4,3e-4,9e-4,1e-4,7.5e-5,2.25e-4,2.75e-4,0.337882663788243,0.364481242973143,0.449558401442298,0.619131479188465,0.0133,0.0148,0.0158,0.0084,0.007,0.0065,0.007,0.009,-0.00170274228,0.019203247988,0.0135465424679999,0.0569849445899997,0.00962104705258815,0.025744024584996,0.0169037984597311,7.45351160289065e-4,0.0155978851532083,0.0172545903617987,0.0157183450389201,-9.78815302328833e-5,0.00311952554302847,0.00316314321301176,0.00605204747980993,0.00683168544611042,0.0335543714714674,0.0340068166278684,0.0335720027092434,0.0330804001560554,-1.37791798797805,-1.37535368709861,-2.28448721624594,-1.98628796137919,0.095758635767381,0.110072376357057,-0.068786400125924907,0.0648434053815614,0.00688476376564187,0.0289545044105965,0.0437001859526559,-0.00997655493626776,-0.0739212483167648,9.1487199824769e-5,0.00283410563133657,0.0545641146600246,0.451914608478546,0.431003570556641,0.432750731706619,0.456953912973404,0.949994105329344,0.992085459213014,0.994277595408329,1,0.949994105329344,0.992085459213014,0.994277595408329,1,-3.21483123021283,-3.31348074676018,-3.44962929356796,-3.69570869270575,0.0342460105545902,0.0472948380107798,0.0514924094579424,0.0393814127595291,0.249148845672607,0.245315715670586,0.251886129379272,0.263883531093597,0.0163777520955555,0.0166632536924409,0.00789543049131953,-2.78667568262611e-4,-0.178021978021978,0.112389705882353,-0.178265682656827,-0.680777777777778,6.11812683790896,4.87249578470775,4.4028516967091,4.9127678753107,45.6237721577371,47.6779821457767,32.6951543520719,-5.01293769500911,-0.00716063222651684,-0.0052037384489692,6.70238685006708e-4,-0.00808752969587574,-0.00805156353022036,-0.0071968706821295,-0.00203739977522029,-0.00964101439533294,-0.00589048486915395,-0.00421915787423261,-1.11986157297958e-4,-0.00637185345486404,-0.00245907444870521,-0.003617383984325,-0.00348139106729253,-0.00376547060630806,-0.00332976134787615,-0.00362515262925547,-0.00301987285118635,-0.00276536439927846,0.00218814110292848,9.1014852602993e-4,-0.00138441149257802,-0.01183787245275,-0.0396225193501254,-0.0527637836100785,-0.0599313484774379,-0.0511655888381674,0.0350625707068751,0.0521177025496002,-0.134664708240227,0.00138654509047647,0.0289210189033547,0.0316080453789458,0.00702759405680265,-0.00384952054495289,-0.00102864775745452,-9.51853752866983e-4,-4.60046494930997e-4,-1.11579169248166e-4,0.02020143623608142
2022-04-01,-0.179666164974405,581.966189895338,1101.56868018149,734.55821497851,960.794438078625,825.870840518558,0.108955731809948,0.00700760632955899,0.0855601332665097,0.0597875134386698,0.105194834059095,0.00353450099540442,0.081851256937433,0.055794693547554,0.0149188218999998,0.00122091875000008,0.052981207592,-0.116140932928,0.0122211619660002,-4.81823529999925e-4,0.07218445558,-0.10259439046,6e-4,4e-4,4e-4,3e-4,1e-4,1e-4,7.5e-5,2.25e-4,0.305236353577564,0.337882663788243,0.364481242973143,0.449558401442298,0.0141,0.0133,0.0148,0.0158,0.0065,0.007,0.0065,0.007,-0.00269765993399962,-0.00170274228,0.019203247988,0.0135465424679999,0.0163756334074587,0.00962104705258815,0.025744024584996,0.0169037984597311,0.0129700152166776,0.0155978851532083,0.0172545903617987,0.0157183450389201,0.00499620240344583,0.00311952554302847,0.00316314321301176,0.00605204747980993,0.0335499853950988,0.0335543714714674,0.0340068166278684,0.0335720027092434,-1.27765983913106,-1.37791798797805,-1.37535368709861,-2.28448721624594,0.136446056210335,0.095758635767381,0.110072376357057,-0.068786400125924907,0.0245827435447032,0.00688476376564187,0.0289545044105965,0.0437001859526559,0.00706986198201776,-0.0739212483167648,9.1487199824769e-5,0.00283410563133657,0.435895770788193,0.451914608478546,0.431003570556641,0.432750731706619,0.995880086481734,0.949994105329344,0.992085459213014,0.994277595408329,0.995880086481734,0.949994105329344,0.992085459213014,0.994277595408329,-3.19643480355519,-3.21483123021283,-3.31348074676018,-3.44962929356796,0.0391922755720359,0.0342460105545902,0.0472948380107798,0.0514924094579424,0.251053124666214,0.249148845672607,0.245315715670586,0.251886129379272,0.0228148023223805,0.0163777520955555,0.0166632536924409,0.00789543049131953,0.0426277372262773,-0.178021978021978,0.112389705882353,-0.178265682656827,6.46847166101129,6.11812683790896,4.87249578470775,4.4028516967091,54.4554230766039,45.6237721577371,47.6779821457767,32.6951543520719,-0.00455114470257155,-0.00716063222651684,-0.0052037384489692,6.70238685006708e-4,-0.00594403539885781,-0.00805156353022036,-0.0071968706821295,-0.00203739977522029,-0.00424041085467877,-0.00589048486915395,-0.00421915787423261,-1.11986157297958e-4,-0.0033496393697988,-0.00245907444870521,-0.003617383984325,-0.00348139106729253,-0.00253718377405954,-0.00332976134787615,-0.00362515262925547,-0.00301987285118635,5.97033709382593e-4,0.00218814110292848,9.1014852602993e-4,-0.00138441149257802,-0.05025935118015,-0.0396225193501254,-0.0527637836100785,-0.0599313484774379,0.0281974395622783,0.0350625707068751,0.0521177025496002,-0.134664708240227,0.0251015568404753,0.0289210189033547,0.0316080453789458,0.00702759405680265,-0.0010629065474177,-0.00102864775745452,-9.51853752866983e-4,-4.60046494930997e-4,0.0193258353505298
2022-07-01,-0.0542148762352368,-141.529281286601,581.966189895338,1101.56868018149,734.55821497851,960.794438078625,-0.0451148599180029,0.108955731809948,0.00700760632955899,0.0855601332665097,-0.0485595944712054,0.105194834059095,0.00353450099540442,0.081851256937433,-0.0557531150623011,0.0149188218999998,0.00122091875000008,0.052981207592,-0.0768709008193394,0.0122211619660002,-4.81823529999925e-4,0.07218445558,0.0044,6e-4,4e-4,4e-4,1.5e-4,1e-4,1e-4,7.5e-5,0.313121996483628,0.305236353577564,0.337882663788243,0.364481242973143,0.0169,0.0141,0.0133,0.0148,0.0086,0.0065,0.007,0.0065,-0.0211177857570384,-0.00269765993399962,-0.00170274228,0.019203247988,0.0312121146907125,0.0163756334074587,0.00962104705258815,0.025744024584996,-0.00112224123186188,0.0129700152166776,0.0155978851532083,0.0172545903617987,0.011203197854091,0.00499620240344583,0.00311952554302847,0.00316314321301176,0.0343407284474615,0.0335499853950988,0.0335543714714674,0.0340068166278684,-1.18375325361345,-1.27765983913106,-1.37791798797805,-1.37535368709861,0.0476389469285416,0.136446056210335,0.095758635767381,0.110072376357057,0.00825151083260513,0.0245827435447032,0.00688476376564187,0.0289545044105965,-0.045893132686615,0.00706986198201776,-0.0739212483167648,9.1487199824769e-5,0.441183984279633,0.435895770788193,0.451914608478546,0.431003570556641,0.942355430010883,0.995880086481734,0.949994105329344,0.992085459213014,0.942355430010883,0.995880086481734,0.949994105329344,0.992085459213014,-3.1518316658068,-3.19643480355519,-3.21483123021283,-3.31348074676018,0.0310191843825656,0.0391922755720359,0.0342460105545902,0.0472948380107798,0.338478654623032,0.251053124666214,0.249148845672607,0.245315715670586,0.0118111576087886,0.0228148023223805,0.0163777520955555,0.0166632536924409,0.182472727272727,0.0426277372262773,-0.178021978021978,0.112389705882353,7.20305841688669,6.46847166101129,6.11812683790896,4.87249578470775,38.3496634034823,54.4554230766039,45.6237721577371,47.6779821457767,0.00305889906354805,-0.00455114470257155,-0.00716063222651684,-0.0052037384489692,0.00410240148889672,-0.00594403539885781,-0.00805156353022036,-0.0071968706821295,0.00202968280622191,-0.00424041085467877,-0.00589048486915395,-0.00421915787423261,-0.0016277524653207,-0.0033496393697988,-0.00245907444870521,-0.003617383984325,-0.00136896326023239,-0.00253718377405954,-0.00332976134787615,-0.00362515262925547,0.00171689865082637,5.97033709382593e-4,0.00218814110292848,9.1014852602993e-4,-0.0105913855016665,-0.05025935118015,-0.0396225193501254,-0.0527637836100785,0.022301050272204,0.0281974395622783,0.0350625707068751,0.0521177025496002,0.01313559908664,0.0251015568404753,0.0289210189033547,0.0316080453789458,-7.33949087151416e-4,-0.0010629065474177,-0.00102864775745452,-9.51853752866983e-4,0.015390854302427913
2022-10-01,0.0684107478724683,1.72242565263411,-141.529281286601,581.966189895338,1101.56868018149,734.55821497851,-0.161792157060067,-0.0451148599180029,0.108955731809948,0.00700760632955899,-0.165303791447082,-0.0485595944712054,0.105194834059095,0.00353450099540442,-0.037749357146791,-0.0557531150623011,0.0149188218999998,0.00122091875000008,-0.072570256801252,-0.0768709008193394,0.0122211619660002,-4.81823529999925e-4,0.0149,0.0044,6e-4,4e-4,0.0011,1.5e-4,1e-4,1e-4,0.332984527949168,0.313121996483628,0.305236353577564,0.337882663788243,0.0165,0.0169,0.0141,0.0133,0.0103,0.0086,0.0065,0.007,-0.034820899654461,-0.0211177857570384,-0.00269765993399962,-0.00170274228,0.0306326172853246,0.0312121146907125,0.0163756334074587,0.00962104705258815,-0.00481542022551249,-0.00112224123186188,0.0129700152166776,0.0155978851532083,0.0198899937365729,0.011203197854091,0.00499620240344583,0.00311952554302847,0.0346259010525837,0.0343407284474615,0.0335499853950988,0.0335543714714674,-1.21200099564468,-1.18375325361345,-1.27765983913106,-1.37791798797805,-0.0611319438388419,0.0476389469285416,0.136446056210335,0.095758635767381,-0.0033050120595891,0.00825151083260513,0.0245827435447032,0.00688476376564187,0.0141900135204196,-0.045893132686615,0.00706986198201776,-0.0739212483167648,0.443858057260513,0.441183984279633,0.435895770788193,0.451914608478546,0.836296812605555,0.942355430010883,0.995880086481734,0.949994105329344,0.836296812605555,0.942355430010883,0.995880086481734,0.949994105329344,-3.01097003713042,-3.1518316658068,-3.19643480355519,-3.21483123021283,0.040952853401022,0.0310191843825656,0.0391922755720359,0.0342460105545902,0.504589438438416,0.338478654623032,0.251053124666214,0.249148845672607,0.00604044655423007,0.0118111576087886,0.0228148023223805,0.0163777520955555,0.401811594202899,0.182472727272727,0.0426277372262773,-0.178021978021978,8.14745246253669,7.20305841688669,6.46847166101129,6.11812683790896,27.0108529351723,38.3496634034823,54.4554230766039,45.6237721577371,0.00735608612317899,0.00305889906354805,-0.00455114470257155,-0.00716063222651684,0.00918453009628515,0.00410240148889672,-0.00594403539885781,-0.00805156353022036,0.00882249763444453,0.00202968280622191,-0.00424041085467877,-0.00589048486915395,0.00137028136206887,-0.0016277524653207,-0.0033496393697988,-0.00245907444870521,-3.45894407053126e-4,-0.00136896326023239,-0.00253718377405954,-0.00332976134787615,0.00733929773739309,0.00171689865082637,5.97033709382593e-4,0.00218814110292848,0.00349808186480925,-0.0105913855016665,-0.05025935118015,-0.0396225193501254,0.0273724606422673,0.022301050272204,0.0281974395622783,0.0350625707068751,0.0158591611784163,0.01313559908664,0.0251015568404753,0.0289210189033547,-0.00102351349304397,-7.33949087151416e-4,-0.0010629065474177,-0.00102864775745452,0.014229835146581458
2023-01-01,0.0679129814140395,420.962893048961,1.72242565263411,-141.529281286601,581.966189895338,1101.56868018149,-0.0463489344677499,-0.161792157060067,-0.0451148599180029,0.108955731809948,-0.0504898773706683,-0.165303791447082,-0.0485595944712054,0.105194834059095,-0.0434786436917227,-0.037749357146791,-0.0557531150623011,0.0149188218999998,-0.0505658576041053,-0.072570256801252,-0.0768709008193394,0.0122211619660002,0.0313,0.0149,0.0044,6e-4,0.003725,0.0011,1.5e-4,1e-4,0.349146383063433,0.332984527949168,0.313121996483628,0.305236353577564,0.0039,0.0165,0.0169,0.0141,0.011,0.0103,0.0086,0.0065,-0.00708721391238254,-0.034820899654461,-0.0211177857570384,-0.00269765993399962,0.00167729176439635,0.0306326172853246,0.0312121146907125,0.0163756334074587,-0.0112911147275652,-0.00481542022551249,-0.00112224123186188,0.0129700152166776,0.0114703558555534,0.0198899937365729,0.011203197854091,0.00499620240344583,0.034937433000861,0.0346259010525837,0.0343407284474615,0.0335499853950988,-1.07928811350355,-1.21200099564468,-1.18375325361345,-1.27765983913106,-0.112270960577457,-0.0611319438388419,0.0476389469285416,0.136446056210335,-0.0143117233993083,-0.0033050120595891,0.00825151083260513,0.0245827435447032,-0.0840045213699341,0.0141900135204196,-0.045893132686615,0.00706986198201776,0.450731068849564,0.443858057260513,0.441183984279633,0.435895770788193,0.780591934977642,0.836296812605555,0.942355430010883,0.995880086481734,0.780591934977642,0.836296812605555,0.942355430010883,0.995880086481734,-2.98774499280494,-3.01097003713042,-3.1518316658068,-3.19643480355519,0.028231382805658,0.040952853401022,0.0310191843825656,0.0391922755720359,0.451282888650894,0.504589438438416,0.338478654623032,0.251053124666214,0.00579198900542566,0.00604044655423007,0.0118111576087886,0.0228148023223805,-0.999638989169675,0.401811594202899,0.182472727272727,0.0426277372262773,8.01447168421932,8.14745246253669,7.20305841688669,6.46847166101129,21.2933663483357,27.0108529351723,38.3496634034823,54.4554230766039,0.00593942984754252,0.00735608612317899,0.00305889906354805,-0.00455114470257155,0.00744398680981658,0.00918453009628515,0.00410240148889672,-0.00594403539885781,0.00678806168583422,0.00882249763444453,0.00202968280622191,-0.00424041085467877,0.00110498801748193,0.00137028136206887,-0.0016277524653207,-0.0033496393697988,2.38545579994781e-5,-3.45894407053126e-4,-0.00136896326023239,-0.00253718377405954,0.00469344998749211,0.00733929773739309,0.00171689865082637,5.97033709382593e-4,0.00533491220424949,0.00349808186480925,-0.0105913855016665,-0.05025935118015,0.0155680756721528,0.0273724606422673,0.022301050272204,0.0281974395622783,0.013411777367085,0.0158591611784163,0.01313559908664,0.0251015568404753,-7.01384727508002e-4,-0.00102351349304397,-7.33949087151416e-4,-0.0010629065474177,0.016019988116855434
2023-04-01,0.0797343545882783,611.660396287197,420.962893048961,1.72242565263411,-141.529281286601,581.966189895338,0.0718187866584308,-0.0463489344677499,-0.161792157060067,-0.0451148599180029,0.0671625648580121,-0.0504898773706683,-0.165303791447082,-0.0485595944712054,0.00722142955769312,-0.0434786436917227,-0.037749357146791,-0.0557531150623011,0.0363392595282321,-0.0505658576041053,-0.072570256801252,-0.0768709008193394,0.0425,0.0313,0.0149,0.0044,0.007825,0.003725,0.0011,1.5e-4,0.387396980310856,0.349146383063433,0.332984527949168,0.313121996483628,-0.0063,0.0039,0.0165,0.0169,0.0116,0.011,0.0103,0.0086,0.029117829970539,-0.00708721391238254,-0.034820899654461,-0.0211177857570384,-3.70609956603651e-5,0.00167729176439635,0.0306326172853246,0.0312121146907125,-0.0212493093502964,-0.0112911147275652,-0.00481542022551249,-0.00112224123186188,0.0155480940464545,0.0114703558555534,0.0198899937365729,0.011203197854091,0.0350752116916946,0.034937433000861,0.0346259010525837,0.0343407284474615,-1.29673111386818,-1.07928811350355,-1.21200099564468,-1.18375325361345,-0.00273461777501549,-0.112270960577457,-0.0611319438388419,0.0476389469285416,-0.00142760831741624,-0.0143117233993083,-0.0033050120595891,0.00825151083260513,0.0162542648613453,-0.0840045213699341,0.0141900135204196,-0.045893132686615,0.483790189027786,0.450731068849564,0.443858057260513,0.441183984279633,0.900749056037218,0.780591934977642,0.836296812605555,0.942355430010883,0.900749056037218,0.780591934977642,0.836296812605555,0.942355430010883,-3.13681214152137,-2.98774499280494,-3.01097003713042,-3.1518316658068,0.030513377452429,0.028231382805658,0.040952853401022,0.0310191843825656,0.492762088775635,0.451282888650894,0.504589438438416,0.338478654623032,0.00521257066123274,0.00579198900542566,0.00604044655423007,0.0118111576087886,-1.65604316546763,-0.999638989169675,0.401811594202899,0.182472727272727,8.45238701253534,8.01447168421932,8.14745246253669,7.20305841688669,7.92811251777173,21.2933663483357,27.0108529351723,38.3496634034823,0.0011892024314649,0.00593942984754252,0.00735608612317899,0.00305889906354805,0.00266531336867046,0.00744398680981658,0.00918453009628515,0.00410240148889672,0.00426447111330541,0.00678806168583422,0.00882249763444453,0.00202968280622191,-6.73857683901883e-4,0.00110498801748193,0.00137028136206887,-0.0016277524653207,-7.24088892004848e-4,2.38545579994781e-5,-3.45894407053126e-4,-0.00136896326023239,-0.00433120447214539,0.00469344998749211,0.00733929773739309,0.00171689865082637,-0.039875197211706,0.00533491220424949,0.00349808186480925,-0.0105913855016665,0.0163317003852563,0.0155680756721528,0.0273724606422673,0.022301050272204,0.0123369761558561,0.013411777367085,0.0158591611784163,0.01313559908664,-3.77388758363765e-4,-7.01384727508002e-4,-0.00102351349304397,-7.33949087151416e-4,0.018893000485877293
2023-07-01,-0.0371574016424994,807.261543554339,611.660396287197,420.962893048961,1.72242565263411,-141.529281286601,0.0768997268084677,0.0718187866584308,-0.0463489344677499,-0.161792157060067,0.0722841833481744,0.0671625648580121,-0.0504898773706683,-0.165303791447082,0.0300494884367046,0.00722142955769312,-0.0434786436917227,-0.037749357146791,0.0350212249848394,0.0363392595282321,-0.0505658576041053,-0.072570256801252,0.0469,0.0425,0.0313,0.0149,0.010625,0.007825,0.003725,0.0011,0.38940139451857,0.387396980310856,0.349146383063433,0.332984527949168,-0.0103,-0.0063,0.0039,0.0165,0.0111,0.0116,0.011,0.0103,0.00497173654813476,0.029117829970539,-0.00708721391238254,-0.034820899654461,0.0169779344130836,-3.70609956603651e-5,0.00167729176439635,0.0306326172853246,-0.0223310971522713,-0.0212493093502964,-0.0112911147275652,-0.00481542022551249,0.0069162891767957,0.0155480940464545,0.0114703558555534,0.0198899937365729,0.0351803136212826,0.0350752116916946,0.034937433000861,0.0346259010525837,-1.52534345157935,-1.29673111386818,-1.07928811350355,-1.21200099564468,-0.0166341780376869,-0.00273461777501549,-0.112270960577457,-0.0611319438388419,0.00218964393451261,-0.00142760831741624,-0.0143117233993083,-0.0033050120595891,0.0233240090310574,0.0162542648613453,-0.0840045213699341,0.0141900135204196,0.470712929964066,0.483790189027786,0.450731068849564,0.443858057260513,0.946342502543316,0.900749056037218,0.780591934977642,0.836296812605555,0.90419745839974,0.900749056037218,0.780591934977642,0.836296812605555,-3.19119960599455,-3.13681214152137,-2.98774499280494,-3.01097003713042,0.0522833619493802,0.030513377452429,0.028231382805658,0.040952853401022,0.322370827198029,0.492762088775635,0.451282888650894,0.504589438438416,0.00489965281533162,0.00521257066123274,0.00579198900542566,0.00604044655423007,-2.42010752688172,-1.65604316546763,-0.999638989169675,0.401811594202899,8.45141149399175,8.45238701253534,8.01447168421932,8.14745246253669,16.7562584449785,7.92811251777173,21.2933663483357,27.0108529351723,0.00253009245942041,0.0011892024314649,0.00593942984754252,0.00735608612317899,0.00298173573199562,0.00266531336867046,0.00744398680981658,0.00918453009628515,0.00285543113636556,0.00426447111330541,0.00678806168583422,0.00882249763444453,-0.00141650956786969,-6.73857683901883e-4,0.00110498801748193,0.00137028136206887,-5.38874553445342e-5,-7.24088892004848e-4,2.38545579994781e-5,-3.45894407053126e-4,-0.00389476851850459,-0.00433120447214539,0.00469344998749211,0.00733929773739309,-0.0230932951597766,-0.039875197211706,0.00533491220424949,0.00349808186480925,0.0190990629892403,0.0163317003852563,0.0155680756721528,0.0273724606422673,0.00921298436281863,0.0123369761558561,0.013411777367085,0.0158591611784163,-9.46431421965529e-6,-3.77388758363765e-4,-7.01384727508002e-4,-0.00102351349304397,0.02076882346432091
2023-10-01,0.106478580703873,435.205960945485,807.261543554339,611.660396287197,420.962893048961,1.72242565263411,0.0887185352203896,0.0768997268084677,0.0718187866584308,-0.0463489344677499,0.0843945401135502,0.0722841833481744,0.0671625648580121,-0.0504898773706683,-0.0137745935274939,0.0300494884367046,0.00722142955769312,-0.0434786436917227,-0.00285142327034804,0.0350212249848394,0.0363392595282321,-0.0505658576041053,0.0516,0.0469,0.0425,0.0313,0.011725,0.010625,0.007825,0.003725,0.379619557431204,0.38940139451857,0.387396980310856,0.349146383063433,-0.0141,-0.0103,-0.0063,0.0039,0.011,0.0111,0.0116,0.011,0.0109231702571458,0.00497173654813476,0.029117829970539,-0.00708721391238254,0.0108436369419154,0.0169779344130836,-3.70609956603651e-5,0.00167729176439635,-0.0156733070705841,-0.0223310971522713,-0.0212493093502964,-0.0112911147275652,0.0035121560605299,0.0069162891767957,0.0155480940464545,0.0114703558555534,0.0356534794503906,0.0351803136212826,0.0350752116916946,0.034937433000861,-1.59748475463309,-1.52534345157935,-1.29673111386818,-1.07928811350355,0.0374504332501102,-0.0166341780376869,-0.00273461777501549,-0.112270960577457,0.0416480183160767,0.00218964393451261,-0.00142760831741624,-0.0143117233993083,0.0276201963424683,0.0233240090310574,0.0162542648613453,-0.0840045213699341,0.457871615886688,0.470712929964066,0.483790189027786,0.450731068849564,0.994733413954473,0.946342502543316,0.900749056037218,0.780591934977642,0.934998023079024,0.90419745839974,0.900749056037218,0.780591934977642,-3.23900645953717,-3.19119960599455,-3.13681214152137,-2.98774499280494,0.0298671451972414,0.0522833619493802,0.030513377452429,0.028231382805658,0.210585758090019,0.322370827198029,0.492762088775635,0.451282888650894,0.00377782446057338,0.00489965281533162,0.00521257066123274,0.00579198900542566,-2.91146428571429,-2.42010752688172,-1.65604316546763,-0.999638989169675,7.78831833718401,8.45141149399175,8.45238701253534,8.01447168421932,22.3344877503765,16.7562584449785,7.92811251777173,21.2933663483357,0.00171581714063387,0.00253009245942041,0.0011892024314649,0.00593942984754252,0.00211616485105696,0.00298173573199562,0.00266531336867046,0.00744398680981658,0.00267424361126664,0.00285543113636556,0.00426447111330541,0.00678806168583422,-0.00221555956594821,-0.00141650956786969,-6.73857683901883e-4,0.00110498801748193,-0.00124245869895836,-5.38874553445342e-5,-7.24088892004848e-4,2.38545579994781e-5,-0.004247556523556,-0.00389476851850459,-0.00433120447214539,0.00469344998749211,-0.0298628089649194,-0.0230932951597766,-0.039875197211706,0.00533491220424949,0.0137599027115435,0.0190990629892403,0.0163317003852563,0.0155680756721528,0.00755464416493909,0.00921298436281863,0.0123369761558561,0.013411777367085,5.37271122741747e-4,-9.46431421965529e-6,-3.77388758363765e-4,-7.01384727508002e-4,0.02169907160028123
2024-01-01,0.0967464777454385,933.670679083629,435.205960945485,807.261543554339,611.660396287197,420.962893048961,-0.0325298680579071,0.0887185352203896,0.0768997268084677,0.0718187866584308,-0.0362298289463271,0.0843945401135502,0.0722841833481744,0.0671625648580121,-0.0306059106652872,-0.0137745935274939,0.0300494884367046,0.00722142955769312,-0.0309265225779283,-0.00285142327034804,0.0350212249848394,0.0363392595282321,0.0532,0.0516,0.0469,0.0425,0.0129,0.011725,0.010625,0.007825,0.376190697913824,0.379619557431204,0.38940139451857,0.387396980310856,-0.00940000000000001,-0.0141,-0.0103,-0.0063,0.0103,0.011,0.0111,0.0116,-3.206119126411e-4,0.0109231702571458,0.00497173654813476,0.029117829970539,0.00878374613662669,0.0108436369419154,0.0169779344130836,-3.70609956603651e-5,-0.017989478783493,-0.0156733070705841,-0.0223310971522713,-0.0212493093502964,0.00289675371344028,0.0035121560605299,0.0069162891767957,0.0155480940464545,0.0353742283315206,0.0356534794503906,0.0351803136212826,0.0350752116916946,-1.58958638351116,-1.59748475463309,-1.52534345157935,-1.29673111386818,0.112213646943526,0.0374504332501102,-0.0166341780376869,-0.00273461777501549,0.0278099722261621,0.0416480183160767,0.00218964393451261,-0.00142760831741624,-0.028320100158453,0.0276201963424683,0.0233240090310574,0.0162542648613453,0.504731476306915,0.457871615886688,0.470712929964066,0.483790189027786,0.940411465624568,0.994733413954473,0.946342502543316,0.900749056037218,0.910538551317744,0.934998023079024,0.90419745839974,0.900749056037218,-3.19016173228815,-3.23900645953717,-3.19119960599455,-3.13681214152137,0.0267356621198185,0.0298671451972414,0.0522833619493802,0.030513377452429,0.195060208439827,0.210585758090019,0.322370827198029,0.492762088775635,0.00696239147339451,0.00377782446057338,0.00489965281533162,0.00521257066123274,-2.56110320284697,-2.91146428571429,-2.42010752688172,-1.65604316546763,7.62981444229914,7.78831833718401,8.45141149399175,8.45238701253534,22.4673776240436,22.3344877503765,16.7562584449785,7.92811251777173,0.00571260919288942,0.00171581714063387,0.00253009245942041,0.0011892024314649,0.00540578521993222,0.00211616485105696,0.00298173573199562,0.00266531336867046,0.00790833244863181,0.00267424361126664,0.00285543113636556,0.00426447111330541,-8.50314615268104e-4,-0.00221555956594821,-0.00141650956786969,-6.73857683901883e-4,-0.00206137424393501,-0.00124245869895836,-5.38874553445342e-5,-7.24088892004848e-4,-5.59786299629018e-4,-0.004247556523556,-0.00389476851850459,-0.00433120447214539,-0.0199587814652558,-0.0298628089649194,-0.0230932951597766,-0.039875197211706,0.0135680308770139,0.0137599027115435,0.0190990629892403,0.0163317003852563,0.00944450475873882,0.00755464416493909,0.00921298436281863,0.0123369761558561,8.83498943672484e-4,5.37271122741747e-4,-9.46431421965529e-6,-3.77388758363765e-4,0.027734442896775697
2024-04-01,0.0384800354047909,1160.96428107069,933.670679083629,435.205960945485,807.261543554339,611.660396287197,0.116447224475623,-0.0325298680579071,0.0887185352203896,0.0768997268084677,0.111725321110838,-0.0362298289463271,0.0843945401135502,0.0722841833481744,0.0566248735534047,-0.0306059106652872,-0.0137745935274939,0.0300494884367046,0.0850218112610108,-0.0309265225779283,-0.00285142327034804,0.0350212249848394,0.0524,0.0532,0.0516,0.0469,0.0133,0.0129,0.011725,0.010625,0.365346837518774,0.376190697913824,0.379619557431204,0.38940139451857,-0.0122,-0.00940000000000001,-0.0141,-0.0103,0.00899999999999999,0.0103,0.011,0.0111,0.0283969377076061,-3.206119126411e-4,0.0109231702571458,0.00497173654813476,-0.00338868510570556,0.00878374613662669,0.0108436369419154,0.0169779344130836,-0.0174413452094195,-0.017989478783493,-0.0156733070705841,-0.0223310971522713,0.00381644692892666,0.00289675371344028,0.0035121560605299,0.0069162891767957,0.0353410252635507,0.0353742283315206,0.0356534794503906,0.0351803136212826,-1.73901191063895,-1.58958638351116,-1.59748475463309,-1.52534345157935,-0.0491998412908345,0.112213646943526,0.0374504332501102,-0.0166341780376869,0.0228764810811962,0.0278099722261621,0.0416480183160767,0.00218964393451261,-5.03523973748088e-4,-0.028320100158453,0.0276201963424683,0.0233240090310574,0.508538961410522,0.504731476306915,0.457871615886688,0.470712929964066,0.999454787974575,0.940411465624568,0.994733413954473,0.946342502543316,0.999454787974575,0.910538551317744,0.934998023079024,0.90419745839974,-3.24974649495866,-3.19016173228815,-3.23900645953717,-3.19119960599455,0.0477107858365842,0.0267356621198185,0.0298671451972414,0.0522833619493802,0.239502787590027,0.195060208439827,0.210585758090019,0.322370827198029,0.00690244613954559,0.00696239147339451,0.00377782446057338,0.00489965281533162,-2.25202127659574,-2.56110320284697,-2.91146428571429,-2.42010752688172,7.9176618178294,7.62981444229914,7.78831833718401,8.45141149399175,28.0051654728726,22.4673776240436,22.3344877503765,16.7562584449785,-0.00100666165537898,0.00571260919288942,0.00171581714063387,0.00253009245942041,-0.00230168902939208,0.00540578521993222,0.00211616485105696,0.00298173573199562,6.23198111822326e-4,0.00790833244863181,0.00267424361126664,0.00285543113636556,-0.00246773179232191,-8.50314615268104e-4,-0.00221555956594821,-0.00141650956786969,-0.00148607860624401,-0.00206137424393501,-0.00124245869895836,-5.38874553445342e-5,-0.00389896527830198,-5.59786299629018e-4,-0.004247556523556,-0.00389476851850459,-0.0457718400975684,-0.0199587814652558,-0.0298628089649194,-0.0230932951597766,0.0138741018848026,0.0135680308770139,0.0137599027115435,0.0190990629892403,0.00696268080182212,0.00944450475873882,0.00755464416493909,0.00921298436281863,0.00151595537693168,8.83498943672484e-4,5.37271122741747e-4,-9.46431421965529e-6,0.03141444574448204
2024-07-01,0.0538316070404351,1049.28793045365,1160.96428107069,933.670679083629,435.205960945485,807.261543554339,0.104157689864976,0.116447224475623,-0.0325298680579071,0.0887185352203896,0.100256509109371,0.111725321110838,-0.0362298289463271,0.0843945401135502,-0.00956483933441366,0.0566248735534047,-0.0306059106652872,-0.0137745935274939,-0.00399248692196652,0.0850218112610108,-0.0309265225779283,-0.00285142327034804,0.0524,0.0524,0.0532,0.0516,0.0131,0.0133,0.0129,0.011725,0.370054996250955,0.365346837518774,0.376190697913824,0.379619557431204,-0.0103,-0.0122,-0.00940000000000001,-0.0141,0.0074,0.00899999999999999,0.0103,0.011,0.00557235241244713,0.0283969377076061,-3.206119126411e-4,0.0109231702571458,0.0182105064124716,-0.00338868510570556,0.00878374613662669,0.0108436369419154,-0.0111722070508792,-0.0174413452094195,-0.017989478783493,-0.0156733070705841,0.003016238257364,0.00381644692892666,0.00289675371344028,0.0035121560605299,0.0353672445432266,0.0353410252635507,0.0353742283315206,0.0356534794503906,-1.77996936337297,-1.73901191063895,-1.58958638351116,-1.59748475463309,0.0598333754102498,-0.0491998412908345,0.112213646943526,0.0374504332501102,-0.00111247721860888,0.0228764810811962,0.0278099722261621,0.0416480183160767,0.016063129529357,-5.03523973748088e-4,-0.028320100158453,0.0276201963424683,0.499762058258057,0.508538961410522,0.504731476306915,0.457871615886688,1,0.999454787974575,0.940411465624568,0.994733413954473,1,0.999454787974575,0.910538551317744,0.934998023079024,-3.35373626090469,-3.24974649495866,-3.19016173228815,-3.23900645953717,0.0332613224957683,0.0477107858365842,0.0267356621198185,0.0298671451972414,0.166169598698616,0.239502787590027,0.195060208439827,0.210585758090019,0.0016567548257687,0.00690244613954559,0.00696239147339451,0.00377782446057338,-2.47406360424028,-2.25202127659574,-2.56110320284697,-2.91146428571429,7.5762908367625,7.9176618178294,7.62981444229914,7.78831833718401,21.7778689300937,28.0051654728726,22.4673776240436,22.3344877503765,0.00275001522445888,-0.00100666165537898,0.00571260919288942,0.00171581714063387,5.57687418259074e-4,-0.00230168902939208,0.00540578521993222,0.00211616485105696,0.00316092388757957,6.23198111822326e-4,0.00790833244863181,0.00267424361126664,-0.00301961796237463,-0.00246773179232191,-8.50314615268104e-4,-0.00221555956594821,-0.00284393444068759,-0.00148607860624401,-0.00206137424393501,-0.00124245869895836,-0.00656864016811423,-0.00389896527830198,-5.59786299629018e-4,-0.004247556523556,-0.0323619893831511,-0.0457718400975684,-0.0199587814652558,-0.0298628089649194,-0.00143190449133253,0.0138741018848026,0.0135680308770139,0.0137599027115435,0.00409273977753323,0.00696268080182212,0.00944450475873882,0.00755464416493909,9.92031673726525e-4,0.00151595537693168,8.83498943672484e-4,5.37271122741747e-4,0.029694303177796522
2024-10-01,0.0204647494834055,1144.24270263063,1049.28793045365,1160.96428107069,933.670679083629,435.205960945485,0.0451477261749937,0.104157689864976,0.116447224475623,-0.0325298680579071,0.0415675441498269,0.100256509109371,0.111725321110838,-0.0362298289463271,9.48871773724935e-4,-0.00956483933441366,0.0566248735534047,-0.0306059106652872,-8.79000308585232e-4,-0.00399248692196652,0.0850218112610108,-0.0309265225779283,0.0524,0.0524,0.0524,0.0532,0.0131,0.0131,0.0133,0.0129,0.367354665465781,0.370054996250955,0.365346837518774,0.376190697913824,-0.0093,-0.0103,-0.0122,-0.00940000000000001,0.0069,0.0074,0.00899999999999999,0.0103,-0.00182787208231017,0.00557235241244713,0.0283969377076061,-3.206119126411e-4,0.0059007722551645,0.0182105064124716,-0.00338868510570556,0.00878374613662669,-0.0142696850477598,-0.0111722070508792,-0.0174413452094195,-0.017989478783493,0.00274226107111094,0.003016238257364,0.00381644692892666,0.00289675371344028,0.0353386284807091,0.0353672445432266,0.0353410252635507,0.0353742283315206,-1.79346815815245,-1.77996936337297,-1.73901191063895,-1.58958638351116,0.0623316660253943,0.0598333754102498,-0.0491998412908345,0.112213646943526,-0.0887758317958192,-0.00111247721860888,0.0228764810811962,0.0278099722261621,0.0275240764021873,0.016063129529357,-5.03523973748088e-4,-0.028320100158453,0.496907353401184,0.499762058258057,0.508538961410522,0.504731476306915,0.97788373493479,1,0.999454787974575,0.940411465624568,0.97788373493479,1,0.999454787974575,0.910538551317744,-3.36973157307993,-3.35373626090469,-3.24974649495866,-3.19016173228815,0.0322738411156838,0.0332613224957683,0.0477107858365842,0.0267356621198185,0.143822267651558,0.166169598698616,0.239502787590027,0.195060208439827,0.0027979280513151,0.0016567548257687,0.00690244613954559,0.00696239147339451,-2.19535211267606,-2.47406360424028,-2.25202127659574,-2.56110320284697,8.07276646858504,7.5762908367625,7.9176618178294,7.62981444229914,25.0496292095221,21.7778689300937,28.0051654728726,22.4673776240436,0.00257118818492418,0.00275001522445888,-0.00100666165537898,0.00571260919288942,8.55731157136207e-4,5.57687418259074e-4,-0.00230168902939208,0.00540578521993222,0.00298812202087611,0.00316092388757957,6.23198111822326e-4,0.00790833244863181,-0.00249910744607089,-0.00301961796237463,-0.00246773179232191,-8.50314615268104e-4,-0.00228539727917985,-0.00284393444068759,-0.00148607860624401,-0.00206137424393501,-0.00483146622965017,-0.00656864016811423,-0.00389896527830198,-5.59786299629018e-4,-0.0262748850974386,-0.0323619893831511,-0.0457718400975684,-0.0199587814652558,0.00654853415843662,-0.00143190449133253,0.0138741018848026,0.0135680308770139,0.00585054525798631,0.00409273977753323,0.00696268080182212,0.00944450475873882,7.49205549215314e-4,9.92031673726525e-4,0.00151595537693168,8.83498943672484e-4,0.028264306585254192
